Student ID,Full Name,Arabic Name,Gender,Date of Birth,Nationality,ID Type,National ID,Iqama Number,Passport Number,Religion,Birth Place,Division,Grade,Section,Academic Year,Roll No.,Enrollment Type,Study Mode,Fee Category,Admission Date,Active,Father Name,Mother Name,Guardian Phone,Guardian Email,Address
,Emma Sheikh,إيما شيخ,Female,2019-01-20,Egypt,Iqama,,2950185630,,Muslim,Amman,AMERICAN,KG2,A,2024-25,001,Transfer,Regular Mode,Transfer,2022-09-01,Yes,Zayn Sheikh,Aisha Sheikh,+966597622849,emma.sheikh1@parent.com,"248 Al-Nuzha Street, Jeddah"
,Saanvi Habib,سانفي حبيب,Female,2020-07-14,Jordan,Iqama,,2898109456,,Muslim,Karachi,AMERICAN,Grade 1,A,2024-25,002,New Student,Regular Mode,New,2023-09-01,Yes,David Habib,Maya Habib,+966511039828,saanvi.habib2@parent.com,"149 Al-Nuzha Street, Jeddah"
,Ahmed Malik,أحمد مالك,Male,2019-09-06,Philippines,Passport,,,CN9382024,Non-Muslim,Khartoum,AMERICAN,Grade 2,A,2024-25,003,New Student,Regular Mode,New,2023-09-01,Yes,John Malik,Aisha Malik,+966556126866,ahmed.malik3@parent.com,"240 Al-Nuzha Street, Jeddah"
,Layla Al-Yamani,ليلى اليماني,Female,2018-09-25,Saudi Arabia,National ID,1519414127,,,Muslim,Buraidah,AMERICAN,Grade 3,A,2024-25,004,Regular (Continuing),Online Mode,Regular,2025-09-01,Yes,Naif Al-Yamani,Reem Al-Yamani,+966576975052,layla.alyamani4@parent.com,"155 Al-Nuzha Street, Jeddah"
,Yusuf Saleh,يوسف صالح,Male,2017-06-21,Philippines,Iqama,,2926885422,,Muslim,Cairo,AMERICAN,Grade 4,A,2024-25,005,Transfer,Online Mode,Transfer,2024-09-01,Yes,James Saleh,Saanvi Saleh,+966523642054,yusuf.saleh5@parent.com,"151 Al-Nuzha Street, Jeddah"
,Ghada Al-Sudais,غادة السديس,Female,2016-07-27,Saudi Arabia,National ID,1257714342,,,Muslim,Buraidah,AMERICAN,Grade 5,A,2024-25,006,Regular (Continuing),Online Mode,Regular,2025-09-01,Yes,Bandar Al-Sudais,Mariam Al-Sudais,+966576261912,ghada.alsudais6@parent.com,"100 Al-Nuzha Street, Jeddah"
,Riya Smith,ريا سميث,Female,2015-11-17,Syria,Passport,,,GB5476417,Muslim,Cairo,AMERICAN,Grade 6,A,2024-25,007,Regular (Continuing),Seasonal Mode,Regular,2022-09-01,Yes,Aryan Smith,Nayla Smith,+966562028038,riya.smith7@parent.com,"78 Al-Nuzha Street, Jeddah"
,Dana Al-Mutairi,دانا المطيري,Female,2014-09-04,Saudi Arabia,National ID,1498526321,,,Muslim,Riyadh,AMERICAN,Grade 7,A,2024-25,008,Regular (Continuing),Regular Mode,Regular,2023-09-01,Yes,Salman Al-Mutairi,Latifa Al-Mutairi,+966583316369,dana.almutairi8@parent.com,"182 Al-Nuzha Street, Jeddah"
,Naif Al-Mutairi,نايف المطيري,Male,2013-01-01,Saudi Arabia,National ID,1820811641,,,Non-Muslim,Khobar,AMERICAN,Grade 8,A,2024-25,009,New Student,Online Mode,New,2025-09-01,Yes,Yousef Al-Mutairi,Lama Al-Mutairi,+966553277730,naif.almutairi9@parent.com,"210 Al-Nuzha Street, Jeddah"
,Zain Kumar,زين كومار,Male,2012-09-10,Syria,Iqama,,2008649512,,Muslim,Mumbai,AMERICAN,Grade 9,A,2024-25,010,Transfer,Online Mode,Transfer,2023-09-01,Yes,Mustafa Kumar,Nayla Kumar,+966599171265,zain.kumar10@parent.com,"157 Al-Nuzha Street, Jeddah"
,Talal Al-Dosari,طلال الدوسري,Male,2011-11-22,Saudi Arabia,National ID,1953225943,,,Muslim,Khobar,AMERICAN,Grade 10,A,2024-25,011,New Student,Online Mode,New,2023-09-01,Yes,Ibrahim Al-Dosari,Manal Al-Dosari,+966537906454,talal.aldosari11@parent.com,"162 Al-Nuzha Street, Jeddah"
,Fahad Al-Harbi,فهد الحربي,Male,2010-05-24,Saudi Arabia,National ID,1182233091,,,Muslim,Madinah,AMERICAN,Grade 11,A,2024-25,012,Regular (Continuing),Online Mode,Regular,2024-09-01,Yes,Saud Al-Harbi,Maha Al-Harbi,+966572163274,fahad.alharbi12@parent.com,"294 Al-Nuzha Street, Jeddah"
,Rohan Kim,روهان كيم,Male,2009-11-07,Syria,Iqama,,2725642398,,Muslim,Damascus,AMERICAN,Grade 12,A,2024-25,013,New Student,Online Mode,New,2025-09-01,Yes,Adam Kim,Olivia Kim,+966532321502,rohan.kim13@parent.com,"147 Al-Nuzha Street, Jeddah"
,Layla Singh,ليلى سينغ,Female,2020-11-03,Jordan,Iqama,,2531725198,,Muslim,Manila,AMERICAN,KG1,A,2024-25,014,New Student,Regular Mode,New,2025-09-01,Yes,Kabir Singh,Fatima Singh,+966598054145,layla.singh14@parent.com,"300 Al-Nuzha Street, Jeddah"
,Bandar Al-Otaibi,بندر العتيبي,Male,2019-05-22,Saudi Arabia,National ID,1936136704,,,Muslim,Buraidah,AMERICAN,KG2,A,2024-25,015,Regular (Continuing),Regular Mode,Regular,2022-09-01,Yes,Talal Al-Otaibi,Lujain Al-Otaibi,+966542799349,bandar.alotaibi15@parent.com,"291 Al-Nuzha Street, Jeddah"
,Dalal Al-Otaibi,دلال العتيبي,Female,2020-03-08,Saudi Arabia,National ID,1552595277,,,Muslim,Madinah,AMERICAN,Grade 1,A,2024-25,016,Regular (Continuing),Seasonal Mode,Regular,2023-09-01,Yes,Raed Al-Otaibi,Lama Al-Otaibi,+966579631028,dalal.alotaibi16@parent.com,"154 Al-Nuzha Street, Jeddah"
,Olivia Siddiqui,أوليفيا صديقي,Female,2019-12-02,Bangladesh,Iqama,,2821783292,,Muslim,Jakarta,AMERICAN,Grade 2,A,2024-25,017,Regular (Continuing),Regular Mode,Regular,2023-09-01,Yes,Zayn Siddiqui,Saanvi Siddiqui,+966596969654,olivia.siddiqui17@parent.com,"5 Al-Nuzha Street, Jeddah"
,Khalid Al-Sudais,خالد السديس,Male,2018-04-21,Saudi Arabia,National ID,1665223592,,,Muslim,Dammam,AMERICAN,Grade 3,A,2024-25,018,Regular (Continuing),Seasonal Mode,Regular,2022-09-01,Yes,Ibrahim Al-Sudais,Jana Al-Sudais,+966522420570,khalid.alsudais18@parent.com,"55 Al-Nuzha Street, Jeddah"
,Hatim Al-Otaibi,حاتم العتيبي,Male,2017-06-14,Saudi Arabia,National ID,1566482768,,,Non-Muslim,Jeddah,AMERICAN,Grade 4,A,2024-25,019,Regular (Continuing),Seasonal Mode,Regular,2025-09-01,Yes,Saif Al-Otaibi,Ghada Al-Otaibi,+966502886291,hatim.alotaibi19@parent.com,"84 Al-Nuzha Street, Jeddah"
,Saanvi Siddiqui,سانفي صديقي,Female,2016-03-01,United States,Iqama,,2644620913,,Muslim,Khartoum,AMERICAN,Grade 5,A,2024-25,020,Regular (Continuing),Online Mode,Regular,2023-09-01,Yes,John Siddiqui,Saanvi Siddiqui,+966518053851,saanvi.siddiqui20@parent.com,"59 Al-Nuzha Street, Jeddah"
,Wafa Al-Shehri,وفاء الشهري,Female,2015-10-09,Saudi Arabia,National ID,1544381903,,,Muslim,Buraidah,AMERICAN,Grade 6,A,2024-25,021,New Student,Seasonal Mode,New,2025-09-01,Yes,Khalid Al-Shehri,Maha Al-Shehri,+966556996885,wafa.alshehri21@parent.com,"190 Al-Nuzha Street, Jeddah"
,Maya Siddiqui,مايا صديقي,Female,2014-05-12,Indonesia,Iqama,,2724164172,,Muslim,London,AMERICAN,Grade 7,A,2024-25,022,New Student,Online Mode,New,2023-09-01,Yes,Aryan Siddiqui,Aisha Siddiqui,+966560918751,maya.siddiqui22@parent.com,"263 Al-Nuzha Street, Jeddah"
,Anaya Gupta,أنايا جوبتا,Female,2013-10-11,United States,Iqama,,2797959374,,Muslim,New York,AMERICAN,Grade 8,A,2024-25,023,New Student,Online Mode,New,2023-09-01,Yes,Vihaan Gupta,Priya Gupta,+966537293388,anaya.gupta23@parent.com,"3 Al-Nuzha Street, Jeddah"
,Zayn Hussain,زين حسين,Male,2012-04-08,Philippines,Passport,,,MA7713103,Non-Muslim,Mumbai,AMERICAN,Grade 9,A,2024-25,024,Regular (Continuing),Seasonal Mode,Regular,2025-09-01,Yes,Aryan Hussain,Sophia Hussain,+966593236426,zayn.hussain24@parent.com,"127 Al-Nuzha Street, Jeddah"
,Zoe Wang,زوي وانج,Female,2011-06-10,Yemen,Iqama,,2963615624,,Muslim,Sanaa,AMERICAN,Grade 10,A,2024-25,025,New Student,Regular Mode,New,2022-09-01,Yes,Mustafa Wang,Hira Wang,+966536482029,zoe.wang25@parent.com,"263 Al-Nuzha Street, Jeddah"
,Salman Al-Sabah,سلمان الصباح,Male,2010-05-20,Saudi Arabia,National ID,1750627125,,,Muslim,Khobar,AMERICAN,Grade 11,A,2024-25,026,Transfer,Seasonal Mode,Transfer,2023-09-01,Yes,Ibrahim Al-Sabah,Salma Al-Sabah,+966590955593,salman.alsabah26@parent.com,"83 Al-Nuzha Street, Jeddah"
,Ali Al-Maliki,علي المالكي,Male,2009-01-21,Saudi Arabia,National ID,1059093009,,,Muslim,Riyadh,AMERICAN,Grade 12,A,2024-25,027,Regular (Continuing),Online Mode,Regular,2025-09-01,Yes,Salman Al-Maliki,Reema Al-Maliki,+966566515964,ali.almaliki27@parent.com,"3 Al-Nuzha Street, Jeddah"
,Diya Garcia,ديا جارسيا,Female,2020-02-17,Philippines,Iqama,,2871163682,,Non-Muslim,Cairo,AMERICAN,KG1,A,2024-25,028,New Student,Regular Mode,New,2023-09-01,Yes,Kabir Garcia,Nayla Garcia,+966589186424,diya.garcia28@parent.com,"226 Al-Nuzha Street, Jeddah"
,Sophia Saleh,سوفيا صالح,Female,2019-04-28,United Kingdom,Iqama,,2735811463,,Muslim,Mumbai,AMERICAN,KG2,A,2024-25,029,Regular (Continuing),Regular Mode,Regular,2025-09-01,Yes,David Saleh,Sophia Saleh,+966588087997,sophia.saleh29@parent.com,"275 Al-Nuzha Street, Jeddah"
,John Ibrahim,جون إبراهيم,Male,2020-11-27,Pakistan,Iqama,,2204853294,,Muslim,Jakarta,AMERICAN,Grade 1,A,2024-25,030,Regular (Continuing),Online Mode,Regular,2023-09-01,Yes,Faris Ibrahim,Anika Ibrahim,+966594075093,john.ibrahim30@parent.com,"163 Al-Nuzha Street, Jeddah"
,Kabir Shaikh,كبير شيخ,Male,2019-03-12,United States,Iqama,,2029193291,,Muslim,Damascus,AMERICAN,Grade 2,A,2024-25,031,Regular (Continuing),Online Mode,Regular,2022-09-01,Yes,Kabir Shaikh,Nour Shaikh,+966526554762,kabir.shaikh31@parent.com,"111 Al-Nuzha Street, Jeddah"
,Saud Al-Sulami,سعود السلمي,Male,2018-06-27,Saudi Arabia,National ID,1204969156,,,Muslim,Dammam,AMERICAN,Grade 3,A,2024-25,032,Transfer,Online Mode,Transfer,2024-09-01,Yes,Turki Al-Sulami,Dalal Al-Sulami,+966574406987,saud.alsulami32@parent.com,"235 Al-Nuzha Street, Jeddah"
,Layla Al-Ghamdi,ليلى الغامدي,Female,2017-08-27,Saudi Arabia,National ID,1967973383,,,Muslim,Dammam,AMERICAN,Grade 4,A,2024-25,033,Regular (Continuing),Regular Mode,Regular,2022-09-01,Yes,Omar Al-Ghamdi,Reema Al-Ghamdi,+966511331935,layla.alghamdi33@parent.com,"3 Al-Nuzha Street, Jeddah"
,Hatim Al-Ghamdi,حاتم الغامدي,Male,2016-02-27,Saudi Arabia,National ID,1715035822,,,Muslim,Tabuk,AMERICAN,Grade 5,A,2024-25,034,New Student,Regular Mode,New,2025-09-01,Yes,Hassan Al-Ghamdi,Dana Al-Ghamdi,+966571943471,hatim.alghamdi34@parent.com,"160 Al-Nuzha Street, Jeddah"
,Hira Ahmed,هيرا أحمد,Female,2015-12-18,United States,Iqama,,2877860228,,Muslim,Manila,AMERICAN,Grade 6,A,2024-25,035,New Student,Seasonal Mode,New,2023-09-01,Yes,Adam Ahmed,Nayla Ahmed,+966519790746,hira.ahmed35@parent.com,"228 Al-Nuzha Street, Jeddah"
,Shaden Al-Rashid,شادن الراشد,Female,2014-07-23,Saudi Arabia,National ID,1151791370,,,Muslim,Riyadh,AMERICAN,Grade 7,A,2024-25,036,Regular (Continuing),Online Mode,Regular,2024-09-01,Yes,Yousef Al-Rashid,Sara Al-Rashid,+966509701985,shaden.alrashid36@parent.com,"52 Al-Nuzha Street, Jeddah"
,Raghad Al-Harbi,رغد الحربي,Female,2013-01-01,Saudi Arabia,National ID,1801974130,,,Muslim,Madinah,AMERICAN,Grade 8,A,2024-25,037,Regular (Continuing),Online Mode,Regular,2024-09-01,Yes,Bandar Al-Harbi,Ghada Al-Harbi,+966579229358,raghad.alharbi37@parent.com,"73 Al-Nuzha Street, Jeddah"
,Ammar Al-Ghamdi,عمار الغامدي,Male,2012-03-18,Saudi Arabia,National ID,1526492258,,,Non-Muslim,Khobar,AMERICAN,Grade 9,A,2024-25,038,Regular (Continuing),Online Mode,Regular,2024-09-01,Yes,Hamad Al-Ghamdi,Wafa Al-Ghamdi,+966513215362,ammar.alghamdi38@parent.com,"142 Al-Nuzha Street, Jeddah"
,Shaden Al-Hussein,شادن الحسين,Female,2011-02-09,Saudi Arabia,National ID,1067457965,,,Muslim,Khobar,AMERICAN,Grade 10,A,2024-25,039,New Student,Online Mode,New,2024-09-01,Yes,Nawaf Al-Hussein,Maha Al-Hussein,+966568802157,shaden.alhussein39@parent.com,"121 Al-Nuzha Street, Jeddah"
,Ismail Siddiqui,إسماعيل صديقي,Male,2010-07-24,Pakistan,Iqama,,2645852299,,Muslim,Sanaa,AMERICAN,Grade 11,A,2024-25,040,New Student,Seasonal Mode,New,2022-09-01,Yes,Ayaan Siddiqui,Zoe Siddiqui,+966559235210,ismail.siddiqui40@parent.com,"89 Al-Nuzha Street, Jeddah"
,Ali Al-Zahrani,علي الزهراني,Male,2009-10-17,Saudi Arabia,National ID,1440931040,,,Muslim,Riyadh,AMERICAN,Grade 12,A,2024-25,041,Regular (Continuing),Online Mode,Regular,2022-09-01,Yes,Hatim Al-Zahrani,Hessa Al-Zahrani,+966504835153,ali.alzahrani41@parent.com,"163 Al-Nuzha Street, Jeddah"
,Talal Al-Ghamdi,طلال الغامدي,Male,2020-10-20,Saudi Arabia,National ID,1981085650,,,Muslim,Mecca,AMERICAN,KG1,A,2024-25,042,Regular (Continuing),Seasonal Mode,Regular,2024-09-01,Yes,Omar Al-Ghamdi,Dalal Al-Ghamdi,+966564774903,talal.alghamdi42@parent.com,"286 Al-Nuzha Street, Jeddah"
,Nayla Shaikh,نايلة شيخ,Female,2019-11-16,Sudan,Passport,,,MA8114299,Muslim,Dhaka,AMERICAN,KG2,A,2024-25,043,Regular (Continuing),Regular Mode,Regular,2023-09-01,Yes,Adam Shaikh,Khadija Shaikh,+966587177770,nayla.shaikh43@parent.com,"80 Al-Nuzha Street, Jeddah"
,Lujain Al-Rashid,لجين الراشد,Female,2020-04-22,Saudi Arabia,National ID,1823837986,,,Muslim,Dammam,AMERICAN,Grade 1,A,2024-25,044,Regular (Continuing),Online Mode,Regular,2022-09-01,Yes,Bandar Al-Rashid,Aljawhara Al-Rashid,+966576197880,lujain.alrashid44@parent.com,"235 Al-Nuzha Street, Jeddah"
,Aljawhara Al-Rashid,الجوهرة الراشد,Female,2019-11-20,Saudi Arabia,National ID,1289245827,,,Muslim,Buraidah,AMERICAN,Grade 2,A,2024-25,045,New Student,Online Mode,New,2025-09-01,Yes,Hamad Al-Rashid,Reema Al-Rashid,+966518121437,aljawhara.alrashid45@parent.com,"190 Al-Nuzha Street, Jeddah"
,Salma Al-Tamimi,سلمى التميمي,Female,2018-12-28,Saudi Arabia,National ID,1825778584,,,Muslim,Riyadh,AMERICAN,Grade 3,A,2024-25,046,New Student,Seasonal Mode,New,2024-09-01,Yes,Hassan Al-Tamimi,Sara Al-Tamimi,+966540108978,salma.altamimi46@parent.com,"290 Al-Nuzha Street, Jeddah"
,Hassan Singh,حسن سينغ,Male,2017-04-23,Bangladesh,Iqama,,2694002419,,Muslim,Jakarta,AMERICAN,Grade 4,A,2024-25,047,Regular (Continuing),Regular Mode,Regular,2023-09-01,Yes,Bilal Singh,Mehek Singh,+966571490738,hassan.singh47@parent.com,"168 Al-Nuzha Street, Jeddah"
,Reem Al-Fayez,ريم الفايز,Female,2016-03-09,Saudi Arabia,National ID,1933912983,,,Muslim,Abha,AMERICAN,Grade 5,A,2024-25,048,New Student,Online Mode,New,2024-09-01,Yes,Abdullah Al-Fayez,Ghada Al-Fayez,+966504049720,reem.alfayez48@parent.com,"17 Al-Nuzha Street, Jeddah"
,Salma Al-Sudais,سلمى السديس,Female,2015-07-28,Saudi Arabia,National ID,1304024677,,,Muslim,Jeddah,AMERICAN,Grade 6,A,2024-25,049,Regular (Continuing),Seasonal Mode,Regular,2023-09-01,Yes,Ibrahim Al-Sudais,Norah Al-Sudais,+966577789690,salma.alsudais49@parent.com,"171 Al-Nuzha Street, Jeddah"
,Khadija Habib,خديجة حبيب,Female,2014-10-14,Syria,Passport,,,BM0274938,Muslim,Sanaa,AMERICAN,Grade 7,A,2024-25,050,Regular (Continuing),Seasonal Mode,Regular,2025-09-01,Yes,Junaid Habib,Anaya Habib,+966506405150,khadija.habib50@parent.com,"183 Al-Nuzha Street, Jeddah"
,Saud Al-Qahtani,سعود القحطاني,Male,2013-05-13,Saudi Arabia,National ID,1364873499,,,Muslim,Khobar,AMERICAN,Grade 8,A,2024-25,051,Regular (Continuing),Seasonal Mode,Regular,2022-09-01,Yes,Yazeed Al-Qahtani,Lujain Al-Qahtani,+966534089878,saud.alqahtani51@parent.com,"250 Al-Nuzha Street, Jeddah"
,Nayla Ahmed,نايلة أحمد,Female,2012-08-06,Sudan,Iqama,,2237015599,,Muslim,Karachi,AMERICAN,Grade 9,A,2024-25,052,Regular (Continuing),Seasonal Mode,Regular,2025-09-01,Yes,David Ahmed,Nour Ahmed,+966513964836,nayla.ahmed52@parent.com,"66 Al-Nuzha Street, Jeddah"
,Zain Ali,زين علي,Male,2011-01-20,Yemen,Passport,,,MG8936049,Muslim,Amman,AMERICAN,Grade 10,A,2024-25,053,Regular (Continuing),Regular Mode,Regular,2025-09-01,Yes,Rohan Ali,Diya Ali,+966517173353,zain.ali53@parent.com,"250 Al-Nuzha Street, Jeddah"
,Mohammed Al-Hashemi,محمد الهاشمي,Male,2010-02-22,Saudi Arabia,National ID,1424201025,,,Muslim,Tabuk,AMERICAN,Grade 11,A,2024-25,054,Transfer,Regular Mode,Transfer,2022-09-01,Yes,Yousef Al-Hashemi,Lujain Al-Hashemi,+966555281588,mohammed.alhashemi54@parent.com,"19 Al-Nuzha Street, Jeddah"
,Dana Al-Fayez,دانا الفايز,Female,2009-04-01,Saudi Arabia,National ID,1889437533,,,Muslim,Mecca,AMERICAN,Grade 12,A,2024-25,055,Transfer,Seasonal Mode,Transfer,2024-09-01,Yes,Anas Al-Fayez,Manal Al-Fayez,+966592703768,dana.alfayez55@parent.com,"216 Al-Nuzha Street, Jeddah"
,Faisal Al-Zahrani,فيصل الزهراني,Male,2020-12-13,Saudi Arabia,National ID,1640435194,,,Non-Muslim,Dammam,AMERICAN,KG1,A,2024-25,056,New Student,Online Mode,New,2023-09-01,Yes,Mohammed Al-Zahrani,Dana Al-Zahrani,+966569843091,faisal.alzahrani56@parent.com,"133 Al-Nuzha Street, Jeddah"
,Raghad Al-Otaibi,رغد العتيبي,Female,2019-06-28,Saudi Arabia,National ID,1480240252,,,Non-Muslim,Abha,AMERICAN,KG2,A,2024-25,057,Regular (Continuing),Online Mode,Regular,2023-09-01,Yes,Abdullah Al-Otaibi,Aisha Al-Otaibi,+966527029992,raghad.alotaibi57@parent.com,"91 Al-Nuzha Street, Jeddah"
,Fatima Al-Hashemi,فاطمة الهاشمي,Female,2020-09-12,Saudi Arabia,National ID,1617116902,,,Muslim,Dammam,AMERICAN,Grade 1,A,2024-25,058,Regular (Continuing),Regular Mode,Regular,2022-09-01,Yes,Talal Al-Hashemi,Lujain Al-Hashemi,+966533738253,fatima.alhashemi58@parent.com,"246 Al-Nuzha Street, Jeddah"
,Tala Al-Tamimi,تالا التميمي,Female,2019-03-27,Saudi Arabia,National ID,1173333586,,,Muslim,Riyadh,AMERICAN,Grade 2,A,2024-25,059,Transfer,Online Mode,Transfer,2025-09-01,Yes,Hamad Al-Tamimi,Wafa Al-Tamimi,+966561992775,tala.altamimi59@parent.com,"169 Al-Nuzha Street, Jeddah"
,Reema Al-Yamani,ريما اليماني,Female,2018-04-03,Saudi Arabia,National ID,1820633565,,,Non-Muslim,Madinah,AMERICAN,Grade 3,A,2024-25,060,New Student,Regular Mode,New,2022-09-01,Yes,Ammar Al-Yamani,Renad Al-Yamani,+966595852958,reema.alyamani60@parent.com,"20 Al-Nuzha Street, Jeddah"
,David Garcia,ديفيد جارسيا,Male,2017-09-20,Philippines,Iqama,,2252224618,,Non-Muslim,Cairo,AMERICAN,Grade 4,A,2024-25,061,Regular (Continuing),Regular Mode,Regular,2025-09-01,Yes,Hassan Garcia,Hira Garcia,+966515145529,david.garcia61@parent.com,"114 Al-Nuzha Street, Jeddah"
,Nayla Garcia,نايلة جارسيا,Female,2016-09-24,Egypt,Passport,,,LH9070867,Muslim,Dhaka,AMERICAN,Grade 5,A,2024-25,062,Regular (Continuing),Regular Mode,Regular,2023-09-01,Yes,Hamza Garcia,Anaya Garcia,+966541040962,nayla.garcia62@parent.com,"243 Al-Nuzha Street, Jeddah"
,Saif Al-Mutairi,سيف المطيري,Male,2015-02-07,Saudi Arabia,National ID,1812914451,,,Muslim,Riyadh,AMERICAN,Grade 6,A,2024-25,063,Transfer,Regular Mode,Transfer,2025-09-01,Yes,Bandar Al-Mutairi,Joud Al-Mutairi,+966567230410,saif.almutairi63@parent.com,"4 Al-Nuzha Street, Jeddah"
,Rohan Reddy,روهان ريدي,Male,2014-01-14,Pakistan,Iqama,,2579663225,,Muslim,Sanaa,AMERICAN,Grade 7,A,2024-25,064,New Student,Regular Mode,New,2024-09-01,Yes,David Reddy,Maya Reddy,+966535699766,rohan.reddy64@parent.com,"268 Al-Nuzha Street, Jeddah"
,Norah Al-Maliki,نورة المالكي,Female,2013-05-26,Saudi Arabia,National ID,1362264438,,,Muslim,Dammam,AMERICAN,Grade 8,A,2024-25,065,New Student,Regular Mode,New,2024-09-01,Yes,Nawaf Al-Maliki,Latifa Al-Maliki,+966582873204,norah.almaliki65@parent.com,"24 Al-Nuzha Street, Jeddah"
,Talal Al-Sabah,طلال الصباح,Male,2012-10-26,Saudi Arabia,National ID,1126676904,,,Muslim,Jeddah,AMERICAN,Grade 9,A,2024-25,066,New Student,Online Mode,New,2022-09-01,Yes,Saud Al-Sabah,Dalal Al-Sabah,+966566416524,talal.alsabah66@parent.com,"175 Al-Nuzha Street, Jeddah"
,Faris Kumar,فارس كومار,Male,2011-11-27,Philippines,Iqama,,2878639599,,Muslim,Manila,AMERICAN,Grade 10,A,2024-25,067,New Student,Regular Mode,New,2023-09-01,Yes,Ahmed Kumar,Sana Kumar,+966592536415,faris.kumar67@parent.com,"53 Al-Nuzha Street, Jeddah"
,John Shaikh,جون شيخ,Male,2010-10-17,India,Iqama,,2129914502,,Muslim,Cairo,AMERICAN,Grade 11,A,2024-25,068,New Student,Online Mode,New,2022-09-01,Yes,David Shaikh,Khadija Shaikh,+966528124727,john.shaikh68@parent.com,"248 Al-Nuzha Street, Jeddah"
,Maha Al-Shehri,مها الشهري,Female,2009-07-06,Saudi Arabia,National ID,1812760048,,,Non-Muslim,Khobar,AMERICAN,Grade 12,A,2024-25,069,Regular (Continuing),Seasonal Mode,Regular,2024-09-01,Yes,Hamad Al-Shehri,Raghad Al-Shehri,+966534178454,maha.alshehri69@parent.com,"112 Al-Nuzha Street, Jeddah"
,Adam Sharma,آدم شارما,Male,2020-11-21,Philippines,Iqama,,2884760790,,Muslim,Amman,AMERICAN,KG1,A,2024-25,070,New Student,Online Mode,New,2022-09-01,Yes,James Sharma,Layla Sharma,+966541854469,adam.sharma70@parent.com,"147 Al-Nuzha Street, Jeddah"
,Nour Mahmood,نور محمود,Female,2019-04-02,Syria,Iqama,,2579072607,,Non-Muslim,Sanaa,AMERICAN,KG2,A,2024-25,071,Transfer,Regular Mode,Transfer,2025-09-01,Yes,Faris Mahmood,Emma Mahmood,+966523946687,nour.mahmood71@parent.com,"294 Al-Nuzha Street, Jeddah"
,Majed Al-Fayez,ماجد الفايز,Male,2020-07-26,Saudi Arabia,National ID,1900845442,,,Muslim,Madinah,AMERICAN,Grade 1,A,2024-25,072,Regular (Continuing),Regular Mode,Regular,2022-09-01,Yes,Abdullah Al-Fayez,Lujain Al-Fayez,+966532936593,majed.alfayez72@parent.com,"176 Al-Nuzha Street, Jeddah"
,Hatim Al-Sabah,حاتم الصباح,Male,2019-09-15,Saudi Arabia,National ID,1729068680,,,Non-Muslim,Mecca,AMERICAN,Grade 2,A,2024-25,073,Regular (Continuing),Regular Mode,Regular,2022-09-01,Yes,Saif Al-Sabah,Lama Al-Sabah,+966577007925,hatim.alsabah73@parent.com,"112 Al-Nuzha Street, Jeddah"
,Majed Al-Sudais,ماجد السديس,Male,2018-11-04,Saudi Arabia,National ID,1155733213,,,Non-Muslim,Dammam,AMERICAN,Grade 3,A,2024-25,074,New Student,Seasonal Mode,New,2022-09-01,Yes,Yazeed Al-Sudais,Noura Al-Sudais,+966530130909,majed.alsudais74@parent.com,"300 Al-Nuzha Street, Jeddah"
,Hassan Al-Zahrani,حسن الزهراني,Male,2017-11-18,Saudi Arabia,National ID,1355396397,,,Non-Muslim,Khobar,AMERICAN,Grade 4,A,2024-25,075,New Student,Online Mode,New,2022-09-01,Yes,Naif Al-Zahrani,Sara Al-Zahrani,+966577377203,hassan.alzahrani75@parent.com,"149 Al-Nuzha Street, Jeddah"
,Ammar Al-Anazi,عمار العنزي,Male,2016-08-01,Saudi Arabia,National ID,1931630146,,,Non-Muslim,Khobar,AMERICAN,Grade 5,A,2024-25,076,Regular (Continuing),Regular Mode,Regular,2023-09-01,Yes,Saif Al-Anazi,Dalal Al-Anazi,+966511279369,ammar.alanazi76@parent.com,"174 Al-Nuzha Street, Jeddah"
,Manal Al-Qahtani,منال القحطاني,Female,2015-04-11,Saudi Arabia,National ID,1233415530,,,Muslim,Mecca,AMERICAN,Grade 6,A,2024-25,077,New Student,Online Mode,New,2025-09-01,Yes,Bandar Al-Qahtani,Reema Al-Qahtani,+966584811347,manal.alqahtani77@parent.com,"208 Al-Nuzha Street, Jeddah"
,Talha Brown,طلحة براون,Male,2014-09-15,Yemen,Iqama,,2947927731,,Muslim,London,AMERICAN,Grade 7,A,2024-25,078,New Student,Regular Mode,New,2022-09-01,Yes,Junaid Brown,Aliya Brown,+966561044144,talha.brown78@parent.com,"265 Al-Nuzha Street, Jeddah"
,Bader Al-Rashid,بدر الراشد,Male,2013-12-09,Saudi Arabia,National ID,1872738110,,,Muslim,Mecca,AMERICAN,Grade 8,A,2024-25,079,Transfer,Online Mode,Transfer,2022-09-01,Yes,Yousef Al-Rashid,Wafa Al-Rashid,+966522057102,bader.alrashid79@parent.com,"179 Al-Nuzha Street, Jeddah"
,Tala Al-Anazi,تالا العنزي,Female,2012-03-15,Saudi Arabia,National ID,1805573185,,,Muslim,Buraidah,AMERICAN,Grade 9,A,2024-25,080,Regular (Continuing),Online Mode,Regular,2022-09-01,Yes,Hassan Al-Anazi,Sara Al-Anazi,+966591451338,tala.alanazi80@parent.com,"253 Al-Nuzha Street, Jeddah"
,Mariam Kumar,مريم كومار,Female,2011-05-13,Jordan,Iqama,,2913385047,,Muslim,Dhaka,AMERICAN,Grade 10,A,2024-25,081,New Student,Seasonal Mode,New,2022-09-01,Yes,Vihaan Kumar,Sophia Kumar,+966550738700,mariam.kumar81@parent.com,"252 Al-Nuzha Street, Jeddah"
,Nawaf Al-Anazi,نواف العنزي,Male,2010-01-03,Saudi Arabia,National ID,1357845429,,,Muslim,Buraidah,AMERICAN,Grade 11,A,2024-25,082,New Student,Online Mode,New,2024-09-01,Yes,Majed Al-Anazi,Tala Al-Anazi,+966558073752,nawaf.alanazi82@parent.com,"11 Al-Nuzha Street, Jeddah"
,Salman Al-Sulami,سلمان السلمي,Male,2009-01-21,Saudi Arabia,National ID,1180716895,,,Muslim,Madinah,AMERICAN,Grade 12,A,2024-25,083,Regular (Continuing),Seasonal Mode,Regular,2025-09-01,Yes,Mohammed Al-Sulami,Ghada Al-Sulami,+966512061495,salman.alsulami83@parent.com,"270 Al-Nuzha Street, Jeddah"
,Norah Al-Zahrani,نورة الزهراني,Female,2020-12-07,Saudi Arabia,National ID,1922057854,,,Muslim,Tabuk,AMERICAN,KG1,A,2024-25,084,Regular (Continuing),Regular Mode,Regular,2023-09-01,Yes,Talal Al-Zahrani,Lujain Al-Zahrani,+966506645429,norah.alzahrani84@parent.com,"221 Al-Nuzha Street, Jeddah"
,Faris Singh,فارس سينغ,Male,2019-08-17,Pakistan,Passport,,,GG7044511,Muslim,London,AMERICAN,KG2,A,2024-25,085,Regular (Continuing),Seasonal Mode,Regular,2025-09-01,Yes,Faris Singh,Fatima Singh,+966578074198,faris.singh85@parent.com,"157 Al-Nuzha Street, Jeddah"
,Olivia Reddy,أوليفيا ريدي,Female,2020-10-13,Philippines,Iqama,,2913393180,,Muslim,Jakarta,AMERICAN,Grade 1,A,2024-25,086,New Student,Online Mode,New,2022-09-01,Yes,David Reddy,Layla Reddy,+966564206064,olivia.reddy86@parent.com,"293 Al-Nuzha Street, Jeddah"
,Hessa Al-Qahtani,حصة القحطاني,Female,2019-05-05,Saudi Arabia,National ID,1737044101,,,Muslim,Khobar,AMERICAN,Grade 2,A,2024-25,087,New Student,Regular Mode,New,2024-09-01,Yes,Bader Al-Qahtani,Latifa Al-Qahtani,+966569803419,hessa.alqahtani87@parent.com,"286 Al-Nuzha Street, Jeddah"
,Sultan Al-Fayez,سلطان الفايز,Male,2018-08-13,Saudi Arabia,National ID,1567884381,,,Muslim,Madinah,AMERICAN,Grade 3,A,2024-25,088,Transfer,Seasonal Mode,Transfer,2025-09-01,Yes,Abdullah Al-Fayez,Joud Al-Fayez,+966597842259,sultan.alfayez88@parent.com,"260 Al-Nuzha Street, Jeddah"
,Zoe Kumar,زوي كومار,Female,2017-01-22,Pakistan,Iqama,,2926907845,,Muslim,Khartoum,AMERICAN,Grade 4,A,2024-25,089,New Student,Seasonal Mode,New,2022-09-01,Yes,Michael Kumar,Mariam Kumar,+966557141751,zoe.kumar89@parent.com,"289 Al-Nuzha Street, Jeddah"
,Zayn Chen,زين تشين,Male,2016-12-05,United States,Passport,,,JE1873795,Muslim,Khartoum,AMERICAN,Grade 5,A,2024-25,090,Regular (Continuing),Seasonal Mode,Regular,2022-09-01,Yes,Faris Chen,Zoe Chen,+966585262249,zayn.chen90@parent.com,"130 Al-Nuzha Street, Jeddah"
,Mohammed Al-Fayez,محمد الفايز,Male,2015-01-23,Saudi Arabia,National ID,1577967289,,,Muslim,Khobar,AMERICAN,Grade 6,A,2024-25,091,Regular (Continuing),Regular Mode,Regular,2023-09-01,Yes,Yazeed Al-Fayez,Norah Al-Fayez,+966542335671,mohammed.alfayez91@parent.com,"172 Al-Nuzha Street, Jeddah"
,Raghad Al-Yamani,رغد اليماني,Female,2014-04-11,Saudi Arabia,National ID,1824996033,,,Muslim,Buraidah,AMERICAN,Grade 7,A,2024-25,092,Regular (Continuing),Seasonal Mode,Regular,2022-09-01,Yes,Anas Al-Yamani,Lama Al-Yamani,+966563760308,raghad.alyamani92@parent.com,"7 Al-Nuzha Street, Jeddah"
,Aliya Garcia,عالية جارسيا,Female,2013-07-10,Jordan,Iqama,,2398426520,,Muslim,Dhaka,AMERICAN,Grade 8,A,2024-25,093,Regular (Continuing),Regular Mode,Regular,2025-09-01,Yes,Tariq Garcia,Hira Garcia,+966543144153,aliya.garcia93@parent.com,"22 Al-Nuzha Street, Jeddah"
,Hamza Kumar,حمزة كومار,Male,2012-10-04,United States,Passport,,,KM9258692,Muslim,Mumbai,AMERICAN,Grade 9,A,2024-25,094,New Student,Regular Mode,New,2025-09-01,Yes,Hamza Kumar,Nayla Kumar,+966586027020,hamza.kumar94@parent.com,"38 Al-Nuzha Street, Jeddah"
,Shaden Al-Qahtani,شادن القحطاني,Female,2011-10-10,Saudi Arabia,National ID,1887145732,,,Muslim,Tabuk,AMERICAN,Grade 10,A,2024-25,095,Regular (Continuing),Online Mode,Regular,2022-09-01,Yes,Saif Al-Qahtani,Reema Al-Qahtani,+966535092313,shaden.alqahtani95@parent.com,"246 Al-Nuzha Street, Jeddah"
,Zain Hassan,زين حسن,Male,2010-04-07,United Kingdom,Iqama,,2154888127,,Non-Muslim,Amman,AMERICAN,Grade 11,A,2024-25,096,Regular (Continuing),Online Mode,Regular,2023-09-01,Yes,John Hassan,Aliya Hassan,+966594433896,zain.hassan96@parent.com,"280 Al-Nuzha Street, Jeddah"
,Amal Al-Tamimi,أمل التميمي,Female,2009-12-03,Saudi Arabia,National ID,1884775402,,,Muslim,Dammam,AMERICAN,Grade 12,A,2024-25,097,New Student,Online Mode,New,2024-09-01,Yes,Anas Al-Tamimi,Salma Al-Tamimi,+966592810525,amal.altamimi97@parent.com,"286 Al-Nuzha Street, Jeddah"
,Omar Al-Tamimi,عمر التميمي,Male,2020-02-03,Saudi Arabia,National ID,1512199821,,,Muslim,Mecca,AMERICAN,KG1,A,2024-25,098,Regular (Continuing),Online Mode,Regular,2022-09-01,Yes,Ali Al-Tamimi,Maha Al-Tamimi,+966559835044,omar.altamimi98@parent.com,"268 Al-Nuzha Street, Jeddah"
,Renad Al-Mutairi,رناد المطيري,Female,2019-05-22,Saudi Arabia,National ID,1805653497,,,Muslim,Madinah,AMERICAN,KG2,A,2024-25,099,Regular (Continuing),Online Mode,Regular,2025-09-01,Yes,Hassan Al-Mutairi,Layla Al-Mutairi,+966508341588,renad.almutairi99@parent.com,"259 Al-Nuzha Street, Jeddah"
,Fatima Al-Anazi,فاطمة العنزي,Female,2020-06-26,Saudi Arabia,National ID,1353326220,,,Muslim,Jeddah,AMERICAN,Grade 1,A,2024-25,100,Regular (Continuing),Regular Mode,Regular,2025-09-01,Yes,Anas Al-Anazi,Reem Al-Anazi,+966503714812,fatima.alanazi100@parent.com,"162 Al-Nuzha Street, Jeddah"
,Yusuf Brown,يوسف براون,Male,2019-03-01,Yemen,Iqama,,2950782093,,Non-Muslim,London,AMERICAN,Grade 2,A,2024-25,101,New Student,Online Mode,New,2022-09-01,Yes,Michael Brown,Sofia Brown,+966564063785,yusuf.brown101@parent.com,"123 Al-Nuzha Street, Jeddah"
,Priya Ali,بريا علي,Female,2018-11-20,India,Iqama,,2524282070,,Muslim,Dhaka,AMERICAN,Grade 3,A,2024-25,102,New Student,Seasonal Mode,New,2022-09-01,Yes,David Ali,Anaya Ali,+966588658324,priya.ali102@parent.com,"45 Al-Nuzha Street, Jeddah"
,Anas Al-Hashemi,أنس الهاشمي,Male,2017-04-22,Saudi Arabia,National ID,1490011631,,,Non-Muslim,Abha,AMERICAN,Grade 4,A,2024-25,103,New Student,Seasonal Mode,New,2023-09-01,Yes,Hatim Al-Hashemi,Aisha Al-Hashemi,+966522968740,anas.alhashemi103@parent.com,"163 Al-Nuzha Street, Jeddah"
,Hassan Al-Rashid,حسن الراشد,Male,2016-09-08,Saudi Arabia,National ID,1005385693,,,Muslim,Jeddah,AMERICAN,Grade 5,A,2024-25,104,New Student,Regular Mode,New,2025-09-01,Yes,Mohammed Al-Rashid,Fatima Al-Rashid,+966517770859,hassan.alrashid104@parent.com,"131 Al-Nuzha Street, Jeddah"
,Raed Al-Otaibi,رائد العتيبي,Male,2015-06-15,Saudi Arabia,National ID,1865615935,,,Muslim,Mecca,AMERICAN,Grade 6,A,2024-25,105,Transfer,Seasonal Mode,Transfer,2024-09-01,Yes,Hassan Al-Otaibi,Latifa Al-Otaibi,+966565695989,raed.alotaibi105@parent.com,"238 Al-Nuzha Street, Jeddah"
,Latifa Al-Fayez,لطيفة الفايز,Female,2014-11-14,Saudi Arabia,National ID,1020831441,,,Non-Muslim,Jeddah,AMERICAN,Grade 7,A,2024-25,106,Regular (Continuing),Regular Mode,Regular,2025-09-01,Yes,Bader Al-Fayez,Noura Al-Fayez,+966572909637,latifa.alfayez106@parent.com,"42 Al-Nuzha Street, Jeddah"
,Lama Al-Tamimi,لمى التميمي,Female,2013-05-18,Saudi Arabia,National ID,1886674055,,,Muslim,Mecca,AMERICAN,Grade 8,A,2024-25,107,Regular (Continuing),Seasonal Mode,Regular,2025-09-01,Yes,Yazeed Al-Tamimi,Wafa Al-Tamimi,+966519998498,lama.altamimi107@parent.com,"285 Al-Nuzha Street, Jeddah"
,Riya Singh,ريا سينغ,Female,2012-02-15,India,Iqama,,2808858342,,Muslim,New York,AMERICAN,Grade 9,A,2024-25,108,New Student,Online Mode,New,2024-09-01,Yes,Vihaan Singh,Anvi Singh,+966578659513,riya.singh108@parent.com,"73 Al-Nuzha Street, Jeddah"
,John Gupta,جون جوبتا,Male,2011-01-11,Indonesia,Iqama,,2542313676,,Muslim,Damascus,AMERICAN,Grade 10,A,2024-25,109,Regular (Continuing),Regular Mode,Regular,2022-09-01,Yes,Daniel Gupta,Sofia Gupta,+966525746064,john.gupta109@parent.com,"101 Al-Nuzha Street, Jeddah"
,Jana Al-Shehri,جنى الشهري,Female,2010-10-15,Saudi Arabia,National ID,1403233519,,,Muslim,Tabuk,AMERICAN,Grade 11,A,2024-25,110,Transfer,Regular Mode,Transfer,2023-09-01,Yes,Raed Al-Shehri,Lama Al-Shehri,+966556072945,jana.alshehri110@parent.com,"27 Al-Nuzha Street, Jeddah"
,Layla Al-Hashemi,ليلى الهاشمي,Female,2009-02-11,Saudi Arabia,National ID,1991195057,,,Muslim,Madinah,AMERICAN,Grade 12,A,2024-25,111,Regular (Continuing),Online Mode,Regular,2023-09-01,Yes,Saif Al-Hashemi,Reem Al-Hashemi,+966542521271,layla.alhashemi111@parent.com,"84 Al-Nuzha Street, Jeddah"
,Reem Al-Hashemi,ريم الهاشمي,Female,2020-10-15,Saudi Arabia,National ID,1733636069,,,Muslim,Khobar,AMERICAN,KG1,A,2024-25,112,Transfer,Online Mode,Transfer,2024-09-01,Yes,Turki Al-Hashemi,Aljawhara Al-Hashemi,+966566514930,reem.alhashemi112@parent.com,"96 Al-Nuzha Street, Jeddah"
,Anvi Habib,أنفي حبيب,Female,2019-12-04,Sudan,Passport,,,JJ1094615,Muslim,Khartoum,AMERICAN,KG2,A,2024-25,113,Transfer,Regular Mode,Transfer,2023-09-01,Yes,Adam Habib,Nour Habib,+966575935252,anvi.habib113@parent.com,"117 Al-Nuzha Street, Jeddah"
,Hamad Al-Sabah,حمد الصباح,Male,2020-06-17,Saudi Arabia,National ID,1639159328,,,Non-Muslim,Dammam,AMERICAN,Grade 1,A,2024-25,114,Regular (Continuing),Seasonal Mode,Regular,2022-09-01,Yes,Omar Al-Sabah,Norah Al-Sabah,+966586744990,hamad.alsabah114@parent.com,"237 Al-Nuzha Street, Jeddah"
,Shaden Al-Harbi,شادن الحربي,Female,2019-07-01,Saudi Arabia,National ID,1582619135,,,Muslim,Buraidah,AMERICAN,Grade 2,A,2024-25,115,New Student,Online Mode,New,2023-09-01,Yes,Omar Al-Harbi,Raghad Al-Harbi,+966537608033,shaden.alharbi115@parent.com,"29 Al-Nuzha Street, Jeddah"
,Bader Al-Saud,بدر آل سعود,Male,2018-01-12,Saudi Arabia,National ID,1768344361,,,Non-Muslim,Abha,AMERICAN,Grade 3,A,2024-25,116,Regular (Continuing),Seasonal Mode,Regular,2022-09-01,Yes,Majed Al-Saud,Wafa Al-Saud,+966519532994,bader.alsaud116@parent.com,"34 Al-Nuzha Street, Jeddah"
,Ghada Al-Saud,غادة آل سعود,Female,2017-01-27,Saudi Arabia,National ID,1736066803,,,Muslim,Buraidah,AMERICAN,Grade 4,A,2024-25,117,Regular (Continuing),Regular Mode,Regular,2025-09-01,Yes,Yousef Al-Saud,Joud Al-Saud,+966527813290,ghada.alsaud117@parent.com,"13 Al-Nuzha Street, Jeddah"
,Riya Malik,ريا مالك,Female,2016-11-24,United States,Passport,,,NL0977983,Muslim,Amman,AMERICAN,Grade 5,A,2024-25,118,New Student,Seasonal Mode,New,2022-09-01,Yes,Kabir Malik,Mehek Malik,+966504084773,riya.malik118@parent.com,"102 Al-Nuzha Street, Jeddah"
,Hira Chen,هيرا تشين,Female,2015-09-17,Syria,Iqama,,2006667884,,Muslim,London,AMERICAN,Grade 6,A,2024-25,119,Regular (Continuing),Seasonal Mode,Regular,2025-09-01,Yes,Mustafa Chen,Priya Chen,+966566872948,hira.chen119@parent.com,"175 Al-Nuzha Street, Jeddah"
,Abdullah Al-Tamimi,عبدالله التميمي,Male,2014-12-25,Saudi Arabia,National ID,1764818336,,,Muslim,Buraidah,AMERICAN,Grade 7,A,2024-25,120,Regular (Continuing),Online Mode,Regular,2024-09-01,Yes,Raed Al-Tamimi,Lujain Al-Tamimi,+966579203861,abdullah.altamimi120@parent.com,"13 Al-Nuzha Street, Jeddah"
,Priya Smith,بريا سميث,Female,2013-09-15,India,Iqama,,2595139333,,Muslim,Karachi,AMERICAN,Grade 8,A,2024-25,121,Regular (Continuing),Seasonal Mode,Regular,2022-09-01,Yes,Adam Smith,Fatima Smith,+966585581907,priya.smith121@parent.com,"219 Al-Nuzha Street, Jeddah"
,Zainab Smith,زينب سميث,Female,2012-10-20,Sudan,Passport,,,AM9031234,Non-Muslim,Karachi,AMERICAN,Grade 9,A,2024-25,122,Regular (Continuing),Online Mode,Regular,2025-09-01,Yes,John Smith,Priya Smith,+966531155653,zainab.smith122@parent.com,"112 Al-Nuzha Street, Jeddah"
,Aisha Al-Otaibi,عائشة العتيبي,Female,2011-01-21,Saudi Arabia,National ID,1033025351,,,Muslim,Mecca,AMERICAN,Grade 10,A,2024-25,123,Transfer,Regular Mode,Transfer,2025-09-01,Yes,Khalid Al-Otaibi,Maha Al-Otaibi,+966578381248,aisha.alotaibi123@parent.com,"254 Al-Nuzha Street, Jeddah"
,Hassan Al-Zahrani,حسن الزهراني,Male,2010-07-07,Saudi Arabia,National ID,1131178413,,,Muslim,Khobar,AMERICAN,Grade 11,A,2024-25,124,Transfer,Seasonal Mode,Transfer,2025-09-01,Yes,Bader Al-Zahrani,Dana Al-Zahrani,+966597857183,hassan.alzahrani124@parent.com,"154 Al-Nuzha Street, Jeddah"
,Fahad Al-Sudais,فهد السديس,Male,2009-10-04,Saudi Arabia,National ID,1009828327,,,Muslim,Abha,AMERICAN,Grade 12,A,2024-25,125,New Student,Seasonal Mode,New,2025-09-01,Yes,Majed Al-Sudais,Hanan Al-Sudais,+966532160366,fahad.alsudais125@parent.com,"99 Al-Nuzha Street, Jeddah"
,Reem Al-Sabah,ريم الصباح,Female,2020-01-27,Saudi Arabia,National ID,1120755038,,,Muslim,Buraidah,AMERICAN,KG1,A,2024-25,126,Regular (Continuing),Regular Mode,Regular,2025-09-01,Yes,Khalid Al-Sabah,Shaden Al-Sabah,+966564606331,reem.alsabah126@parent.com,"148 Al-Nuzha Street, Jeddah"
,Talal Al-Fayez,طلال الفايز,Male,2019-09-08,Saudi Arabia,National ID,1405248388,,,Muslim,Khobar,AMERICAN,KG2,A,2024-25,127,New Student,Regular Mode,New,2022-09-01,Yes,Majed Al-Fayez,Reem Al-Fayez,+966526573994,talal.alfayez127@parent.com,"273 Al-Nuzha Street, Jeddah"
,Mariam Ibrahim,مريم إبراهيم,Female,2020-02-22,Pakistan,Iqama,,2593029927,,Non-Muslim,Damascus,AMERICAN,Grade 1,A,2024-25,128,New Student,Regular Mode,New,2022-09-01,Yes,Imran Ibrahim,Sana Ibrahim,+966514771880,mariam.ibrahim128@parent.com,"44 Al-Nuzha Street, Jeddah"
,Zoe Mahmood,زوي محمود,Female,2019-05-04,Indonesia,Iqama,,2387582474,,Muslim,Sanaa,AMERICAN,Grade 2,A,2024-25,129,New Student,Seasonal Mode,New,2022-09-01,Yes,Ismail Mahmood,Khadija Mahmood,+966561294744,zoe.mahmood129@parent.com,"297 Al-Nuzha Street, Jeddah"
,Sultan Al-Hussein,سلطان الحسين,Male,2018-12-05,Saudi Arabia,National ID,1856839169,,,Muslim,Jeddah,AMERICAN,Grade 3,A,2024-25,130,Regular (Continuing),Seasonal Mode,Regular,2022-09-01,Yes,Hamad Al-Hussein,Fatima Al-Hussein,+966592492593,sultan.alhussein130@parent.com,"235 Al-Nuzha Street, Jeddah"
,Bader Al-Anazi,بدر العنزي,Male,2017-04-26,Saudi Arabia,National ID,1799234882,,,Muslim,Mecca,AMERICAN,Grade 4,A,2024-25,131,New Student,Seasonal Mode,New,2022-09-01,Yes,Bader Al-Anazi,Shaden Al-Anazi,+966558740635,bader.alanazi131@parent.com,"192 Al-Nuzha Street, Jeddah"
,Zain Ahmed,زين أحمد,Male,2016-07-23,Bangladesh,Iqama,,2631049653,,Muslim,Amman,AMERICAN,Grade 5,A,2024-25,132,Regular (Continuing),Seasonal Mode,Regular,2025-09-01,Yes,Yusuf Ahmed,Nayla Ahmed,+966570980438,zain.ahmed132@parent.com,"258 Al-Nuzha Street, Jeddah"
,Ismail Patel,إسماعيل باتل,Male,2015-08-08,Syria,Iqama,,2944860586,,Muslim,New York,AMERICAN,Grade 6,A,2024-25,133,Regular (Continuing),Seasonal Mode,Regular,2023-09-01,Yes,Zayn Patel,Diya Patel,+966597719627,ismail.patel133@parent.com,"23 Al-Nuzha Street, Jeddah"
,Yazeed Al-Yamani,يزيد اليماني,Male,2014-09-06,Saudi Arabia,National ID,1113452804,,,Muslim,Khobar,AMERICAN,Grade 7,A,2024-25,134,Regular (Continuing),Regular Mode,Regular,2024-09-01,Yes,Raed Al-Yamani,Shaden Al-Yamani,+966596036317,yazeed.alyamani134@parent.com,"164 Al-Nuzha Street, Jeddah"
,Naif Al-Sulami,نايف السلمي,Male,2013-04-19,Saudi Arabia,National ID,1786491227,,,Muslim,Jeddah,AMERICAN,Grade 8,A,2024-25,135,Transfer,Seasonal Mode,Transfer,2025-09-01,Yes,Bandar Al-Sulami,Manal Al-Sulami,+966526681836,naif.alsulami135@parent.com,"79 Al-Nuzha Street, Jeddah"
,Talal Al-Sulami,طلال السلمي,Male,2012-11-21,Saudi Arabia,National ID,1513080264,,,Muslim,Abha,AMERICAN,Grade 9,A,2024-25,136,Transfer,Regular Mode,Transfer,2024-09-01,Yes,Yazeed Al-Sulami,Norah Al-Sulami,+966501356731,talal.alsulami136@parent.com,"211 Al-Nuzha Street, Jeddah"
,Ziyad Al-Mutairi,زياد المطيري,Male,2011-07-28,Saudi Arabia,National ID,1389685660,,,Muslim,Abha,AMERICAN,Grade 10,A,2024-25,137,Regular (Continuing),Online Mode,Regular,2022-09-01,Yes,Salman Al-Mutairi,Maha Al-Mutairi,+966527545271,ziyad.almutairi137@parent.com,"86 Al-Nuzha Street, Jeddah"
,Layla Shaikh,ليلى شيخ,Female,2010-01-19,Pakistan,Iqama,,2529845133,,Muslim,Khartoum,AMERICAN,Grade 11,A,2024-25,138,Regular (Continuing),Seasonal Mode,Regular,2024-09-01,Yes,Imran Shaikh,Zainab Shaikh,+966590977429,layla.shaikh138@parent.com,"96 Al-Nuzha Street, Jeddah"
,Fahad Al-Sudais,فهد السديس,Male,2009-02-14,Saudi Arabia,National ID,1947394244,,,Muslim,Madinah,AMERICAN,Grade 12,A,2024-25,139,Transfer,Seasonal Mode,Transfer,2023-09-01,Yes,Ziyad Al-Sudais,Norah Al-Sudais,+966592774742,fahad.alsudais139@parent.com,"20 Al-Nuzha Street, Jeddah"
,Fahad Al-Sudais,فهد السديس,Male,2020-10-22,Saudi Arabia,National ID,1789836291,,,Muslim,Dammam,AMERICAN,KG1,A,2024-25,140,Transfer,Seasonal Mode,Transfer,2023-09-01,Yes,Salman Al-Sudais,Salma Al-Sudais,+966506378739,fahad.alsudais140@parent.com,"287 Al-Nuzha Street, Jeddah"
,Latifa Al-Harbi,لطيفة الحربي,Female,2019-01-20,Saudi Arabia,National ID,1536575506,,,Muslim,Jeddah,AMERICAN,KG2,A,2024-25,141,New Student,Regular Mode,New,2024-09-01,Yes,Abdullah Al-Harbi,Amal Al-Harbi,+966544709220,latifa.alharbi141@parent.com,"86 Al-Nuzha Street, Jeddah"
,Hamza Siddiqui,حمزة صديقي,Male,2020-02-01,Sudan,Iqama,,2682220027,,Muslim,Damascus,AMERICAN,Grade 1,A,2024-25,142,Regular (Continuing),Seasonal Mode,Regular,2025-09-01,Yes,Rohan Siddiqui,Anvi Siddiqui,+966552588638,hamza.siddiqui142@parent.com,"246 Al-Nuzha Street, Jeddah"
,Tala Al-Mutairi,تالا المطيري,Female,2019-12-06,Saudi Arabia,National ID,1313311827,,,Muslim,Tabuk,AMERICAN,Grade 2,A,2024-25,143,New Student,Online Mode,New,2024-09-01,Yes,Omar Al-Mutairi,Renad Al-Mutairi,+966523094356,tala.almutairi143@parent.com,"264 Al-Nuzha Street, Jeddah"
,Hamza Kim,حمزة كيم,Male,2018-08-27,United States,Iqama,,2942806460,,Muslim,Sanaa,AMERICAN,Grade 3,A,2024-25,144,New Student,Regular Mode,New,2022-09-01,Yes,Kabir Kim,Aliya Kim,+966538029441,hamza.kim144@parent.com,"77 Al-Nuzha Street, Jeddah"
,Mehek Smith,مهك سميث,Female,2017-07-14,United Kingdom,Iqama,,2738220853,,Muslim,Karachi,AMERICAN,Grade 4,A,2024-25,145,New Student,Online Mode,New,2022-09-01,Yes,Talha Smith,Maya Smith,+966582650494,mehek.smith145@parent.com,"262 Al-Nuzha Street, Jeddah"
,Raed Al-Hashemi,رائد الهاشمي,Male,2016-03-23,Saudi Arabia,National ID,1905248754,,,Non-Muslim,Buraidah,AMERICAN,Grade 5,A,2024-25,146,Transfer,Regular Mode,Transfer,2022-09-01,Yes,Fahad Al-Hashemi,Raghad Al-Hashemi,+966546301908,raed.alhashemi146@parent.com,"279 Al-Nuzha Street, Jeddah"
,David Habib,ديفيد حبيب,Male,2015-01-08,Jordan,Iqama,,2598941254,,Non-Muslim,Manila,AMERICAN,Grade 6,A,2024-25,147,Regular (Continuing),Regular Mode,Regular,2024-09-01,Yes,Hamza Habib,Mehek Habib,+966558053270,david.habib147@parent.com,"199 Al-Nuzha Street, Jeddah"
,Salman Al-Sudais,سلمان السديس,Male,2014-07-21,Saudi Arabia,National ID,1553011491,,,Muslim,Abha,AMERICAN,Grade 7,A,2024-25,148,Regular (Continuing),Seasonal Mode,Regular,2022-09-01,Yes,Ibrahim Al-Sudais,Latifa Al-Sudais,+966521979040,salman.alsudais148@parent.com,"245 Al-Nuzha Street, Jeddah"
,Priya Hussain,بريا حسين,Female,2013-05-27,Philippines,Iqama,,2728055871,,Non-Muslim,Dhaka,AMERICAN,Grade 8,A,2024-25,149,New Student,Seasonal Mode,New,2022-09-01,Yes,Yusuf Hussain,Olivia Hussain,+966542612830,priya.hussain149@parent.com,"143 Al-Nuzha Street, Jeddah"
,Emma Hassan,إيما حسن,Female,2012-10-08,Bangladesh,Passport,,,AD2847652,Muslim,Sanaa,AMERICAN,Grade 9,A,2024-25,150,Regular (Continuing),Seasonal Mode,Regular,2025-09-01,Yes,Zain Hassan,Zoe Hassan,+966504652644,emma.hassan150@parent.com,"257 Al-Nuzha Street, Jeddah"
,Latifa Al-Ghamdi,لطيفة الغامدي,Female,2011-02-03,Saudi Arabia,National ID,1677245998,,,Muslim,Buraidah,AMERICAN,Grade 10,A,2024-25,151,New Student,Regular Mode,New,2022-09-01,Yes,Faisal Al-Ghamdi,Lujain Al-Ghamdi,+966502142838,latifa.alghamdi151@parent.com,"31 Al-Nuzha Street, Jeddah"
,Anika Habib,أنيكة حبيب,Female,2010-09-14,Bangladesh,Passport,,,MN1785625,Muslim,Amman,AMERICAN,Grade 11,A,2024-25,152,New Student,Regular Mode,New,2024-09-01,Yes,Zain Habib,Zainab Habib,+966503916177,anika.habib152@parent.com,"132 Al-Nuzha Street, Jeddah"
,Anvi Garcia,أنفي جارسيا,Female,2009-02-02,Philippines,Passport,,,KC7791478,Muslim,New York,AMERICAN,Grade 12,A,2024-25,153,New Student,Online Mode,New,2025-09-01,Yes,Mustafa Garcia,Aliya Garcia,+966554820496,anvi.garcia153@parent.com,"157 Al-Nuzha Street, Jeddah"
,Priya Hussain,بريا حسين,Female,2020-08-15,Pakistan,Iqama,,2348791993,,Muslim,Amman,AMERICAN,KG1,A,2024-25,154,New Student,Seasonal Mode,New,2025-09-01,Yes,Ayaan Hussain,Aliya Hussain,+966541482350,priya.hussain154@parent.com,"142 Al-Nuzha Street, Jeddah"
,Turki Al-Ghamdi,تركي الغامدي,Male,2019-09-07,Saudi Arabia,National ID,1554329988,,,Non-Muslim,Riyadh,AMERICAN,KG2,A,2024-25,155,Regular (Continuing),Regular Mode,Regular,2023-09-01,Yes,Bader Al-Ghamdi,Aisha Al-Ghamdi,+966536003009,turki.alghamdi155@parent.com,"264 Al-Nuzha Street, Jeddah"
,Mustafa Siddiqui,مصطفى صديقي,Male,2020-10-05,Yemen,Iqama,,2332662909,,Muslim,New York,AMERICAN,Grade 1,A,2024-25,156,Regular (Continuing),Regular Mode,Regular,2023-09-01,Yes,Faris Siddiqui,Sofia Siddiqui,+966587595037,mustafa.siddiqui156@parent.com,"224 Al-Nuzha Street, Jeddah"
,Anas Al-Fayez,أنس الفايز,Male,2019-02-10,Saudi Arabia,National ID,1463910078,,,Muslim,Abha,AMERICAN,Grade 2,A,2024-25,157,New Student,Online Mode,New,2024-09-01,Yes,Ibrahim Al-Fayez,Hessa Al-Fayez,+966568669956,anas.alfayez157@parent.com,"63 Al-Nuzha Street, Jeddah"
,Hamza Ali,حمزة علي,Male,2018-12-28,India,Iqama,,2447433430,,Muslim,Damascus,AMERICAN,Grade 3,A,2024-25,158,Transfer,Regular Mode,Transfer,2022-09-01,Yes,Talha Ali,Nayla Ali,+966526427268,hamza.ali158@parent.com,"24 Al-Nuzha Street, Jeddah"
,Dalal Al-Anazi,دلال العنزي,Female,2017-12-27,Saudi Arabia,National ID,1946627304,,,Muslim,Riyadh,AMERICAN,Grade 4,A,2024-25,159,Regular (Continuing),Regular Mode,Regular,2022-09-01,Yes,Khalid Al-Anazi,Dana Al-Anazi,+966571104759,dalal.alanazi159@parent.com,"236 Al-Nuzha Street, Jeddah"
,Joud Al-Sabah,جود الصباح,Female,2016-08-16,Saudi Arabia,National ID,1461734920,,,Muslim,Madinah,AMERICAN,Grade 5,A,2024-25,160,New Student,Regular Mode,New,2022-09-01,Yes,Turki Al-Sabah,Joud Al-Sabah,+966572693671,joud.alsabah160@parent.com,"175 Al-Nuzha Street, Jeddah"
,David Patel,ديفيد باتل,Male,2015-02-09,Sudan,Iqama,,2281034461,,Muslim,Karachi,AMERICAN,Grade 6,A,2024-25,161,Transfer,Seasonal Mode,Transfer,2025-09-01,Yes,Talha Patel,Olivia Patel,+966591211621,david.patel161@parent.com,"139 Al-Nuzha Street, Jeddah"
,Imran Garcia,عمران جارسيا,Male,2014-02-27,Yemen,Iqama,,2845782342,,Muslim,Karachi,AMERICAN,Grade 7,A,2024-25,162,New Student,Regular Mode,New,2024-09-01,Yes,Michael Garcia,Anika Garcia,+966501626557,imran.garcia162@parent.com,"282 Al-Nuzha Street, Jeddah"
,James Patel,جيمس باتل,Male,2013-02-09,India,Iqama,,2203937455,,Muslim,Damascus,AMERICAN,Grade 8,A,2024-25,163,Regular (Continuing),Online Mode,Regular,2022-09-01,Yes,Junaid Patel,Saanvi Patel,+966579336743,james.patel163@parent.com,"44 Al-Nuzha Street, Jeddah"
,Aisha Sheikh,عائشة شيخ,Female,2012-03-26,Philippines,Passport,,,KL7137436,Non-Muslim,Cairo,AMERICAN,Grade 9,A,2024-25,164,New Student,Seasonal Mode,New,2025-09-01,Yes,Ahmed Sheikh,Olivia Sheikh,+966573125367,aisha.sheikh164@parent.com,"65 Al-Nuzha Street, Jeddah"
,Dana Al-Zahrani,دانا الزهراني,Female,2011-08-24,Saudi Arabia,National ID,1564970437,,,Muslim,Jeddah,AMERICAN,Grade 10,A,2024-25,165,Regular (Continuing),Regular Mode,Regular,2022-09-01,Yes,Raed Al-Zahrani,Wafa Al-Zahrani,+966563736004,dana.alzahrani165@parent.com,"280 Al-Nuzha Street, Jeddah"
,Mariam Ibrahim,مريم إبراهيم,Female,2010-07-02,Pakistan,Passport,,,LL2498927,Muslim,New York,AMERICAN,Grade 11,A,2024-25,166,Regular (Continuing),Online Mode,Regular,2025-09-01,Yes,Bilal Ibrahim,Zoe Ibrahim,+966593915804,mariam.ibrahim166@parent.com,"208 Al-Nuzha Street, Jeddah"
,Hassan Ali,حسن علي,Male,2009-07-09,Yemen,Passport,,,LB4660385,Muslim,Amman,AMERICAN,Grade 12,A,2024-25,167,New Student,Regular Mode,New,2025-09-01,Yes,Hamza Ali,Sofia Ali,+966560890767,hassan.ali167@parent.com,"26 Al-Nuzha Street, Jeddah"
,Olivia Patel,أوليفيا باتل,Female,2020-12-21,India,Iqama,,2434203000,,Muslim,Jakarta,AMERICAN,KG1,A,2024-25,168,Regular (Continuing),Seasonal Mode,Regular,2025-09-01,Yes,Junaid Patel,Emma Patel,+966596519877,olivia.patel168@parent.com,"254 Al-Nuzha Street, Jeddah"
,Zain Sharma,زين شارما,Male,2019-01-13,India,Iqama,,2694556053,,Muslim,Manila,AMERICAN,KG2,A,2024-25,169,Regular (Continuing),Seasonal Mode,Regular,2025-09-01,Yes,Imran Sharma,Layla Sharma,+966508028809,zain.sharma169@parent.com,"271 Al-Nuzha Street, Jeddah"
,Naif Al-Rashid,نايف الراشد,Male,2020-06-19,Saudi Arabia,National ID,1191514587,,,Muslim,Abha,AMERICAN,Grade 1,A,2024-25,170,Transfer,Online Mode,Transfer,2022-09-01,Yes,Ali Al-Rashid,Asma Al-Rashid,+966566832152,naif.alrashid170@parent.com,"136 Al-Nuzha Street, Jeddah"
,Anaya Garcia,أنايا جارسيا,Female,2019-05-11,Pakistan,Iqama,,2647351557,,Non-Muslim,Dhaka,AMERICAN,Grade 2,A,2024-25,171,Regular (Continuing),Seasonal Mode,Regular,2023-09-01,Yes,Ayaan Garcia,Sana Garcia,+966558019519,anaya.garcia171@parent.com,"268 Al-Nuzha Street, Jeddah"
,Mariam Al-Rashid,مريم الراشد,Female,2018-04-26,Saudi Arabia,National ID,1369986367,,,Muslim,Abha,AMERICAN,Grade 3,A,2024-25,172,New Student,Seasonal Mode,New,2025-09-01,Yes,Talal Al-Rashid,Hessa Al-Rashid,+966530823723,mariam.alrashid172@parent.com,"173 Al-Nuzha Street, Jeddah"
,Ismail Malik,إسماعيل مالك,Male,2017-09-28,Philippines,Iqama,,2364566557,,Muslim,Khartoum,AMERICAN,Grade 4,A,2024-25,173,Regular (Continuing),Regular Mode,Regular,2024-09-01,Yes,Ahmed Malik,Riya Malik,+966506492177,ismail.malik173@parent.com,"264 Al-Nuzha Street, Jeddah"
,Bandar Al-Sudais,بندر السديس,Male,2016-08-12,Saudi Arabia,National ID,1230246596,,,Muslim,Abha,AMERICAN,Grade 5,A,2024-25,174,Regular (Continuing),Regular Mode,Regular,2024-09-01,Yes,Raed Al-Sudais,Joud Al-Sudais,+966573860238,bandar.alsudais174@parent.com,"154 Al-Nuzha Street, Jeddah"
,Ziyad Al-Qahtani,زياد القحطاني,Male,2015-01-02,Saudi Arabia,National ID,1613425581,,,Muslim,Abha,AMERICAN,Grade 6,A,2024-25,175,Regular (Continuing),Seasonal Mode,Regular,2022-09-01,Yes,Nawaf Al-Qahtani,Dana Al-Qahtani,+966594870007,ziyad.alqahtani175@parent.com,"234 Al-Nuzha Street, Jeddah"
,Salman Al-Yamani,سلمان اليماني,Male,2014-11-18,Saudi Arabia,National ID,1634260634,,,Muslim,Mecca,AMERICAN,Grade 7,A,2024-25,176,Regular (Continuing),Online Mode,Regular,2023-09-01,Yes,Nawaf Al-Yamani,Shaden Al-Yamani,+966577363136,salman.alyamani176@parent.com,"34 Al-Nuzha Street, Jeddah"
,Talal Al-Fayez,طلال الفايز,Male,2013-05-22,Saudi Arabia,National ID,1419037681,,,Muslim,Riyadh,AMERICAN,Grade 8,A,2024-25,177,New Student,Regular Mode,New,2023-09-01,Yes,Talal Al-Fayez,Maha Al-Fayez,+966517167374,talal.alfayez177@parent.com,"104 Al-Nuzha Street, Jeddah"
,Sultan Al-Mutairi,سلطان المطيري,Male,2012-05-07,Saudi Arabia,National ID,1862583282,,,Muslim,Khobar,AMERICAN,Grade 9,A,2024-25,178,New Student,Seasonal Mode,New,2025-09-01,Yes,Yazeed Al-Mutairi,Dana Al-Mutairi,+966535001590,sultan.almutairi178@parent.com,"270 Al-Nuzha Street, Jeddah"
,Salma Al-Saud,سلمى آل سعود,Female,2011-08-03,Saudi Arabia,National ID,1483078337,,,Muslim,Jeddah,AMERICAN,Grade 10,A,2024-25,179,Transfer,Online Mode,Transfer,2022-09-01,Yes,Waleed Al-Saud,Manal Al-Saud,+966545635747,salma.alsaud179@parent.com,"96 Al-Nuzha Street, Jeddah"
,Mariam Khan,مريم خان,Female,2010-01-11,India,Iqama,,2976091455,,Muslim,Sanaa,AMERICAN,Grade 11,A,2024-25,180,Regular (Continuing),Online Mode,Regular,2022-09-01,Yes,Ayaan Khan,Diya Khan,+966574259792,mariam.khan180@parent.com,"231 Al-Nuzha Street, Jeddah"
,Norah Al-Hussein,نورة الحسين,Female,2009-03-24,Saudi Arabia,National ID,1919347722,,,Muslim,Riyadh,AMERICAN,Grade 12,A,2024-25,181,New Student,Regular Mode,New,2024-09-01,Yes,Saud Al-Hussein,Dana Al-Hussein,+966538195727,norah.alhussein181@parent.com,"252 Al-Nuzha Street, Jeddah"
,Daniel Kumar,دانيال كومار,Male,2020-05-19,Jordan,Passport,,,AN7403184,Muslim,Manila,AMERICAN,KG1,A,2024-25,182,New Student,Online Mode,New,2023-09-01,Yes,Kabir Kumar,Mehek Kumar,+966562037359,daniel.kumar182@parent.com,"43 Al-Nuzha Street, Jeddah"
,Lama Al-Zahrani,لمى الزهراني,Female,2019-09-24,Saudi Arabia,National ID,1191774368,,,Muslim,Tabuk,AMERICAN,KG2,A,2024-25,183,Transfer,Regular Mode,Transfer,2022-09-01,Yes,Saud Al-Zahrani,Tala Al-Zahrani,+966513038583,lama.alzahrani183@parent.com,"9 Al-Nuzha Street, Jeddah"
,Lujain Al-Sudais,لجين السديس,Female,2020-05-20,Saudi Arabia,National ID,1663259938,,,Muslim,Madinah,AMERICAN,Grade 1,A,2024-25,184,Regular (Continuing),Online Mode,Regular,2024-09-01,Yes,Turki Al-Sudais,Latifa Al-Sudais,+966596663167,lujain.alsudais184@parent.com,"172 Al-Nuzha Street, Jeddah"
,Reema Al-Tamimi,ريما التميمي,Female,2019-05-10,Saudi Arabia,National ID,1649942348,,,Non-Muslim,Madinah,AMERICAN,Grade 2,A,2024-25,185,Regular (Continuing),Regular Mode,Regular,2023-09-01,Yes,Omar Al-Tamimi,Amal Al-Tamimi,+966512191420,reema.altamimi185@parent.com,"199 Al-Nuzha Street, Jeddah"
,David Mahmood,ديفيد محمود,Male,2018-06-15,Sudan,Iqama,,2826766870,,Muslim,London,AMERICAN,Grade 3,A,2024-25,186,Regular (Continuing),Regular Mode,Regular,2025-09-01,Yes,Ayaan Mahmood,Anvi Mahmood,+966505033634,david.mahmood186@parent.com,"216 Al-Nuzha Street, Jeddah"
,David Malik,ديفيد مالك,Male,2017-11-13,Syria,Iqama,,2315217700,,Muslim,New York,AMERICAN,Grade 4,A,2024-25,187,Regular (Continuing),Online Mode,Regular,2023-09-01,Yes,Aryan Malik,Anika Malik,+966564559076,david.malik187@parent.com,"244 Al-Nuzha Street, Jeddah"
,Olivia Singh,أوليفيا سينغ,Female,2016-04-04,Yemen,Iqama,,2253474188,,Muslim,New York,AMERICAN,Grade 5,A,2024-25,188,Regular (Continuing),Online Mode,Regular,2025-09-01,Yes,Kabir Singh,Zainab Singh,+966532653382,olivia.singh188@parent.com,"94 Al-Nuzha Street, Jeddah"
,Mustafa Siddiqui,مصطفى صديقي,Male,2015-12-25,Pakistan,Iqama,,2306257651,,Muslim,Manila,AMERICAN,Grade 6,A,2024-25,189,Regular (Continuing),Seasonal Mode,Regular,2023-09-01,Yes,Yusuf Siddiqui,Zoe Siddiqui,+966599907079,mustafa.siddiqui189@parent.com,"151 Al-Nuzha Street, Jeddah"
,Talha Siddiqui,طلحة صديقي,Male,2014-06-20,Indonesia,Passport,,,DJ7732631,Non-Muslim,Dhaka,AMERICAN,Grade 7,A,2024-25,190,Regular (Continuing),Regular Mode,Regular,2023-09-01,Yes,John Siddiqui,Fatima Siddiqui,+966553121154,talha.siddiqui190@parent.com,"237 Al-Nuzha Street, Jeddah"
,Saanvi Kumar,سانفي كومار,Female,2013-05-22,Indonesia,Iqama,,2183114985,,Muslim,Cairo,AMERICAN,Grade 8,A,2024-25,191,Regular (Continuing),Seasonal Mode,Regular,2025-09-01,Yes,Michael Kumar,Anika Kumar,+966500178159,saanvi.kumar191@parent.com,"198 Al-Nuzha Street, Jeddah"
,Shaden Al-Sulami,شادن السلمي,Female,2012-06-09,Saudi Arabia,National ID,1269228315,,,Muslim,Khobar,AMERICAN,Grade 9,A,2024-25,192,New Student,Regular Mode,New,2025-09-01,Yes,Raed Al-Sulami,Raghad Al-Sulami,+966566234288,shaden.alsulami192@parent.com,"53 Al-Nuzha Street, Jeddah"
,Priya Sheikh,بريا شيخ,Female,2011-05-09,United Kingdom,Iqama,,2550067095,,Non-Muslim,Manila,AMERICAN,Grade 10,A,2024-25,193,Transfer,Seasonal Mode,Transfer,2023-09-01,Yes,Michael Sheikh,Mariam Sheikh,+966598307294,priya.sheikh193@parent.com,"48 Al-Nuzha Street, Jeddah"
,Anaya Garcia,أنايا جارسيا,Female,2010-08-13,India,Iqama,,2047258133,,Muslim,Cairo,AMERICAN,Grade 11,A,2024-25,194,New Student,Regular Mode,New,2022-09-01,Yes,Yusuf Garcia,Sophia Garcia,+966525591151,anaya.garcia194@parent.com,"33 Al-Nuzha Street, Jeddah"
,Zain Hassan,زين حسن,Male,2009-07-18,United States,Passport,,,BJ9823411,Muslim,Manila,AMERICAN,Grade 12,A,2024-25,195,Regular (Continuing),Online Mode,Regular,2025-09-01,Yes,David Hassan,Zoe Hassan,+966561266381,zain.hassan195@parent.com,"174 Al-Nuzha Street, Jeddah"
,Raed Al-Shehri,رائد الشهري,Male,2020-07-13,Saudi Arabia,National ID,1234268908,,,Muslim,Mecca,AMERICAN,KG1,A,2024-25,196,Regular (Continuing),Seasonal Mode,Regular,2025-09-01,Yes,Naif Al-Shehri,Jana Al-Shehri,+966593187204,raed.alshehri196@parent.com,"109 Al-Nuzha Street, Jeddah"
,Hassan Patel,حسن باتل,Male,2019-11-26,Syria,Passport,,,JF1923272,Muslim,Sanaa,AMERICAN,KG2,A,2024-25,197,Regular (Continuing),Online Mode,Regular,2025-09-01,Yes,Bilal Patel,Sofia Patel,+966511004010,hassan.patel197@parent.com,"180 Al-Nuzha Street, Jeddah"
,Anas Al-Otaibi,أنس العتيبي,Male,2020-03-20,Saudi Arabia,National ID,1430130386,,,Muslim,Madinah,AMERICAN,Grade 1,A,2024-25,198,New Student,Online Mode,New,2023-09-01,Yes,Yousef Al-Otaibi,Dalal Al-Otaibi,+966571072148,anas.alotaibi198@parent.com,"92 Al-Nuzha Street, Jeddah"
,Talal Al-Sabah,طلال الصباح,Male,2019-01-13,Saudi Arabia,National ID,1289864130,,,Muslim,Mecca,AMERICAN,Grade 2,A,2024-25,199,Regular (Continuing),Online Mode,Regular,2022-09-01,Yes,Saud Al-Sabah,Norah Al-Sabah,+966529846335,talal.alsabah199@parent.com,"16 Al-Nuzha Street, Jeddah"
,Mehek Chen,مهك تشين,Female,2018-11-22,India,Passport,,,JH8596376,Muslim,New York,AMERICAN,Grade 3,A,2024-25,200,Regular (Continuing),Online Mode,Regular,2022-09-01,Yes,Imran Chen,Emma Chen,+966501107168,mehek.chen200@parent.com,"99 Al-Nuzha Street, Jeddah"
,Wafa Al-Fayez,وفاء الفايز,Female,2017-07-19,Saudi Arabia,National ID,1424499201,,,Muslim,Mecca,AMERICAN,Grade 4,A,2024-25,201,Regular (Continuing),Seasonal Mode,Regular,2024-09-01,Yes,Ziyad Al-Fayez,Lujain Al-Fayez,+966594729359,wafa.alfayez201@parent.com,"215 Al-Nuzha Street, Jeddah"
,Diya Khan,ديا خان,Female,2016-08-24,India,Passport,,,KJ3686860,Muslim,Khartoum,AMERICAN,Grade 5,A,2024-25,202,Regular (Continuing),Online Mode,Regular,2022-09-01,Yes,Yusuf Khan,Fatima Khan,+966513750034,diya.khan202@parent.com,"99 Al-Nuzha Street, Jeddah"
,Faisal Al-Sulami,فيصل السلمي,Male,2015-04-23,Saudi Arabia,National ID,1076729246,,,Muslim,Dammam,AMERICAN,Grade 6,A,2024-25,203,Regular (Continuing),Online Mode,Regular,2024-09-01,Yes,Omar Al-Sulami,Shaden Al-Sulami,+966527046268,faisal.alsulami203@parent.com,"35 Al-Nuzha Street, Jeddah"
,Zainab Wang,زينب وانج,Female,2014-03-13,Bangladesh,Passport,,,BH7735789,Muslim,Sanaa,AMERICAN,Grade 7,A,2024-25,204,Regular (Continuing),Seasonal Mode,Regular,2023-09-01,Yes,Daniel Wang,Priya Wang,+966598487786,zainab.wang204@parent.com,"279 Al-Nuzha Street, Jeddah"
,Ahmed Rahman,أحمد رحمن,Male,2013-07-12,Syria,Iqama,,2459720536,,Muslim,Karachi,AMERICAN,Grade 8,A,2024-25,205,Regular (Continuing),Seasonal Mode,Regular,2024-09-01,Yes,Imran Rahman,Anvi Rahman,+966576559665,ahmed.rahman205@parent.com,"228 Al-Nuzha Street, Jeddah"
,Kabir Sharma,كبير شارما,Male,2012-07-04,Egypt,Iqama,,2751678150,,Muslim,Damascus,AMERICAN,Grade 9,A,2024-25,206,Regular (Continuing),Regular Mode,Regular,2023-09-01,Yes,Faris Sharma,Aliya Sharma,+966561677127,kabir.sharma206@parent.com,"113 Al-Nuzha Street, Jeddah"
,Fatima Malik,فاطمة مالك,Female,2011-12-02,Syria,Iqama,,2450569536,,Muslim,Manila,AMERICAN,Grade 10,A,2024-25,207,Regular (Continuing),Online Mode,Regular,2022-09-01,Yes,Vihaan Malik,Diya Malik,+966514973621,fatima.malik207@parent.com,"290 Al-Nuzha Street, Jeddah"
,Olivia Hussain,أوليفيا حسين,Female,2010-07-17,India,Iqama,,2936682454,,Non-Muslim,Amman,AMERICAN,Grade 11,A,2024-25,208,Transfer,Seasonal Mode,Transfer,2022-09-01,Yes,Ayaan Hussain,Riya Hussain,+966545493045,olivia.hussain208@parent.com,"170 Al-Nuzha Street, Jeddah"
,Latifa Al-Sulami,لطيفة السلمي,Female,2009-03-02,Saudi Arabia,National ID,1382208088,,,Muslim,Buraidah,AMERICAN,Grade 12,A,2024-25,209,New Student,Seasonal Mode,New,2022-09-01,Yes,Sultan Al-Sulami,Dalal Al-Sulami,+966554234486,latifa.alsulami209@parent.com,"252 Al-Nuzha Street, Jeddah"
,Fahad Al-Mutairi,فهد المطيري,Male,2020-10-14,Saudi Arabia,National ID,1842145740,,,Non-Muslim,Abha,AMERICAN,KG1,A,2024-25,210,Transfer,Seasonal Mode,Transfer,2025-09-01,Yes,Faisal Al-Mutairi,Dana Al-Mutairi,+966559336325,fahad.almutairi210@parent.com,"45 Al-Nuzha Street, Jeddah"
,Olivia Sharma,أوليفيا شارما,Female,2019-05-08,Syria,Passport,,,CL0312616,Non-Muslim,Mumbai,AMERICAN,KG2,A,2024-25,211,New Student,Regular Mode,New,2024-09-01,Yes,Talha Sharma,Priya Sharma,+966557597817,olivia.sharma211@parent.com,"49 Al-Nuzha Street, Jeddah"
,Renad Al-Shehri,رناد الشهري,Female,2020-10-23,Saudi Arabia,National ID,1159541105,,,Non-Muslim,Riyadh,AMERICAN,Grade 1,A,2024-25,212,New Student,Seasonal Mode,New,2025-09-01,Yes,Bandar Al-Shehri,Asma Al-Shehri,+966599686700,renad.alshehri212@parent.com,"151 Al-Nuzha Street, Jeddah"
,Hassan Sheikh,حسن شيخ,Male,2019-05-13,Syria,Iqama,,2290431133,,Non-Muslim,Manila,AMERICAN,Grade 2,A,2024-25,213,Regular (Continuing),Regular Mode,Regular,2023-09-01,Yes,Tariq Sheikh,Zainab Sheikh,+966576644453,hassan.sheikh213@parent.com,"186 Al-Nuzha Street, Jeddah"
,Zainab Shaikh,زينب شيخ,Female,2018-03-11,Egypt,Iqama,,2645269772,,Muslim,Mumbai,AMERICAN,Grade 3,A,2024-25,214,Regular (Continuing),Seasonal Mode,Regular,2022-09-01,Yes,Hassan Shaikh,Emma Shaikh,+966583347201,zainab.shaikh214@parent.com,"171 Al-Nuzha Street, Jeddah"
,Lujain Al-Shehri,لجين الشهري,Female,2017-04-25,Saudi Arabia,National ID,1234531314,,,Muslim,Dammam,AMERICAN,Grade 4,A,2024-25,215,Regular (Continuing),Regular Mode,Regular,2024-09-01,Yes,Anas Al-Shehri,Tala Al-Shehri,+966572958454,lujain.alshehri215@parent.com,"262 Al-Nuzha Street, Jeddah"
,Fatima Mansoor,فاطمة منصور,Female,2016-12-21,Pakistan,Iqama,,2185514796,,Non-Muslim,Karachi,AMERICAN,Grade 5,A,2024-25,216,Regular (Continuing),Seasonal Mode,Regular,2023-09-01,Yes,Tariq Mansoor,Zainab Mansoor,+966594256834,fatima.mansoor216@parent.com,"1 Al-Nuzha Street, Jeddah"
,Maya Patel,مايا باتل,Female,2015-09-02,Indonesia,Iqama,,2669455718,,Non-Muslim,Jakarta,AMERICAN,Grade 6,A,2024-25,217,Transfer,Regular Mode,Transfer,2022-09-01,Yes,Faris Patel,Nour Patel,+966521267877,maya.patel217@parent.com,"170 Al-Nuzha Street, Jeddah"
,Khalid Al-Sudais,خالد السديس,Male,2014-02-02,Saudi Arabia,National ID,1816760304,,,Muslim,Mecca,AMERICAN,Grade 7,A,2024-25,218,Regular (Continuing),Seasonal Mode,Regular,2024-09-01,Yes,Abdullah Al-Sudais,Salma Al-Sudais,+966515014297,khalid.alsudais218@parent.com,"30 Al-Nuzha Street, Jeddah"
,Norah Al-Sulami,نورة السلمي,Female,2013-08-12,Saudi Arabia,National ID,1839365881,,,Muslim,Riyadh,AMERICAN,Grade 8,A,2024-25,219,Transfer,Regular Mode,Transfer,2024-09-01,Yes,Khalid Al-Sulami,Layla Al-Sulami,+966508791172,norah.alsulami219@parent.com,"71 Al-Nuzha Street, Jeddah"
,Kabir Rahman,كبير رحمن,Male,2012-12-06,United States,Passport,,,FF0135081,Muslim,London,AMERICAN,Grade 9,A,2024-25,220,Regular (Continuing),Regular Mode,Regular,2025-09-01,Yes,Hamza Rahman,Riya Rahman,+966584214569,kabir.rahman220@parent.com,"67 Al-Nuzha Street, Jeddah"
,Sofia Garcia,صوفيا جارسيا,Female,2011-10-16,Indonesia,Passport,,,JB4436041,Muslim,Jakarta,AMERICAN,Grade 10,A,2024-25,221,New Student,Seasonal Mode,New,2023-09-01,Yes,Michael Garcia,Anika Garcia,+966595170288,sofia.garcia221@parent.com,"5 Al-Nuzha Street, Jeddah"
,Hatim Al-Saud,حاتم آل سعود,Male,2010-08-10,Saudi Arabia,National ID,1126483532,,,Non-Muslim,Riyadh,AMERICAN,Grade 11,A,2024-25,222,New Student,Seasonal Mode,New,2022-09-01,Yes,Abdullah Al-Saud,Renad Al-Saud,+966565376893,hatim.alsaud222@parent.com,"147 Al-Nuzha Street, Jeddah"
,Ziyad Al-Maliki,زياد المالكي,Male,2009-07-13,Saudi Arabia,National ID,1055325080,,,Muslim,Tabuk,AMERICAN,Grade 12,A,2024-25,223,New Student,Seasonal Mode,New,2025-09-01,Yes,Ammar Al-Maliki,Amal Al-Maliki,+966576863371,ziyad.almaliki223@parent.com,"42 Al-Nuzha Street, Jeddah"
,Saanvi Ali,سانفي علي,Female,2020-10-25,Jordan,Passport,,,AG1396667,Muslim,Khartoum,AMERICAN,KG1,A,2024-25,224,Regular (Continuing),Online Mode,Regular,2024-09-01,Yes,Zain Ali,Sophia Ali,+966501336970,saanvi.ali224@parent.com,"228 Al-Nuzha Street, Jeddah"
,Reem Al-Saud,ريم آل سعود,Female,2019-06-01,Saudi Arabia,National ID,1031463298,,,Muslim,Mecca,AMERICAN,KG2,A,2024-25,225,Regular (Continuing),Seasonal Mode,Regular,2024-09-01,Yes,Hamad Al-Saud,Layla Al-Saud,+966550456571,reem.alsaud225@parent.com,"187 Al-Nuzha Street, Jeddah"
,Hessa Al-Yamani,حصة اليماني,Female,2020-04-26,Saudi Arabia,National ID,1548642647,,,Muslim,Khobar,AMERICAN,Grade 1,A,2024-25,226,Transfer,Online Mode,Transfer,2022-09-01,Yes,Abdullah Al-Yamani,Ghada Al-Yamani,+966591438104,hessa.alyamani226@parent.com,"89 Al-Nuzha Street, Jeddah"
,Imran Hussain,عمران حسين,Male,2019-03-12,Sudan,Iqama,,2764048898,,Muslim,Sanaa,AMERICAN,Grade 2,A,2024-25,227,Regular (Continuing),Regular Mode,Regular,2025-09-01,Yes,John Hussain,Diya Hussain,+966526931642,imran.hussain227@parent.com,"50 Al-Nuzha Street, Jeddah"
,Vihaan Wang,فيهان وانج,Male,2018-10-24,Yemen,Iqama,,2788495384,,Muslim,Jakarta,AMERICAN,Grade 3,A,2024-25,228,Transfer,Regular Mode,Transfer,2023-09-01,Yes,David Wang,Maya Wang,+966575812339,vihaan.wang228@parent.com,"239 Al-Nuzha Street, Jeddah"
,Anika Mahmood,أنيكة محمود,Female,2017-06-23,India,Passport,,,JD4057742,Muslim,Cairo,AMERICAN,Grade 4,A,2024-25,229,Transfer,Online Mode,Transfer,2024-09-01,Yes,James Mahmood,Layla Mahmood,+966595346117,anika.mahmood229@parent.com,"109 Al-Nuzha Street, Jeddah"
,Sadia Siddiqui,صادية صديقي,Female,2016-10-17,Jordan,Passport,,,LN0729833,Muslim,Jakarta,AMERICAN,Grade 5,A,2024-25,230,Regular (Continuing),Online Mode,Regular,2024-09-01,Yes,John Siddiqui,Sadia Siddiqui,+966554766545,sadia.siddiqui230@parent.com,"186 Al-Nuzha Street, Jeddah"
,Nayla Brown,نايلة براون,Female,2015-05-07,Indonesia,Iqama,,2353939683,,Muslim,Manila,AMERICAN,Grade 6,A,2024-25,231,New Student,Seasonal Mode,New,2023-09-01,Yes,Yusuf Brown,Priya Brown,+966516324428,nayla.brown231@parent.com,"249 Al-Nuzha Street, Jeddah"
,Faris Khan,فارس خان,Male,2014-11-27,Pakistan,Iqama,,2016870458,,Muslim,Amman,AMERICAN,Grade 7,A,2024-25,232,Regular (Continuing),Seasonal Mode,Regular,2022-09-01,Yes,Zayn Khan,Olivia Khan,+966576898109,faris.khan232@parent.com,"115 Al-Nuzha Street, Jeddah"
,Saif Al-Dosari,سيف الدوسري,Male,2013-05-04,Saudi Arabia,National ID,1078956735,,,Muslim,Jeddah,AMERICAN,Grade 8,A,2024-25,233,Transfer,Online Mode,Transfer,2024-09-01,Yes,Raed Al-Dosari,Dana Al-Dosari,+966584779058,saif.aldosari233@parent.com,"245 Al-Nuzha Street, Jeddah"
,Abdullah Al-Ghamdi,عبدالله الغامدي,Male,2012-02-25,Saudi Arabia,National ID,1276859623,,,Non-Muslim,Tabuk,AMERICAN,Grade 9,A,2024-25,234,New Student,Online Mode,New,2025-09-01,Yes,Saif Al-Ghamdi,Dalal Al-Ghamdi,+966530711024,abdullah.alghamdi234@parent.com,"260 Al-Nuzha Street, Jeddah"
,Waleed Al-Sabah,وليد الصباح,Male,2011-02-07,Saudi Arabia,National ID,1081678327,,,Muslim,Tabuk,AMERICAN,Grade 10,A,2024-25,235,New Student,Seasonal Mode,New,2024-09-01,Yes,Salman Al-Sabah,Lujain Al-Sabah,+966520071716,waleed.alsabah235@parent.com,"101 Al-Nuzha Street, Jeddah"
,Bilal Wang,بلال وانج,Male,2010-12-08,Bangladesh,Iqama,,2589915208,,Muslim,Karachi,AMERICAN,Grade 11,A,2024-25,236,Regular (Continuing),Online Mode,Regular,2024-09-01,Yes,Mustafa Wang,Nour Wang,+966550638995,bilal.wang236@parent.com,"286 Al-Nuzha Street, Jeddah"
,Mariam Mahmood,مريم محمود,Female,2009-02-07,Bangladesh,Iqama,,2148255226,,Muslim,Jakarta,AMERICAN,Grade 12,A,2024-25,237,Transfer,Regular Mode,Transfer,2023-09-01,Yes,Faris Mahmood,Priya Mahmood,+966501476851,mariam.mahmood237@parent.com,"242 Al-Nuzha Street, Jeddah"
,Maha Al-Hussein,مها الحسين,Female,2020-04-04,Saudi Arabia,National ID,1422554693,,,Non-Muslim,Buraidah,AMERICAN,KG1,A,2024-25,238,Transfer,Regular Mode,Transfer,2025-09-01,Yes,Adel Al-Hussein,Salma Al-Hussein,+966539668934,maha.alhussein238@parent.com,"139 Al-Nuzha Street, Jeddah"
,Omar Al-Mutairi,عمر المطيري,Male,2019-03-10,Saudi Arabia,National ID,1112820638,,,Muslim,Jeddah,AMERICAN,KG2,A,2024-25,239,Transfer,Online Mode,Transfer,2022-09-01,Yes,Ammar Al-Mutairi,Renad Al-Mutairi,+966585908585,omar.almutairi239@parent.com,"292 Al-Nuzha Street, Jeddah"
,Fatima Al-Ghamdi,فاطمة الغامدي,Female,2020-10-28,Saudi Arabia,National ID,1470744041,,,Non-Muslim,Jeddah,AMERICAN,Grade 1,A,2024-25,240,New Student,Regular Mode,New,2025-09-01,Yes,Bandar Al-Ghamdi,Reem Al-Ghamdi,+966513359216,fatima.alghamdi240@parent.com,"16 Al-Nuzha Street, Jeddah"
,Renad Al-Harbi,رناد الحربي,Female,2019-12-18,Saudi Arabia,National ID,1598291249,,,Non-Muslim,Khobar,AMERICAN,Grade 2,A,2024-25,241,Regular (Continuing),Seasonal Mode,Regular,2025-09-01,Yes,Hatim Al-Harbi,Noura Al-Harbi,+966594070131,renad.alharbi241@parent.com,"93 Al-Nuzha Street, Jeddah"
,Wafa Al-Anazi,وفاء العنزي,Female,2018-04-25,Saudi Arabia,National ID,1284486371,,,Muslim,Tabuk,AMERICAN,Grade 3,A,2024-25,242,Regular (Continuing),Seasonal Mode,Regular,2022-09-01,Yes,Saif Al-Anazi,Hanan Al-Anazi,+966569536471,wafa.alanazi242@parent.com,"134 Al-Nuzha Street, Jeddah"
,Renad Al-Fayez,رناد الفايز,Female,2017-01-14,Saudi Arabia,National ID,1056479006,,,Muslim,Tabuk,AMERICAN,Grade 4,A,2024-25,243,Regular (Continuing),Regular Mode,Regular,2025-09-01,Yes,Talal Al-Fayez,Noura Al-Fayez,+966560749644,renad.alfayez243@parent.com,"154 Al-Nuzha Street, Jeddah"
,Vihaan Kim,فيهان كيم,Male,2016-11-23,Jordan,Iqama,,2724644870,,Muslim,Khartoum,AMERICAN,Grade 5,A,2024-25,244,New Student,Regular Mode,New,2024-09-01,Yes,Bilal Kim,Saanvi Kim,+966541293209,vihaan.kim244@parent.com,"162 Al-Nuzha Street, Jeddah"
,Layla Al-Fayez,ليلى الفايز,Female,2015-05-20,Saudi Arabia,National ID,1346753558,,,Muslim,Abha,AMERICAN,Grade 6,A,2024-25,245,Regular (Continuing),Seasonal Mode,Regular,2023-09-01,Yes,Raed Al-Fayez,Raghad Al-Fayez,+966517892882,layla.alfayez245@parent.com,"261 Al-Nuzha Street, Jeddah"
,Fahad Al-Saud,فهد آل سعود,Male,2014-10-04,Saudi Arabia,National ID,1157200283,,,Muslim,Khobar,AMERICAN,Grade 7,A,2024-25,246,Regular (Continuing),Regular Mode,Regular,2023-09-01,Yes,Hatim Al-Saud,Amal Al-Saud,+966523181232,fahad.alsaud246@parent.com,"263 Al-Nuzha Street, Jeddah"
,Abdullah Al-Sabah,عبدالله الصباح,Male,2013-01-12,Saudi Arabia,National ID,1109573170,,,Muslim,Mecca,AMERICAN,Grade 8,A,2024-25,247,New Student,Regular Mode,New,2024-09-01,Yes,Mohammed Al-Sabah,Wafa Al-Sabah,+966524397260,abdullah.alsabah247@parent.com,"31 Al-Nuzha Street, Jeddah"
,Bilal Rahman,بلال رحمن,Male,2012-05-18,Syria,Passport,,,MA5507675,Muslim,Damascus,AMERICAN,Grade 9,A,2024-25,248,New Student,Seasonal Mode,New,2023-09-01,Yes,Ayaan Rahman,Anika Rahman,+966550172167,bilal.rahman248@parent.com,"77 Al-Nuzha Street, Jeddah"
,Ziyad Al-Otaibi,زياد العتيبي,Male,2011-11-06,Saudi Arabia,National ID,1174795067,,,Muslim,Mecca,AMERICAN,Grade 10,A,2024-25,249,New Student,Seasonal Mode,New,2025-09-01,Yes,Yazeed Al-Otaibi,Amal Al-Otaibi,+966560018113,ziyad.alotaibi249@parent.com,"160 Al-Nuzha Street, Jeddah"
,Omar Al-Dosari,عمر الدوسري,Male,2010-02-16,Saudi Arabia,National ID,1933442476,,,Muslim,Buraidah,AMERICAN,Grade 11,A,2024-25,250,Regular (Continuing),Seasonal Mode,Regular,2022-09-01,Yes,Omar Al-Dosari,Hessa Al-Dosari,+966550638552,omar.aldosari250@parent.com,"13 Al-Nuzha Street, Jeddah"
,Daniel Wang,دانيال وانج,Male,2009-01-07,Yemen,Iqama,,2624763496,,Muslim,Karachi,AMERICAN,Grade 12,A,2024-25,251,New Student,Regular Mode,New,2022-09-01,Yes,Zayn Wang,Saanvi Wang,+966522755748,daniel.wang251@parent.com,"144 Al-Nuzha Street, Jeddah"
,Hassan Kumar,حسن كومار,Male,2020-05-03,United States,Iqama,,2813634172,,Muslim,London,AMERICAN,KG1,A,2024-25,252,Regular (Continuing),Online Mode,Regular,2024-09-01,Yes,Kabir Kumar,Nayla Kumar,+966521292902,hassan.kumar252@parent.com,"227 Al-Nuzha Street, Jeddah"
,Hamza Ahmed,حمزة أحمد,Male,2019-09-11,Indonesia,Passport,,,BK0446649,Muslim,Dhaka,AMERICAN,KG2,A,2024-25,253,Regular (Continuing),Regular Mode,Regular,2023-09-01,Yes,David Ahmed,Olivia Ahmed,+966542994712,hamza.ahmed253@parent.com,"120 Al-Nuzha Street, Jeddah"
,Sultan Al-Sabah,سلطان الصباح,Male,2020-04-09,Saudi Arabia,National ID,1254765699,,,Muslim,Dammam,AMERICAN,Grade 1,A,2024-25,254,Regular (Continuing),Online Mode,Regular,2025-09-01,Yes,Fahad Al-Sabah,Aisha Al-Sabah,+966565013722,sultan.alsabah254@parent.com,"46 Al-Nuzha Street, Jeddah"
,Ibrahim Al-Tamimi,إبراهيم التميمي,Male,2019-08-03,Saudi Arabia,National ID,1348242379,,,Muslim,Madinah,AMERICAN,Grade 2,A,2024-25,255,Regular (Continuing),Seasonal Mode,Regular,2022-09-01,Yes,Saud Al-Tamimi,Renad Al-Tamimi,+966570832735,ibrahim.altamimi255@parent.com,"207 Al-Nuzha Street, Jeddah"
,Naif Al-Tamimi,نايف التميمي,Male,2018-08-05,Saudi Arabia,National ID,1933081525,,,Non-Muslim,Madinah,AMERICAN,Grade 3,A,2024-25,256,Regular (Continuing),Online Mode,Regular,2022-09-01,Yes,Ibrahim Al-Tamimi,Salma Al-Tamimi,+966516797449,naif.altamimi256@parent.com,"168 Al-Nuzha Street, Jeddah"
,Jana Al-Sudais,جنى السديس,Female,2017-05-12,Saudi Arabia,National ID,1691514573,,,Non-Muslim,Jeddah,AMERICAN,Grade 4,A,2024-25,257,Regular (Continuing),Regular Mode,Regular,2024-09-01,Yes,Saif Al-Sudais,Wafa Al-Sudais,+966507473020,jana.alsudais257@parent.com,"191 Al-Nuzha Street, Jeddah"
,Sadia Sheikh,صادية شيخ,Female,2016-03-11,Syria,Passport,,,ND9413675,Muslim,Dhaka,AMERICAN,Grade 5,A,2024-25,258,Regular (Continuing),Seasonal Mode,Regular,2023-09-01,Yes,Zain Sheikh,Sadia Sheikh,+966534375851,sadia.sheikh258@parent.com,"4 Al-Nuzha Street, Jeddah"
,Bader Al-Hussein,بدر الحسين,Male,2015-11-07,Saudi Arabia,National ID,1649908944,,,Muslim,Mecca,AMERICAN,Grade 6,A,2024-25,259,Transfer,Online Mode,Transfer,2025-09-01,Yes,Ibrahim Al-Hussein,Lama Al-Hussein,+966588296633,bader.alhussein259@parent.com,"125 Al-Nuzha Street, Jeddah"
,Ziyad Al-Shehri,زياد الشهري,Male,2014-07-11,Saudi Arabia,National ID,1152911859,,,Muslim,Madinah,AMERICAN,Grade 7,A,2024-25,260,Transfer,Seasonal Mode,Transfer,2022-09-01,Yes,Fahad Al-Shehri,Dalal Al-Shehri,+966595741370,ziyad.alshehri260@parent.com,"118 Al-Nuzha Street, Jeddah"
,Waleed Al-Sabah,وليد الصباح,Male,2013-08-24,Saudi Arabia,National ID,1719029012,,,Muslim,Dammam,AMERICAN,Grade 8,A,2024-25,261,Regular (Continuing),Online Mode,Regular,2023-09-01,Yes,Raed Al-Sabah,Salma Al-Sabah,+966524701772,waleed.alsabah261@parent.com,"184 Al-Nuzha Street, Jeddah"
,Salman Al-Ghamdi,سلمان الغامدي,Male,2012-11-04,Saudi Arabia,National ID,1808927406,,,Muslim,Dammam,AMERICAN,Grade 9,A,2024-25,262,New Student,Online Mode,New,2024-09-01,Yes,Saud Al-Ghamdi,Aisha Al-Ghamdi,+966510907345,salman.alghamdi262@parent.com,"97 Al-Nuzha Street, Jeddah"
,Rohan Mahmood,روهان محمود,Male,2011-12-04,Jordan,Iqama,,2940927364,,Muslim,New York,AMERICAN,Grade 10,A,2024-25,263,New Student,Online Mode,New,2024-09-01,Yes,Faris Mahmood,Diya Mahmood,+966569385246,rohan.mahmood263@parent.com,"144 Al-Nuzha Street, Jeddah"
,Mohammed Al-Rashid,محمد الراشد,Male,2010-05-01,Saudi Arabia,National ID,1766453233,,,Non-Muslim,Abha,AMERICAN,Grade 11,A,2024-25,264,New Student,Online Mode,New,2023-09-01,Yes,Turki Al-Rashid,Lama Al-Rashid,+966589086257,mohammed.alrashid264@parent.com,"87 Al-Nuzha Street, Jeddah"
,Abdullah Al-Zahrani,عبدالله الزهراني,Male,2009-10-04,Saudi Arabia,National ID,1864597156,,,Muslim,Jeddah,AMERICAN,Grade 12,A,2024-25,265,Regular (Continuing),Online Mode,Regular,2024-09-01,Yes,Ziyad Al-Zahrani,Ghada Al-Zahrani,+966599790837,abdullah.alzahrani265@parent.com,"261 Al-Nuzha Street, Jeddah"
,Sana Smith,سناء سميث,Female,2020-06-18,United Kingdom,Iqama,,2135480003,,Muslim,Jakarta,AMERICAN,KG1,A,2024-25,266,Transfer,Seasonal Mode,Transfer,2023-09-01,Yes,Junaid Smith,Saanvi Smith,+966570508767,sana.smith266@parent.com,"186 Al-Nuzha Street, Jeddah"
,Lujain Al-Sulami,لجين السلمي,Female,2019-09-06,Saudi Arabia,National ID,1140007405,,,Muslim,Madinah,AMERICAN,KG2,A,2024-25,267,Transfer,Regular Mode,Transfer,2023-09-01,Yes,Bader Al-Sulami,Layla Al-Sulami,+966512578821,lujain.alsulami267@parent.com,"110 Al-Nuzha Street, Jeddah"
,Ali Al-Rashid,علي الراشد,Male,2020-01-09,Saudi Arabia,National ID,1797228925,,,Non-Muslim,Dammam,AMERICAN,Grade 1,A,2024-25,268,Regular (Continuing),Seasonal Mode,Regular,2022-09-01,Yes,Naif Al-Rashid,Shaden Al-Rashid,+966595162838,ali.alrashid268@parent.com,"168 Al-Nuzha Street, Jeddah"
,Maya Kumar,مايا كومار,Female,2019-06-23,Indonesia,Passport,,,BM2416539,Muslim,Dhaka,AMERICAN,Grade 2,A,2024-25,269,New Student,Online Mode,New,2025-09-01,Yes,John Kumar,Khadija Kumar,+966577101407,maya.kumar269@parent.com,"291 Al-Nuzha Street, Jeddah"
,Noura Al-Ghamdi,نورة الغامدي,Female,2018-10-20,Saudi Arabia,National ID,1197055016,,,Non-Muslim,Tabuk,AMERICAN,Grade 3,A,2024-25,270,Regular (Continuing),Seasonal Mode,Regular,2023-09-01,Yes,Bandar Al-Ghamdi,Reema Al-Ghamdi,+966542410072,noura.alghamdi270@parent.com,"197 Al-Nuzha Street, Jeddah"
,Adel Al-Sabah,عادل الصباح,Male,2017-11-01,Saudi Arabia,National ID,1773969265,,,Muslim,Riyadh,AMERICAN,Grade 4,A,2024-25,271,Regular (Continuing),Regular Mode,Regular,2023-09-01,Yes,Anas Al-Sabah,Aisha Al-Sabah,+966581900380,adel.alsabah271@parent.com,"2 Al-Nuzha Street, Jeddah"
,Aliya Sheikh,عالية شيخ,Female,2016-02-06,Pakistan,Iqama,,2641481215,,Muslim,Cairo,AMERICAN,Grade 5,A,2024-25,272,Regular (Continuing),Seasonal Mode,Regular,2023-09-01,Yes,Zayn Sheikh,Hira Sheikh,+966505798127,aliya.sheikh272@parent.com,"16 Al-Nuzha Street, Jeddah"
,Dalal Al-Maliki,دلال المالكي,Female,2015-12-10,Saudi Arabia,National ID,1342266173,,,Non-Muslim,Buraidah,AMERICAN,Grade 6,A,2024-25,273,Regular (Continuing),Regular Mode,Regular,2023-09-01,Yes,Waleed Al-Maliki,Renad Al-Maliki,+966526091781,dalal.almaliki273@parent.com,"257 Al-Nuzha Street, Jeddah"
,Daniel Garcia,دانيال جارسيا,Male,2014-04-17,Pakistan,Iqama,,2372131458,,Non-Muslim,Damascus,AMERICAN,Grade 7,A,2024-25,274,Regular (Continuing),Regular Mode,Regular,2024-09-01,Yes,Zain Garcia,Nayla Garcia,+966535945458,daniel.garcia274@parent.com,"183 Al-Nuzha Street, Jeddah"
,Renad Al-Sudais,رناد السديس,Female,2013-06-05,Saudi Arabia,National ID,1753782921,,,Muslim,Mecca,AMERICAN,Grade 8,A,2024-25,275,New Student,Regular Mode,New,2022-09-01,Yes,Khalid Al-Sudais,Tala Al-Sudais,+966543804827,renad.alsudais275@parent.com,"154 Al-Nuzha Street, Jeddah"
,Mohammed Al-Sabah,محمد الصباح,Male,2012-04-13,Saudi Arabia,National ID,1634369734,,,Muslim,Abha,AMERICAN,Grade 9,A,2024-25,276,Regular (Continuing),Seasonal Mode,Regular,2023-09-01,Yes,Hatim Al-Sabah,Joud Al-Sabah,+966587668573,mohammed.alsabah276@parent.com,"16 Al-Nuzha Street, Jeddah"
,Khadija Sharma,خديجة شارما,Female,2011-03-01,Indonesia,Iqama,,2135208283,,Non-Muslim,Damascus,AMERICAN,Grade 10,A,2024-25,277,New Student,Regular Mode,New,2024-09-01,Yes,James Sharma,Hira Sharma,+966568685640,khadija.sharma277@parent.com,"53 Al-Nuzha Street, Jeddah"
,Hessa Al-Harbi,حصة الحربي,Female,2010-07-07,Saudi Arabia,National ID,1771064212,,,Muslim,Dammam,AMERICAN,Grade 11,A,2024-25,278,Regular (Continuing),Regular Mode,Regular,2025-09-01,Yes,Naif Al-Harbi,Amal Al-Harbi,+966523366082,hessa.alharbi278@parent.com,"164 Al-Nuzha Street, Jeddah"
,Amal Al-Mutairi,أمل المطيري,Female,2009-12-12,Saudi Arabia,National ID,1819114353,,,Muslim,Buraidah,AMERICAN,Grade 12,A,2024-25,279,New Student,Regular Mode,New,2025-09-01,Yes,Yousef Al-Mutairi,Hessa Al-Mutairi,+966562267566,amal.almutairi279@parent.com,"181 Al-Nuzha Street, Jeddah"
,Anvi Siddiqui,أنفي صديقي,Female,2020-02-22,Bangladesh,Iqama,,2553804501,,Muslim,Dhaka,AMERICAN,KG1,A,2024-25,280,Regular (Continuing),Online Mode,Regular,2023-09-01,Yes,Ismail Siddiqui,Riya Siddiqui,+966523485471,anvi.siddiqui280@parent.com,"86 Al-Nuzha Street, Jeddah"
,Sadia Ibrahim,صادية إبراهيم,Female,2019-05-07,Syria,Passport,,,DE0651933,Non-Muslim,Jakarta,AMERICAN,KG2,A,2024-25,281,Regular (Continuing),Online Mode,Regular,2023-09-01,Yes,James Ibrahim,Sophia Ibrahim,+966519712990,sadia.ibrahim281@parent.com,"279 Al-Nuzha Street, Jeddah"
,Raghad Al-Yamani,رغد اليماني,Female,2020-12-07,Saudi Arabia,National ID,1747417394,,,Muslim,Riyadh,AMERICAN,Grade 1,A,2024-25,282,Transfer,Regular Mode,Transfer,2022-09-01,Yes,Anas Al-Yamani,Reem Al-Yamani,+966531036673,raghad.alyamani282@parent.com,"98 Al-Nuzha Street, Jeddah"
,Aryan Mansoor,آريان منصور,Male,2019-05-27,Jordan,Passport,,,JG6397527,Non-Muslim,Damascus,AMERICAN,Grade 2,A,2024-25,283,Regular (Continuing),Seasonal Mode,Regular,2024-09-01,Yes,Zain Mansoor,Olivia Mansoor,+966520171914,aryan.mansoor283@parent.com,"108 Al-Nuzha Street, Jeddah"
,Ziyad Al-Anazi,زياد العنزي,Male,2018-05-09,Saudi Arabia,National ID,1568557187,,,Muslim,Jeddah,AMERICAN,Grade 3,A,2024-25,284,Regular (Continuing),Online Mode,Regular,2025-09-01,Yes,Ibrahim Al-Anazi,Sara Al-Anazi,+966510701552,ziyad.alanazi284@parent.com,"197 Al-Nuzha Street, Jeddah"
,Hamza Smith,حمزة سميث,Male,2017-02-08,Philippines,Passport,,,BL5045663,Muslim,Dhaka,AMERICAN,Grade 4,A,2024-25,285,New Student,Regular Mode,New,2023-09-01,Yes,Kabir Smith,Khadija Smith,+966554206274,hamza.smith285@parent.com,"262 Al-Nuzha Street, Jeddah"
,Mehek Mansoor,مهك منصور,Female,2016-04-18,Bangladesh,Iqama,,2828908436,,Muslim,Amman,AMERICAN,Grade 5,A,2024-25,286,New Student,Seasonal Mode,New,2022-09-01,Yes,Yusuf Mansoor,Mariam Mansoor,+966557260298,mehek.mansoor286@parent.com,"161 Al-Nuzha Street, Jeddah"
,Zain Shaikh,زين شيخ,Male,2015-12-14,Egypt,Iqama,,2761689213,,Muslim,Sanaa,AMERICAN,Grade 6,A,2024-25,287,Regular (Continuing),Regular Mode,Regular,2025-09-01,Yes,Kabir Shaikh,Anaya Shaikh,+966546552129,zain.shaikh287@parent.com,"188 Al-Nuzha Street, Jeddah"
,Kabir Khan,كبير خان,Male,2014-08-25,Yemen,Iqama,,2948501229,,Non-Muslim,Cairo,AMERICAN,Grade 7,A,2024-25,288,New Student,Regular Mode,New,2025-09-01,Yes,David Khan,Diya Khan,+966580342442,kabir.khan288@parent.com,"198 Al-Nuzha Street, Jeddah"
,Hassan Habib,حسن حبيب,Male,2013-10-24,India,Iqama,,2220612345,,Non-Muslim,New York,AMERICAN,Grade 8,A,2024-25,289,Regular (Continuing),Seasonal Mode,Regular,2023-09-01,Yes,Zain Habib,Riya Habib,+966553545077,hassan.habib289@parent.com,"32 Al-Nuzha Street, Jeddah"
,Layla Al-Sudais,ليلى السديس,Female,2012-03-25,Saudi Arabia,National ID,1138797802,,,Non-Muslim,Abha,AMERICAN,Grade 9,A,2024-25,290,New Student,Regular Mode,New,2023-09-01,Yes,Waleed Al-Sudais,Amal Al-Sudais,+966578562394,layla.alsudais290@parent.com,"23 Al-Nuzha Street, Jeddah"
,Hamza Wang,حمزة وانج,Male,2011-03-13,Jordan,Iqama,,2256008982,,Non-Muslim,Karachi,AMERICAN,Grade 10,A,2024-25,291,Regular (Continuing),Seasonal Mode,Regular,2023-09-01,Yes,Vihaan Wang,Khadija Wang,+966543655663,hamza.wang291@parent.com,"183 Al-Nuzha Street, Jeddah"
,Sultan Al-Dosari,سلطان الدوسري,Male,2010-08-27,Saudi Arabia,National ID,1752767261,,,Muslim,Buraidah,AMERICAN,Grade 11,A,2024-25,292,Regular (Continuing),Regular Mode,Regular,2025-09-01,Yes,Yousef Al-Dosari,Sara Al-Dosari,+966520330523,sultan.aldosari292@parent.com,"146 Al-Nuzha Street, Jeddah"
,David Chen,ديفيد تشين,Male,2009-04-04,India,Passport,,,EB7310610,Muslim,Amman,AMERICAN,Grade 12,A,2024-25,293,New Student,Regular Mode,New,2025-09-01,Yes,Aryan Chen,Emma Chen,+966507745965,david.chen293@parent.com,"204 Al-Nuzha Street, Jeddah"
,Rohan Chen,روهان تشين,Male,2020-11-19,Jordan,Passport,,,CH9672466,Non-Muslim,Dhaka,AMERICAN,KG1,A,2024-25,294,Regular (Continuing),Seasonal Mode,Regular,2022-09-01,Yes,Imran Chen,Nayla Chen,+966521101525,rohan.chen294@parent.com,"160 Al-Nuzha Street, Jeddah"
,Layla Al-Harbi,ليلى الحربي,Female,2019-10-15,Saudi Arabia,National ID,1242297074,,,Muslim,Khobar,AMERICAN,KG2,A,2024-25,295,Regular (Continuing),Regular Mode,Regular,2024-09-01,Yes,Ali Al-Harbi,Maha Al-Harbi,+966577582086,layla.alharbi295@parent.com,"288 Al-Nuzha Street, Jeddah"
,Sana Siddiqui,سناء صديقي,Female,2020-01-07,India,Iqama,,2879457677,,Muslim,London,AMERICAN,Grade 1,A,2024-25,296,Regular (Continuing),Online Mode,Regular,2022-09-01,Yes,Yusuf Siddiqui,Sophia Siddiqui,+966539535966,sana.siddiqui296@parent.com,"105 Al-Nuzha Street, Jeddah"
,Reema Al-Rashid,ريما الراشد,Female,2019-12-23,Saudi Arabia,National ID,1935201494,,,Muslim,Riyadh,AMERICAN,Grade 2,A,2024-25,297,Regular (Continuing),Seasonal Mode,Regular,2022-09-01,Yes,Saif Al-Rashid,Reema Al-Rashid,+966529806097,reema.alrashid297@parent.com,"169 Al-Nuzha Street, Jeddah"
,Sara Al-Qahtani,سارة القحطاني,Female,2018-04-15,Saudi Arabia,National ID,1999043896,,,Muslim,Mecca,AMERICAN,Grade 3,A,2024-25,298,Regular (Continuing),Regular Mode,Regular,2023-09-01,Yes,Talal Al-Qahtani,Mariam Al-Qahtani,+966586100870,sara.alqahtani298@parent.com,"104 Al-Nuzha Street, Jeddah"
,Kabir Shaikh,كبير شيخ,Male,2017-11-03,Egypt,Iqama,,2242820042,,Non-Muslim,Damascus,AMERICAN,Grade 4,A,2024-25,299,Regular (Continuing),Regular Mode,Regular,2022-09-01,Yes,Aryan Shaikh,Priya Shaikh,+966513698318,kabir.shaikh299@parent.com,"199 Al-Nuzha Street, Jeddah"
,Raed Al-Hashemi,رائد الهاشمي,Male,2016-12-24,Saudi Arabia,National ID,1868418711,,,Muslim,Buraidah,AMERICAN,Grade 5,A,2024-25,300,Transfer,Online Mode,Transfer,2023-09-01,Yes,Yousef Al-Hashemi,Salma Al-Hashemi,+966531852490,raed.alhashemi300@parent.com,"175 Al-Nuzha Street, Jeddah"
,Sofia Brown,صوفيا براون,Female,2015-07-16,United Kingdom,Iqama,,2018289671,,Muslim,Sanaa,AMERICAN,Grade 6,A,2024-25,301,Regular (Continuing),Regular Mode,Regular,2025-09-01,Yes,Hamza Brown,Sophia Brown,+966501009451,sofia.brown301@parent.com,"236 Al-Nuzha Street, Jeddah"
,Hanan Al-Dosari,حنان الدوسري,Female,2014-06-11,Saudi Arabia,National ID,1997059567,,,Non-Muslim,Tabuk,AMERICAN,Grade 7,A,2024-25,302,Regular (Continuing),Seasonal Mode,Regular,2024-09-01,Yes,Bader Al-Dosari,Layla Al-Dosari,+966591982792,hanan.aldosari302@parent.com,"219 Al-Nuzha Street, Jeddah"
,Omar Al-Hussein,عمر الحسين,Male,2013-07-16,Saudi Arabia,National ID,1154249504,,,Muslim,Jeddah,AMERICAN,Grade 8,A,2024-25,303,Regular (Continuing),Online Mode,Regular,2023-09-01,Yes,Adel Al-Hussein,Reema Al-Hussein,+966503973249,omar.alhussein303@parent.com,"179 Al-Nuzha Street, Jeddah"
,Olivia Hassan,أوليفيا حسن,Female,2012-12-03,Bangladesh,Iqama,,2281816818,,Muslim,New York,AMERICAN,Grade 9,A,2024-25,304,Transfer,Online Mode,Transfer,2022-09-01,Yes,Vihaan Hassan,Layla Hassan,+966529623035,olivia.hassan304@parent.com,"106 Al-Nuzha Street, Jeddah"
,Raed Al-Mutairi,رائد المطيري,Male,2011-10-27,Saudi Arabia,National ID,1738172570,,,Muslim,Abha,AMERICAN,Grade 10,A,2024-25,305,New Student,Regular Mode,New,2023-09-01,Yes,Fahad Al-Mutairi,Aisha Al-Mutairi,+966524007514,raed.almutairi305@parent.com,"209 Al-Nuzha Street, Jeddah"
,Raed Al-Qahtani,رائد القحطاني,Male,2010-03-10,Saudi Arabia,National ID,1412384782,,,Muslim,Jeddah,AMERICAN,Grade 11,A,2024-25,306,New Student,Regular Mode,New,2024-09-01,Yes,Yazeed Al-Qahtani,Dana Al-Qahtani,+966597181289,raed.alqahtani306@parent.com,"172 Al-Nuzha Street, Jeddah"
,Dana Al-Ghamdi,دانا الغامدي,Female,2009-10-04,Saudi Arabia,National ID,1603986965,,,Muslim,Jeddah,AMERICAN,Grade 12,A,2024-25,307,New Student,Online Mode,New,2024-09-01,Yes,Bandar Al-Ghamdi,Reem Al-Ghamdi,+966582146656,dana.alghamdi307@parent.com,"49 Al-Nuzha Street, Jeddah"
,Emma Chen,إيما تشين,Female,2020-10-10,Egypt,Iqama,,2662340745,,Muslim,Dhaka,AMERICAN,KG1,A,2024-25,308,Regular (Continuing),Regular Mode,Regular,2023-09-01,Yes,Junaid Chen,Sophia Chen,+966538854723,emma.chen308@parent.com,"59 Al-Nuzha Street, Jeddah"
,Wafa Al-Shehri,وفاء الشهري,Female,2019-04-16,Saudi Arabia,National ID,1982414431,,,Muslim,Buraidah,AMERICAN,KG2,A,2024-25,309,New Student,Seasonal Mode,New,2022-09-01,Yes,Ammar Al-Shehri,Fatima Al-Shehri,+966578465329,wafa.alshehri309@parent.com,"273 Al-Nuzha Street, Jeddah"
,Layla Al-Sulami,ليلى السلمي,Female,2020-06-27,Saudi Arabia,National ID,1795533476,,,Muslim,Riyadh,AMERICAN,Grade 1,A,2024-25,310,Regular (Continuing),Seasonal Mode,Regular,2025-09-01,Yes,Fahad Al-Sulami,Amal Al-Sulami,+966542928464,layla.alsulami310@parent.com,"206 Al-Nuzha Street, Jeddah"
,Latifa Al-Sulami,لطيفة السلمي,Female,2019-10-05,Saudi Arabia,National ID,1627439361,,,Muslim,Jeddah,AMERICAN,Grade 2,A,2024-25,311,New Student,Online Mode,New,2022-09-01,Yes,Bader Al-Sulami,Mariam Al-Sulami,+966536511692,latifa.alsulami311@parent.com,"113 Al-Nuzha Street, Jeddah"
,Manal Al-Sulami,منال السلمي,Female,2018-05-21,Saudi Arabia,National ID,1348682999,,,Muslim,Tabuk,AMERICAN,Grade 3,A,2024-25,312,Regular (Continuing),Online Mode,Regular,2023-09-01,Yes,Turki Al-Sulami,Mariam Al-Sulami,+966598390511,manal.alsulami312@parent.com,"64 Al-Nuzha Street, Jeddah"
,Ayaan Ahmed,أيان أحمد,Male,2017-09-19,United Kingdom,Iqama,,2645620251,,Muslim,Cairo,AMERICAN,Grade 4,A,2024-25,313,New Student,Regular Mode,New,2023-09-01,Yes,Ahmed Ahmed,Sadia Ahmed,+966519126028,ayaan.ahmed313@parent.com,"245 Al-Nuzha Street, Jeddah"
,Hira Ali,هيرا علي,Female,2016-01-27,Philippines,Iqama,,2452113318,,Muslim,Damascus,AMERICAN,Grade 5,A,2024-25,314,New Student,Online Mode,New,2024-09-01,Yes,Imran Ali,Emma Ali,+966566053829,hira.ali314@parent.com,"149 Al-Nuzha Street, Jeddah"
,Hassan Patel,حسن باتل,Male,2015-03-27,Egypt,Passport,,,ML0538071,Muslim,Damascus,AMERICAN,Grade 6,A,2024-25,315,Transfer,Seasonal Mode,Transfer,2022-09-01,Yes,Zayn Patel,Emma Patel,+966592529696,hassan.patel315@parent.com,"262 Al-Nuzha Street, Jeddah"
,Ziyad Al-Zahrani,زياد الزهراني,Male,2014-05-16,Saudi Arabia,National ID,1967489333,,,Non-Muslim,Buraidah,AMERICAN,Grade 7,A,2024-25,316,Regular (Continuing),Online Mode,Regular,2025-09-01,Yes,Mohammed Al-Zahrani,Latifa Al-Zahrani,+966519450128,ziyad.alzahrani316@parent.com,"243 Al-Nuzha Street, Jeddah"
,Bilal Hussain,بلال حسين,Male,2013-08-26,Yemen,Iqama,,2341091890,,Muslim,Amman,AMERICAN,Grade 8,A,2024-25,317,Regular (Continuing),Seasonal Mode,Regular,2025-09-01,Yes,James Hussain,Sofia Hussain,+966599574254,bilal.hussain317@parent.com,"165 Al-Nuzha Street, Jeddah"
,Ayaan Habib,أيان حبيب,Male,2012-07-02,Yemen,Iqama,,2643397038,,Non-Muslim,Damascus,AMERICAN,Grade 9,A,2024-25,318,Regular (Continuing),Seasonal Mode,Regular,2025-09-01,Yes,Hamza Habib,Diya Habib,+966581001933,ayaan.habib318@parent.com,"78 Al-Nuzha Street, Jeddah"
,Dalal Al-Dosari,دلال الدوسري,Female,2011-04-24,Saudi Arabia,National ID,1950520806,,,Muslim,Buraidah,AMERICAN,Grade 10,A,2024-25,319,Regular (Continuing),Online Mode,Regular,2024-09-01,Yes,Salman Al-Dosari,Maha Al-Dosari,+966500800152,dalal.aldosari319@parent.com,"185 Al-Nuzha Street, Jeddah"
,Mariam Shaikh,مريم شيخ,Female,2010-12-24,India,Passport,,,HJ3263153,Non-Muslim,Cairo,AMERICAN,Grade 11,A,2024-25,320,New Student,Seasonal Mode,New,2022-09-01,Yes,Kabir Shaikh,Sofia Shaikh,+966583459792,mariam.shaikh320@parent.com,"267 Al-Nuzha Street, Jeddah"
,Layla Al-Mutairi,ليلى المطيري,Female,2009-06-10,Saudi Arabia,National ID,1731406236,,,Muslim,Tabuk,AMERICAN,Grade 12,A,2024-25,321,Regular (Continuing),Seasonal Mode,Regular,2025-09-01,Yes,Nawaf Al-Mutairi,Reema Al-Mutairi,+966565916803,layla.almutairi321@parent.com,"119 Al-Nuzha Street, Jeddah"
,Aisha Kumar,عائشة كومار,Female,2020-01-16,Indonesia,Iqama,,2148079094,,Muslim,Manila,AMERICAN,KG1,A,2024-25,322,Regular (Continuing),Regular Mode,Regular,2022-09-01,Yes,Kabir Kumar,Fatima Kumar,+966555611611,aisha.kumar322@parent.com,"213 Al-Nuzha Street, Jeddah"
,Jana Al-Anazi,جنى العنزي,Female,2019-02-22,Saudi Arabia,National ID,1367938069,,,Muslim,Riyadh,AMERICAN,KG2,A,2024-25,323,Transfer,Regular Mode,Transfer,2023-09-01,Yes,Naif Al-Anazi,Hessa Al-Anazi,+966572929857,jana.alanazi323@parent.com,"65 Al-Nuzha Street, Jeddah"
,Turki Al-Harbi,تركي الحربي,Male,2020-12-20,Saudi Arabia,National ID,1255345460,,,Muslim,Riyadh,AMERICAN,Grade 1,A,2024-25,324,New Student,Regular Mode,New,2025-09-01,Yes,Ali Al-Harbi,Manal Al-Harbi,+966503940597,turki.alharbi324@parent.com,"231 Al-Nuzha Street, Jeddah"
,Khalid Al-Ghamdi,خالد الغامدي,Male,2019-09-14,Saudi Arabia,National ID,1635135838,,,Non-Muslim,Riyadh,AMERICAN,Grade 2,A,2024-25,325,New Student,Seasonal Mode,New,2025-09-01,Yes,Abdullah Al-Ghamdi,Tala Al-Ghamdi,+966552430437,khalid.alghamdi325@parent.com,"292 Al-Nuzha Street, Jeddah"
,Anvi Mahmood,أنفي محمود,Female,2018-03-23,Pakistan,Passport,,,JK9862223,Non-Muslim,Amman,AMERICAN,Grade 3,A,2024-25,326,New Student,Online Mode,New,2022-09-01,Yes,Imran Mahmood,Aisha Mahmood,+966595612425,anvi.mahmood326@parent.com,"263 Al-Nuzha Street, Jeddah"
,Bandar Al-Zahrani,بندر الزهراني,Male,2017-11-24,Saudi Arabia,National ID,1570328345,,,Non-Muslim,Mecca,AMERICAN,Grade 4,A,2024-25,327,New Student,Regular Mode,New,2025-09-01,Yes,Ammar Al-Zahrani,Wafa Al-Zahrani,+966516416440,bandar.alzahrani327@parent.com,"240 Al-Nuzha Street, Jeddah"
,Daniel Ali,دانيال علي,Male,2016-05-25,United States,Passport,,,KA2519586,Non-Muslim,Cairo,AMERICAN,Grade 5,A,2024-25,328,Regular (Continuing),Online Mode,Regular,2022-09-01,Yes,Talha Ali,Maya Ali,+966526990223,daniel.ali328@parent.com,"215 Al-Nuzha Street, Jeddah"
,Bilal Siddiqui,بلال صديقي,Male,2015-03-08,Syria,Iqama,,2693490964,,Non-Muslim,Cairo,AMERICAN,Grade 6,A,2024-25,329,Transfer,Seasonal Mode,Transfer,2025-09-01,Yes,Mustafa Siddiqui,Mariam Siddiqui,+966596403418,bilal.siddiqui329@parent.com,"129 Al-Nuzha Street, Jeddah"
,John Garcia,جون جارسيا,Male,2014-10-07,Jordan,Iqama,,2380651098,,Muslim,Damascus,AMERICAN,Grade 7,A,2024-25,330,New Student,Seasonal Mode,New,2024-09-01,Yes,Ismail Garcia,Maya Garcia,+966510527279,john.garcia330@parent.com,"108 Al-Nuzha Street, Jeddah"
,Yousef Al-Fayez,يوسف الفايز,Male,2013-04-21,Saudi Arabia,National ID,1810742991,,,Muslim,Abha,AMERICAN,Grade 8,A,2024-25,331,Transfer,Online Mode,Transfer,2024-09-01,Yes,Khalid Al-Fayez,Hessa Al-Fayez,+966503041065,yousef.alfayez331@parent.com,"65 Al-Nuzha Street, Jeddah"
,Mariam Hassan,مريم حسن,Female,2012-02-01,Pakistan,Iqama,,2789830465,,Muslim,Dhaka,AMERICAN,Grade 9,A,2024-25,332,Regular (Continuing),Regular Mode,Regular,2022-09-01,Yes,Talha Hassan,Sophia Hassan,+966594259181,mariam.hassan332@parent.com,"112 Al-Nuzha Street, Jeddah"
,Hamad Al-Sabah,حمد الصباح,Male,2011-11-03,Saudi Arabia,National ID,1074403555,,,Muslim,Dammam,AMERICAN,Grade 10,A,2024-25,333,Transfer,Regular Mode,Transfer,2024-09-01,Yes,Khalid Al-Sabah,Wafa Al-Sabah,+966593302699,hamad.alsabah333@parent.com,"113 Al-Nuzha Street, Jeddah"
,Maha Al-Maliki,مها المالكي,Female,2010-12-05,Saudi Arabia,National ID,1053252823,,,Muslim,Mecca,AMERICAN,Grade 11,A,2024-25,334,Transfer,Regular Mode,Transfer,2022-09-01,Yes,Ibrahim Al-Maliki,Hanan Al-Maliki,+966550531430,maha.almaliki334@parent.com,"294 Al-Nuzha Street, Jeddah"
,Hamza Gupta,حمزة جوبتا,Male,2009-03-07,Syria,Iqama,,2680820704,,Muslim,Mumbai,AMERICAN,Grade 12,A,2024-25,335,Transfer,Regular Mode,Transfer,2024-09-01,Yes,Michael Gupta,Anaya Gupta,+966533389020,hamza.gupta335@parent.com,"42 Al-Nuzha Street, Jeddah"
,Ahmed Gupta,أحمد جوبتا,Male,2020-09-04,Yemen,Iqama,,2445509462,,Muslim,London,AMERICAN,KG1,A,2024-25,336,Regular (Continuing),Online Mode,Regular,2025-09-01,Yes,Yusuf Gupta,Mehek Gupta,+966561452885,ahmed.gupta336@parent.com,"52 Al-Nuzha Street, Jeddah"
,Michael Saleh,مايكل صالح,Male,2019-03-08,Jordan,Passport,,,NB8447476,Muslim,Sanaa,AMERICAN,KG2,A,2024-25,337,Transfer,Seasonal Mode,Transfer,2023-09-01,Yes,Mustafa Saleh,Priya Saleh,+966545891988,michael.saleh337@parent.com,"197 Al-Nuzha Street, Jeddah"
,Priya Rahman,بريا رحمن,Female,2020-04-11,Sudan,Passport,,,NA3282286,Muslim,Khartoum,AMERICAN,Grade 1,A,2024-25,338,New Student,Online Mode,New,2023-09-01,Yes,Michael Rahman,Sana Rahman,+966519728322,priya.rahman338@parent.com,"142 Al-Nuzha Street, Jeddah"
,Wafa Al-Sudais,وفاء السديس,Female,2019-03-13,Saudi Arabia,National ID,1026905967,,,Muslim,Tabuk,AMERICAN,Grade 2,A,2024-25,339,Regular (Continuing),Online Mode,Regular,2025-09-01,Yes,Nawaf Al-Sudais,Lama Al-Sudais,+966543466193,wafa.alsudais339@parent.com,"177 Al-Nuzha Street, Jeddah"
,Sana Hussain,سناء حسين,Female,2018-11-28,Egypt,Iqama,,2781782613,,Muslim,Khartoum,AMERICAN,Grade 3,A,2024-25,340,Transfer,Online Mode,Transfer,2024-09-01,Yes,Faris Hussain,Diya Hussain,+966531902145,sana.hussain340@parent.com,"8 Al-Nuzha Street, Jeddah"
,Mustafa Kumar,مصطفى كومار,Male,2017-07-01,Sudan,Iqama,,2360267834,,Muslim,New York,AMERICAN,Grade 4,A,2024-25,341,New Student,Online Mode,New,2025-09-01,Yes,Faris Kumar,Sophia Kumar,+966550419875,mustafa.kumar341@parent.com,"215 Al-Nuzha Street, Jeddah"
,Asma Al-Maliki,أسماء المالكي,Female,2016-12-26,Saudi Arabia,National ID,1216973583,,,Muslim,Abha,AMERICAN,Grade 5,A,2024-25,342,New Student,Regular Mode,New,2024-09-01,Yes,Anas Al-Maliki,Manal Al-Maliki,+966544911995,asma.almaliki342@parent.com,"189 Al-Nuzha Street, Jeddah"
,James Sheikh,جيمس شيخ,Male,2015-09-21,Bangladesh,Iqama,,2730256119,,Muslim,Mumbai,AMERICAN,Grade 6,A,2024-25,343,Regular (Continuing),Regular Mode,Regular,2024-09-01,Yes,Ayaan Sheikh,Anaya Sheikh,+966587907258,james.sheikh343@parent.com,"277 Al-Nuzha Street, Jeddah"
,Abdullah Al-Harbi,عبدالله الحربي,Male,2014-10-17,Saudi Arabia,National ID,1590681952,,,Muslim,Riyadh,AMERICAN,Grade 7,A,2024-25,344,Regular (Continuing),Seasonal Mode,Regular,2024-09-01,Yes,Talal Al-Harbi,Wafa Al-Harbi,+966557140697,abdullah.alharbi344@parent.com,"120 Al-Nuzha Street, Jeddah"
,Aljawhara Al-Zahrani,الجوهرة الزهراني,Female,2013-02-22,Saudi Arabia,National ID,1111527490,,,Muslim,Khobar,AMERICAN,Grade 8,A,2024-25,345,Regular (Continuing),Regular Mode,Regular,2025-09-01,Yes,Majed Al-Zahrani,Mariam Al-Zahrani,+966523892696,aljawhara.alzahrani345@parent.com,"166 Al-Nuzha Street, Jeddah"
,Saif Al-Hussein,سيف الحسين,Male,2012-05-24,Saudi Arabia,National ID,1248398378,,,Muslim,Madinah,AMERICAN,Grade 9,A,2024-25,346,Regular (Continuing),Regular Mode,Regular,2025-09-01,Yes,Ammar Al-Hussein,Raghad Al-Hussein,+966570754840,saif.alhussein346@parent.com,"239 Al-Nuzha Street, Jeddah"
,Saanvi Rahman,سانفي رحمن,Female,2011-11-13,Egypt,Iqama,,2667301308,,Muslim,Mumbai,AMERICAN,Grade 10,A,2024-25,347,New Student,Regular Mode,New,2025-09-01,Yes,Hamza Rahman,Olivia Rahman,+966571589032,saanvi.rahman347@parent.com,"28 Al-Nuzha Street, Jeddah"
,Priya Mahmood,بريا محمود,Female,2010-04-16,United States,Passport,,,MD1177980,Muslim,Dhaka,AMERICAN,Grade 11,A,2024-25,348,New Student,Online Mode,New,2022-09-01,Yes,Zayn Mahmood,Nour Mahmood,+966560002966,priya.mahmood348@parent.com,"58 Al-Nuzha Street, Jeddah"
,Joud Al-Sulami,جود السلمي,Female,2009-05-06,Saudi Arabia,National ID,1025814312,,,Non-Muslim,Riyadh,AMERICAN,Grade 12,A,2024-25,349,Transfer,Online Mode,Transfer,2024-09-01,Yes,Yousef Al-Sulami,Lama Al-Sulami,+966556990662,joud.alsulami349@parent.com,"253 Al-Nuzha Street, Jeddah"
,Manal Al-Sudais,منال السديس,Female,2020-04-23,Saudi Arabia,National ID,1752722877,,,Non-Muslim,Abha,AMERICAN,KG1,A,2024-25,350,Regular (Continuing),Seasonal Mode,Regular,2024-09-01,Yes,Talal Al-Sudais,Mariam Al-Sudais,+966520642465,manal.alsudais350@parent.com,"11 Al-Nuzha Street, Jeddah"
,Norah Al-Anazi,نورة العنزي,Female,2019-09-23,Saudi Arabia,National ID,1406108380,,,Muslim,Mecca,AMERICAN,KG2,A,2024-25,351,Regular (Continuing),Regular Mode,Regular,2024-09-01,Yes,Majed Al-Anazi,Latifa Al-Anazi,+966532670457,norah.alanazi351@parent.com,"221 Al-Nuzha Street, Jeddah"
,Saud Al-Tamimi,سعود التميمي,Male,2020-07-18,Saudi Arabia,National ID,1894902142,,,Muslim,Mecca,AMERICAN,Grade 1,A,2024-25,352,New Student,Regular Mode,New,2023-09-01,Yes,Anas Al-Tamimi,Ghada Al-Tamimi,+966519863475,saud.altamimi352@parent.com,"140 Al-Nuzha Street, Jeddah"
,Nayla Sharma,نايلة شارما,Female,2019-05-07,Indonesia,Passport,,,FB0881410,Muslim,Khartoum,AMERICAN,Grade 2,A,2024-25,353,Regular (Continuing),Seasonal Mode,Regular,2022-09-01,Yes,Hassan Sharma,Emma Sharma,+966536319033,nayla.sharma353@parent.com,"162 Al-Nuzha Street, Jeddah"
,Zoe Kumar,زوي كومار,Female,2018-12-07,Sudan,Iqama,,2621439807,,Muslim,Damascus,AMERICAN,Grade 3,A,2024-25,354,New Student,Online Mode,New,2025-09-01,Yes,Daniel Kumar,Zainab Kumar,+966585202834,zoe.kumar354@parent.com,"21 Al-Nuzha Street, Jeddah"
,Nayla Kumar,نايلة كومار,Female,2017-03-24,Indonesia,Iqama,,2064807806,,Muslim,Damascus,AMERICAN,Grade 4,A,2024-25,355,Regular (Continuing),Regular Mode,Regular,2024-09-01,Yes,Imran Kumar,Saanvi Kumar,+966555688900,nayla.kumar355@parent.com,"81 Al-Nuzha Street, Jeddah"
,Layla Al-Hussein,ليلى الحسين,Female,2016-03-11,Saudi Arabia,National ID,1729243961,,,Non-Muslim,Madinah,AMERICAN,Grade 5,A,2024-25,356,New Student,Regular Mode,New,2023-09-01,Yes,Nawaf Al-Hussein,Dana Al-Hussein,+966597501132,layla.alhussein356@parent.com,"58 Al-Nuzha Street, Jeddah"
,Sana Rahman,سناء رحمن,Female,2015-08-24,Jordan,Iqama,,2244981368,,Muslim,London,AMERICAN,Grade 6,A,2024-25,357,New Student,Seasonal Mode,New,2024-09-01,Yes,Imran Rahman,Anika Rahman,+966506661440,sana.rahman357@parent.com,"67 Al-Nuzha Street, Jeddah"
,Priya Garcia,بريا جارسيا,Female,2014-08-22,Jordan,Iqama,,2714387869,,Muslim,Jakarta,AMERICAN,Grade 7,A,2024-25,358,Regular (Continuing),Seasonal Mode,Regular,2024-09-01,Yes,Hassan Garcia,Anika Garcia,+966572058195,priya.garcia358@parent.com,"241 Al-Nuzha Street, Jeddah"
,Priya Mahmood,بريا محمود,Female,2013-10-25,Indonesia,Iqama,,2048723685,,Muslim,London,AMERICAN,Grade 8,A,2024-25,359,New Student,Seasonal Mode,New,2024-09-01,Yes,Ayaan Mahmood,Diya Mahmood,+966513045082,priya.mahmood359@parent.com,"59 Al-Nuzha Street, Jeddah"
,Sofia Gupta,صوفيا جوبتا,Female,2012-08-28,Syria,Iqama,,2312347117,,Muslim,Khartoum,AMERICAN,Grade 9,A,2024-25,360,Regular (Continuing),Online Mode,Regular,2022-09-01,Yes,Aryan Gupta,Sophia Gupta,+966538924459,sofia.gupta360@parent.com,"83 Al-Nuzha Street, Jeddah"
,Daniel Hussain,دانيال حسين,Male,2011-11-07,Pakistan,Iqama,,2226674736,,Non-Muslim,New York,AMERICAN,Grade 10,A,2024-25,361,Regular (Continuing),Regular Mode,Regular,2022-09-01,Yes,Ayaan Hussain,Anika Hussain,+966560878188,daniel.hussain361@parent.com,"296 Al-Nuzha Street, Jeddah"
,Sofia Siddiqui,صوفيا صديقي,Female,2010-04-08,Indonesia,Iqama,,2948752039,,Muslim,Karachi,AMERICAN,Grade 11,A,2024-25,362,New Student,Online Mode,New,2023-09-01,Yes,Aryan Siddiqui,Aisha Siddiqui,+966527673929,sofia.siddiqui362@parent.com,"222 Al-Nuzha Street, Jeddah"
,Olivia Ahmed,أوليفيا أحمد,Female,2009-08-06,Sudan,Passport,,,MD5601886,Muslim,Karachi,AMERICAN,Grade 12,A,2024-25,363,New Student,Seasonal Mode,New,2022-09-01,Yes,James Ahmed,Sophia Ahmed,+966528370231,olivia.ahmed363@parent.com,"165 Al-Nuzha Street, Jeddah"
,Jana Al-Saud,جنى آل سعود,Female,2020-06-13,Saudi Arabia,National ID,1348743385,,,Muslim,Abha,AMERICAN,KG1,A,2024-25,364,Regular (Continuing),Online Mode,Regular,2023-09-01,Yes,Mohammed Al-Saud,Renad Al-Saud,+966558920842,jana.alsaud364@parent.com,"250 Al-Nuzha Street, Jeddah"
,Sadia Hassan,صادية حسن,Female,2019-09-26,Bangladesh,Passport,,,LN0227382,Muslim,Mumbai,AMERICAN,KG2,A,2024-25,365,Transfer,Regular Mode,Transfer,2023-09-01,Yes,Junaid Hassan,Zoe Hassan,+966547883519,sadia.hassan365@parent.com,"27 Al-Nuzha Street, Jeddah"
,Ali Al-Dosari,علي الدوسري,Male,2020-11-13,Saudi Arabia,National ID,1304465192,,,Muslim,Buraidah,AMERICAN,Grade 1,A,2024-25,366,Transfer,Seasonal Mode,Transfer,2024-09-01,Yes,Hamad Al-Dosari,Shaden Al-Dosari,+966561720515,ali.aldosari366@parent.com,"225 Al-Nuzha Street, Jeddah"
,Aliya Khan,عالية خان,Female,2019-04-17,United States,Iqama,,2580636876,,Non-Muslim,Sanaa,AMERICAN,Grade 2,A,2024-25,367,Transfer,Online Mode,Transfer,2022-09-01,Yes,Tariq Khan,Layla Khan,+966528577346,aliya.khan367@parent.com,"31 Al-Nuzha Street, Jeddah"
,Renad Al-Rashid,رناد الراشد,Female,2018-02-02,Saudi Arabia,National ID,1836255115,,,Non-Muslim,Madinah,AMERICAN,Grade 3,A,2024-25,368,Transfer,Online Mode,Transfer,2023-09-01,Yes,Khalid Al-Rashid,Asma Al-Rashid,+966544163221,renad.alrashid368@parent.com,"77 Al-Nuzha Street, Jeddah"
,Lama Al-Maliki,لمى المالكي,Female,2017-11-26,Saudi Arabia,National ID,1568718972,,,Muslim,Riyadh,AMERICAN,Grade 4,A,2024-25,369,Regular (Continuing),Seasonal Mode,Regular,2022-09-01,Yes,Raed Al-Maliki,Latifa Al-Maliki,+966528339145,lama.almaliki369@parent.com,"52 Al-Nuzha Street, Jeddah"
,Mohammed Al-Zahrani,محمد الزهراني,Male,2016-03-18,Saudi Arabia,National ID,1476747293,,,Muslim,Buraidah,AMERICAN,Grade 5,A,2024-25,370,New Student,Regular Mode,New,2023-09-01,Yes,Naif Al-Zahrani,Salma Al-Zahrani,+966583566821,mohammed.alzahrani370@parent.com,"127 Al-Nuzha Street, Jeddah"
,Sultan Al-Ghamdi,سلطان الغامدي,Male,2015-11-18,Saudi Arabia,National ID,1170034729,,,Muslim,Abha,AMERICAN,Grade 6,A,2024-25,371,New Student,Online Mode,New,2023-09-01,Yes,Bandar Al-Ghamdi,Aljawhara Al-Ghamdi,+966565045200,sultan.alghamdi371@parent.com,"34 Al-Nuzha Street, Jeddah"
,Talha Ibrahim,طلحة إبراهيم,Male,2014-02-12,Philippines,Iqama,,2569855513,,Muslim,Mumbai,AMERICAN,Grade 7,A,2024-25,372,Transfer,Seasonal Mode,Transfer,2023-09-01,Yes,John Ibrahim,Riya Ibrahim,+966580167259,talha.ibrahim372@parent.com,"201 Al-Nuzha Street, Jeddah"
,Aljawhara Al-Sulami,الجوهرة السلمي,Female,2013-12-17,Saudi Arabia,National ID,1531788910,,,Muslim,Jeddah,AMERICAN,Grade 8,A,2024-25,373,Regular (Continuing),Online Mode,Regular,2023-09-01,Yes,Nawaf Al-Sulami,Dalal Al-Sulami,+966535326620,aljawhara.alsulami373@parent.com,"239 Al-Nuzha Street, Jeddah"
,Tariq Ahmed,طارق أحمد,Male,2012-11-01,Egypt,Iqama,,2089055167,,Muslim,Dhaka,AMERICAN,Grade 9,A,2024-25,374,Regular (Continuing),Seasonal Mode,Regular,2022-09-01,Yes,Hamza Ahmed,Anika Ahmed,+966523086195,tariq.ahmed374@parent.com,"32 Al-Nuzha Street, Jeddah"
,Hatim Al-Maliki,حاتم المالكي,Male,2011-06-04,Saudi Arabia,National ID,1133228461,,,Muslim,Mecca,AMERICAN,Grade 10,A,2024-25,375,Transfer,Regular Mode,Transfer,2023-09-01,Yes,Yousef Al-Maliki,Renad Al-Maliki,+966531906082,hatim.almaliki375@parent.com,"88 Al-Nuzha Street, Jeddah"
,Zayn Smith,زين سميث,Male,2010-11-17,Philippines,Iqama,,2058106626,,Non-Muslim,Amman,AMERICAN,Grade 11,A,2024-25,376,New Student,Online Mode,New,2025-09-01,Yes,Aryan Smith,Sadia Smith,+966598395404,zayn.smith376@parent.com,"116 Al-Nuzha Street, Jeddah"
,Sara Al-Sulami,سارة السلمي,Female,2009-09-18,Saudi Arabia,National ID,1766615509,,,Non-Muslim,Khobar,AMERICAN,Grade 12,A,2024-25,377,New Student,Seasonal Mode,New,2024-09-01,Yes,Majed Al-Sulami,Dana Al-Sulami,+966559565467,sara.alsulami377@parent.com,"224 Al-Nuzha Street, Jeddah"
,John Hassan,جون حسن,Male,2020-01-05,Pakistan,Iqama,,2240725922,,Muslim,Dhaka,AMERICAN,KG1,A,2024-25,378,Regular (Continuing),Online Mode,Regular,2023-09-01,Yes,Kabir Hassan,Aliya Hassan,+966590067718,john.hassan378@parent.com,"5 Al-Nuzha Street, Jeddah"
,Emma Ibrahim,إيما إبراهيم,Female,2019-03-17,Sudan,Iqama,,2851398185,,Muslim,London,AMERICAN,KG2,A,2024-25,379,Regular (Continuing),Seasonal Mode,Regular,2024-09-01,Yes,Imran Ibrahim,Maya Ibrahim,+966569148236,emma.ibrahim379@parent.com,"57 Al-Nuzha Street, Jeddah"
,Ziyad Al-Yamani,زياد اليماني,Male,2020-09-07,Saudi Arabia,National ID,1027504036,,,Muslim,Abha,AMERICAN,Grade 1,A,2024-25,380,Regular (Continuing),Online Mode,Regular,2024-09-01,Yes,Hamad Al-Yamani,Reema Al-Yamani,+966568800325,ziyad.alyamani380@parent.com,"24 Al-Nuzha Street, Jeddah"
,Michael Kim,مايكل كيم,Male,2019-12-13,India,Iqama,,2376565016,,Non-Muslim,Amman,AMERICAN,Grade 2,A,2024-25,381,Regular (Continuing),Seasonal Mode,Regular,2022-09-01,Yes,Faris Kim,Saanvi Kim,+966598841873,michael.kim381@parent.com,"210 Al-Nuzha Street, Jeddah"
,Asma Al-Harbi,أسماء الحربي,Female,2018-07-12,Saudi Arabia,National ID,1564779032,,,Muslim,Dammam,AMERICAN,Grade 3,A,2024-25,382,New Student,Seasonal Mode,New,2022-09-01,Yes,Sultan Al-Harbi,Aljawhara Al-Harbi,+966520878533,asma.alharbi382@parent.com,"119 Al-Nuzha Street, Jeddah"
,Tala Al-Qahtani,تالا القحطاني,Female,2017-09-07,Saudi Arabia,National ID,1716453605,,,Non-Muslim,Tabuk,AMERICAN,Grade 4,A,2024-25,383,Transfer,Online Mode,Transfer,2022-09-01,Yes,Hassan Al-Qahtani,Latifa Al-Qahtani,+966599289130,tala.alqahtani383@parent.com,"194 Al-Nuzha Street, Jeddah"
,Lama Al-Shehri,لمى الشهري,Female,2016-10-10,Saudi Arabia,National ID,1428635946,,,Muslim,Dammam,AMERICAN,Grade 5,A,2024-25,384,Regular (Continuing),Regular Mode,Regular,2023-09-01,Yes,Fahad Al-Shehri,Layla Al-Shehri,+966566755997,lama.alshehri384@parent.com,"43 Al-Nuzha Street, Jeddah"
,Ibrahim Al-Qahtani,إبراهيم القحطاني,Male,2015-08-13,Saudi Arabia,National ID,1517404427,,,Muslim,Khobar,AMERICAN,Grade 6,A,2024-25,385,Transfer,Seasonal Mode,Transfer,2023-09-01,Yes,Hatim Al-Qahtani,Dalal Al-Qahtani,+966543258549,ibrahim.alqahtani385@parent.com,"192 Al-Nuzha Street, Jeddah"
,Reema Al-Anazi,ريما العنزي,Female,2014-08-20,Saudi Arabia,National ID,1403882952,,,Muslim,Khobar,AMERICAN,Grade 7,A,2024-25,386,Regular (Continuing),Regular Mode,Regular,2025-09-01,Yes,Khalid Al-Anazi,Reem Al-Anazi,+966553305780,reema.alanazi386@parent.com,"84 Al-Nuzha Street, Jeddah"
,Yousef Al-Tamimi,يوسف التميمي,Male,2013-11-12,Saudi Arabia,National ID,1340733494,,,Non-Muslim,Abha,AMERICAN,Grade 8,A,2024-25,387,Regular (Continuing),Regular Mode,Regular,2023-09-01,Yes,Waleed Al-Tamimi,Raghad Al-Tamimi,+966589595921,yousef.altamimi387@parent.com,"256 Al-Nuzha Street, Jeddah"
,James Shaikh,جيمس شيخ,Male,2012-11-16,Pakistan,Passport,,,AC5894370,Muslim,Cairo,AMERICAN,Grade 9,A,2024-25,388,Regular (Continuing),Seasonal Mode,Regular,2024-09-01,Yes,Bilal Shaikh,Sadia Shaikh,+966570388788,james.shaikh388@parent.com,"267 Al-Nuzha Street, Jeddah"
,Talha Habib,طلحة حبيب,Male,2011-01-09,Sudan,Iqama,,2854458297,,Muslim,Mumbai,AMERICAN,Grade 10,A,2024-25,389,Regular (Continuing),Regular Mode,Regular,2024-09-01,Yes,Junaid Habib,Sana Habib,+966580556723,talha.habib389@parent.com,"288 Al-Nuzha Street, Jeddah"
,Junaid Wang,جنيد وانج,Male,2010-03-25,United Kingdom,Iqama,,2885529448,,Non-Muslim,New York,AMERICAN,Grade 11,A,2024-25,390,Regular (Continuing),Regular Mode,Regular,2024-09-01,Yes,Faris Wang,Anika Wang,+966509084263,junaid.wang390@parent.com,"145 Al-Nuzha Street, Jeddah"
,Yousef Al-Zahrani,يوسف الزهراني,Male,2009-01-15,Saudi Arabia,National ID,1464154213,,,Muslim,Tabuk,AMERICAN,Grade 12,A,2024-25,391,New Student,Regular Mode,New,2022-09-01,Yes,Salman Al-Zahrani,Asma Al-Zahrani,+966566567354,yousef.alzahrani391@parent.com,"160 Al-Nuzha Street, Jeddah"
,Zoe Khan,زوي خان,Female,2020-06-20,Sudan,Passport,,,HL1353578,Muslim,Jakarta,AMERICAN,KG1,A,2024-25,392,Regular (Continuing),Regular Mode,Regular,2024-09-01,Yes,Imran Khan,Maya Khan,+966570357462,zoe.khan392@parent.com,"193 Al-Nuzha Street, Jeddah"
,Bader Al-Fayez,بدر الفايز,Male,2019-07-10,Saudi Arabia,National ID,1435049619,,,Muslim,Riyadh,AMERICAN,KG2,A,2024-25,393,Regular (Continuing),Regular Mode,Regular,2024-09-01,Yes,Salman Al-Fayez,Renad Al-Fayez,+966513110578,bader.alfayez393@parent.com,"169 Al-Nuzha Street, Jeddah"
,Lama Al-Shehri,لمى الشهري,Female,2020-04-18,Saudi Arabia,National ID,1012588110,,,Muslim,Buraidah,AMERICAN,Grade 1,A,2024-25,394,New Student,Seasonal Mode,New,2023-09-01,Yes,Yazeed Al-Shehri,Wafa Al-Shehri,+966560578930,lama.alshehri394@parent.com,"10 Al-Nuzha Street, Jeddah"
,Ali Al-Harbi,علي الحربي,Male,2019-08-02,Saudi Arabia,National ID,1769256659,,,Non-Muslim,Mecca,AMERICAN,Grade 2,A,2024-25,395,New Student,Seasonal Mode,New,2024-09-01,Yes,Nawaf Al-Harbi,Salma Al-Harbi,+966535165744,ali.alharbi395@parent.com,"284 Al-Nuzha Street, Jeddah"
,Layla Al-Qahtani,ليلى القحطاني,Female,2018-03-19,Saudi Arabia,National ID,1007400500,,,Muslim,Mecca,AMERICAN,Grade 3,A,2024-25,396,Regular (Continuing),Regular Mode,Regular,2025-09-01,Yes,Talal Al-Qahtani,Tala Al-Qahtani,+966568422732,layla.alqahtani396@parent.com,"166 Al-Nuzha Street, Jeddah"
,Tariq Reddy,طارق ريدي,Male,2017-10-19,India,Iqama,,2702710117,,Muslim,Damascus,AMERICAN,Grade 4,A,2024-25,397,Regular (Continuing),Online Mode,Regular,2022-09-01,Yes,Imran Reddy,Riya Reddy,+966595191281,tariq.reddy397@parent.com,"203 Al-Nuzha Street, Jeddah"
,Ziyad Al-Hussein,زياد الحسين,Male,2016-12-08,Saudi Arabia,National ID,1408833213,,,Muslim,Madinah,AMERICAN,Grade 5,A,2024-25,398,Transfer,Online Mode,Transfer,2024-09-01,Yes,Ammar Al-Hussein,Dana Al-Hussein,+966522446544,ziyad.alhussein398@parent.com,"58 Al-Nuzha Street, Jeddah"
,Aliya Brown,عالية براون,Female,2015-06-15,India,Iqama,,2525479462,,Muslim,Karachi,AMERICAN,Grade 6,A,2024-25,399,New Student,Online Mode,New,2025-09-01,Yes,David Brown,Anvi Brown,+966510424349,aliya.brown399@parent.com,"6 Al-Nuzha Street, Jeddah"
,Saif Al-Saud,سيف آل سعود,Male,2014-12-09,Saudi Arabia,National ID,1605237741,,,Muslim,Khobar,AMERICAN,Grade 7,A,2024-25,400,Regular (Continuing),Seasonal Mode,Regular,2023-09-01,Yes,Sultan Al-Saud,Dana Al-Saud,+966530735298,saif.alsaud400@parent.com,"40 Al-Nuzha Street, Jeddah"
,Hamza Smith,حمزة سميث,Male,2013-09-24,Egypt,Iqama,,2728481166,,Muslim,New York,AMERICAN,Grade 8,A,2024-25,401,Transfer,Online Mode,Transfer,2025-09-01,Yes,Kabir Smith,Sana Smith,+966523548584,hamza.smith401@parent.com,"236 Al-Nuzha Street, Jeddah"
,Wafa Al-Hashemi,وفاء الهاشمي,Female,2012-08-24,Saudi Arabia,National ID,1060324628,,,Muslim,Buraidah,AMERICAN,Grade 9,A,2024-25,402,Transfer,Regular Mode,Transfer,2023-09-01,Yes,Nawaf Al-Hashemi,Manal Al-Hashemi,+966508279726,wafa.alhashemi402@parent.com,"279 Al-Nuzha Street, Jeddah"
,Reem Al-Maliki,ريم المالكي,Female,2011-06-23,Saudi Arabia,National ID,1706268938,,,Muslim,Tabuk,AMERICAN,Grade 10,A,2024-25,403,Regular (Continuing),Regular Mode,Regular,2025-09-01,Yes,Hassan Al-Maliki,Tala Al-Maliki,+966511301080,reem.almaliki403@parent.com,"117 Al-Nuzha Street, Jeddah"
,Abdullah Al-Mutairi,عبدالله المطيري,Male,2010-06-22,Saudi Arabia,National ID,1393768908,,,Non-Muslim,Mecca,AMERICAN,Grade 11,A,2024-25,404,Regular (Continuing),Online Mode,Regular,2024-09-01,Yes,Waleed Al-Mutairi,Salma Al-Mutairi,+966530537624,abdullah.almutairi404@parent.com,"232 Al-Nuzha Street, Jeddah"
,Hessa Al-Saud,حصة آل سعود,Female,2009-09-06,Saudi Arabia,National ID,1964155204,,,Muslim,Jeddah,AMERICAN,Grade 12,A,2024-25,405,New Student,Seasonal Mode,New,2025-09-01,Yes,Turki Al-Saud,Raghad Al-Saud,+966576024048,hessa.alsaud405@parent.com,"144 Al-Nuzha Street, Jeddah"
,Lujain Al-Maliki,لجين المالكي,Female,2020-09-17,Saudi Arabia,National ID,1065620078,,,Muslim,Buraidah,AMERICAN,KG1,A,2024-25,406,Regular (Continuing),Regular Mode,Regular,2022-09-01,Yes,Hassan Al-Maliki,Raghad Al-Maliki,+966587202839,lujain.almaliki406@parent.com,"9 Al-Nuzha Street, Jeddah"
,Daniel Ahmed,دانيال أحمد,Male,2019-04-28,Pakistan,Passport,,,MF2802046,Muslim,Manila,AMERICAN,KG2,A,2024-25,407,New Student,Online Mode,New,2025-09-01,Yes,Junaid Ahmed,Riya Ahmed,+966595674405,daniel.ahmed407@parent.com,"274 Al-Nuzha Street, Jeddah"
,Sana Smith,سناء سميث,Female,2020-11-20,Yemen,Iqama,,2898960438,,Non-Muslim,Karachi,AMERICAN,Grade 1,A,2024-25,408,Regular (Continuing),Online Mode,Regular,2025-09-01,Yes,Aryan Smith,Sophia Smith,+966565929843,sana.smith408@parent.com,"257 Al-Nuzha Street, Jeddah"
,Wafa Al-Sabah,وفاء الصباح,Female,2019-05-13,Saudi Arabia,National ID,1957912747,,,Muslim,Tabuk,AMERICAN,Grade 2,A,2024-25,409,Regular (Continuing),Online Mode,Regular,2025-09-01,Yes,Raed Al-Sabah,Reema Al-Sabah,+966539412403,wafa.alsabah409@parent.com,"39 Al-Nuzha Street, Jeddah"
,Zain Habib,زين حبيب,Male,2018-05-23,Sudan,Passport,,,GB5642548,Muslim,Mumbai,AMERICAN,Grade 3,A,2024-25,410,Regular (Continuing),Regular Mode,Regular,2023-09-01,Yes,David Habib,Diya Habib,+966511763320,zain.habib410@parent.com,"165 Al-Nuzha Street, Jeddah"
,Saif Al-Sulami,سيف السلمي,Male,2017-08-01,Saudi Arabia,National ID,1270537859,,,Muslim,Khobar,AMERICAN,Grade 4,A,2024-25,411,Regular (Continuing),Seasonal Mode,Regular,2025-09-01,Yes,Ibrahim Al-Sulami,Amal Al-Sulami,+966593751086,saif.alsulami411@parent.com,"149 Al-Nuzha Street, Jeddah"
,Diya Kumar,ديا كومار,Female,2016-01-26,United States,Passport,,,HD6362414,Muslim,Sanaa,AMERICAN,Grade 5,A,2024-25,412,Regular (Continuing),Online Mode,Regular,2023-09-01,Yes,Bilal Kumar,Sana Kumar,+966560055749,diya.kumar412@parent.com,"249 Al-Nuzha Street, Jeddah"
,Bader Al-Yamani,بدر اليماني,Male,2015-07-03,Saudi Arabia,National ID,1696849553,,,Muslim,Buraidah,AMERICAN,Grade 6,A,2024-25,413,Regular (Continuing),Seasonal Mode,Regular,2025-09-01,Yes,Omar Al-Yamani,Ghada Al-Yamani,+966547181395,bader.alyamani413@parent.com,"210 Al-Nuzha Street, Jeddah"
,Mohammed Al-Maliki,محمد المالكي,Male,2014-05-16,Saudi Arabia,National ID,1113174086,,,Muslim,Abha,AMERICAN,Grade 7,A,2024-25,414,Regular (Continuing),Regular Mode,Regular,2023-09-01,Yes,Bader Al-Maliki,Wafa Al-Maliki,+966565902593,mohammed.almaliki414@parent.com,"134 Al-Nuzha Street, Jeddah"
,Ayaan Ali,أيان علي,Male,2013-11-04,Jordan,Passport,,,EG4862250,Non-Muslim,Karachi,AMERICAN,Grade 8,A,2024-25,415,Transfer,Regular Mode,Transfer,2025-09-01,Yes,Faris Ali,Anvi Ali,+966592200858,ayaan.ali415@parent.com,"86 Al-Nuzha Street, Jeddah"
,James Gupta,جيمس جوبتا,Male,2012-10-15,Bangladesh,Iqama,,2934113662,,Muslim,Cairo,AMERICAN,Grade 9,A,2024-25,416,Transfer,Regular Mode,Transfer,2022-09-01,Yes,Vihaan Gupta,Saanvi Gupta,+966556671453,james.gupta416@parent.com,"57 Al-Nuzha Street, Jeddah"
,Mehek Siddiqui,مهك صديقي,Female,2011-01-28,United States,Iqama,,2113098809,,Muslim,Karachi,AMERICAN,Grade 10,A,2024-25,417,Regular (Continuing),Regular Mode,Regular,2023-09-01,Yes,David Siddiqui,Sadia Siddiqui,+966593441299,mehek.siddiqui417@parent.com,"244 Al-Nuzha Street, Jeddah"
,Fahad Al-Harbi,فهد الحربي,Male,2010-02-15,Saudi Arabia,National ID,1842824410,,,Non-Muslim,Mecca,AMERICAN,Grade 11,A,2024-25,418,New Student,Seasonal Mode,New,2023-09-01,Yes,Sultan Al-Harbi,Jana Al-Harbi,+966502333420,fahad.alharbi418@parent.com,"158 Al-Nuzha Street, Jeddah"
,Hamad Al-Mutairi,حمد المطيري,Male,2009-01-19,Saudi Arabia,National ID,1668608742,,,Muslim,Dammam,AMERICAN,Grade 12,A,2024-25,419,Transfer,Seasonal Mode,Transfer,2024-09-01,Yes,Turki Al-Mutairi,Hessa Al-Mutairi,+966577399408,hamad.almutairi419@parent.com,"213 Al-Nuzha Street, Jeddah"
,Raed Al-Yamani,رائد اليماني,Male,2020-12-16,Saudi Arabia,National ID,1084013487,,,Muslim,Riyadh,AMERICAN,KG1,A,2024-25,420,Regular (Continuing),Seasonal Mode,Regular,2022-09-01,Yes,Saud Al-Yamani,Ghada Al-Yamani,+966516157234,raed.alyamani420@parent.com,"219 Al-Nuzha Street, Jeddah"
,Daniel Hussain,دانيال حسين,Male,2019-01-16,Sudan,Iqama,,2528907767,,Muslim,Manila,AMERICAN,KG2,A,2024-25,421,New Student,Online Mode,New,2024-09-01,Yes,Imran Hussain,Maya Hussain,+966510913437,daniel.hussain421@parent.com,"76 Al-Nuzha Street, Jeddah"
,Maha Al-Hussein,مها الحسين,Female,2020-01-14,Saudi Arabia,National ID,1355729552,,,Muslim,Madinah,AMERICAN,Grade 1,A,2024-25,422,Regular (Continuing),Regular Mode,Regular,2025-09-01,Yes,Ali Al-Hussein,Ghada Al-Hussein,+966521709014,maha.alhussein422@parent.com,"90 Al-Nuzha Street, Jeddah"
,Khalid Al-Hashemi,خالد الهاشمي,Male,2019-06-25,Saudi Arabia,National ID,1032302063,,,Muslim,Jeddah,AMERICAN,Grade 2,A,2024-25,423,New Student,Online Mode,New,2024-09-01,Yes,Hamad Al-Hashemi,Lujain Al-Hashemi,+966544254576,khalid.alhashemi423@parent.com,"225 Al-Nuzha Street, Jeddah"
,Priya Saleh,بريا صالح,Female,2018-12-02,Pakistan,Iqama,,2540750302,,Muslim,Damascus,AMERICAN,Grade 3,A,2024-25,424,New Student,Seasonal Mode,New,2023-09-01,Yes,Imran Saleh,Nour Saleh,+966513910535,priya.saleh424@parent.com,"22 Al-Nuzha Street, Jeddah"
,John Wang,جون وانج,Male,2017-03-18,Philippines,Passport,,,CD8230964,Muslim,Jakarta,AMERICAN,Grade 4,A,2024-25,425,New Student,Seasonal Mode,New,2022-09-01,Yes,Michael Wang,Saanvi Wang,+966583829808,john.wang425@parent.com,"113 Al-Nuzha Street, Jeddah"
,Ghada Al-Fayez,غادة الفايز,Female,2016-08-28,Saudi Arabia,National ID,1117841284,,,Muslim,Tabuk,AMERICAN,Grade 5,A,2024-25,426,Regular (Continuing),Regular Mode,Regular,2022-09-01,Yes,Bandar Al-Fayez,Lama Al-Fayez,+966568502710,ghada.alfayez426@parent.com,"15 Al-Nuzha Street, Jeddah"
,Mohammed Al-Rashid,محمد الراشد,Male,2015-05-04,Saudi Arabia,National ID,1634322230,,,Muslim,Jeddah,AMERICAN,Grade 6,A,2024-25,427,Regular (Continuing),Online Mode,Regular,2024-09-01,Yes,Ali Al-Rashid,Layla Al-Rashid,+966555163361,mohammed.alrashid427@parent.com,"95 Al-Nuzha Street, Jeddah"
,Saud Al-Dosari,سعود الدوسري,Male,2014-04-14,Saudi Arabia,National ID,1124341297,,,Muslim,Dammam,AMERICAN,Grade 7,A,2024-25,428,Regular (Continuing),Seasonal Mode,Regular,2025-09-01,Yes,Ammar Al-Dosari,Joud Al-Dosari,+966516942019,saud.aldosari428@parent.com,"249 Al-Nuzha Street, Jeddah"
,Lujain Al-Mutairi,لجين المطيري,Female,2013-01-10,Saudi Arabia,National ID,1685125863,,,Muslim,Mecca,AMERICAN,Grade 8,A,2024-25,429,Regular (Continuing),Online Mode,Regular,2024-09-01,Yes,Mohammed Al-Mutairi,Salma Al-Mutairi,+966509273204,lujain.almutairi429@parent.com,"32 Al-Nuzha Street, Jeddah"
,Mariam Sharma,مريم شارما,Female,2012-04-11,Jordan,Iqama,,2831690329,,Muslim,Amman,AMERICAN,Grade 9,A,2024-25,430,Transfer,Online Mode,Transfer,2024-09-01,Yes,Kabir Sharma,Nour Sharma,+966508406366,mariam.sharma430@parent.com,"64 Al-Nuzha Street, Jeddah"
,Noura Al-Anazi,نورة العنزي,Female,2011-12-04,Saudi Arabia,National ID,1959900322,,,Muslim,Tabuk,AMERICAN,Grade 10,A,2024-25,431,Regular (Continuing),Online Mode,Regular,2024-09-01,Yes,Saud Al-Anazi,Shaden Al-Anazi,+966532364809,noura.alanazi431@parent.com,"139 Al-Nuzha Street, Jeddah"
,Reema Al-Sulami,ريما السلمي,Female,2010-09-13,Saudi Arabia,National ID,1619178195,,,Muslim,Tabuk,AMERICAN,Grade 11,A,2024-25,432,Transfer,Online Mode,Transfer,2022-09-01,Yes,Saif Al-Sulami,Dalal Al-Sulami,+966514367251,reema.alsulami432@parent.com,"291 Al-Nuzha Street, Jeddah"
,Khadija Ibrahim,خديجة إبراهيم,Female,2009-01-08,Indonesia,Iqama,,2043629964,,Non-Muslim,Karachi,AMERICAN,Grade 12,A,2024-25,433,Regular (Continuing),Regular Mode,Regular,2023-09-01,Yes,Talha Ibrahim,Anvi Ibrahim,+966526653068,khadija.ibrahim433@parent.com,"117 Al-Nuzha Street, Jeddah"
,Layla Smith,ليلى سميث,Female,2020-08-15,United States,Iqama,,2414888795,,Non-Muslim,Khartoum,AMERICAN,KG1,A,2024-25,434,Regular (Continuing),Online Mode,Regular,2024-09-01,Yes,Kabir Smith,Layla Smith,+966512976514,layla.smith434@parent.com,"133 Al-Nuzha Street, Jeddah"
,Khalid Al-Hussein,خالد الحسين,Male,2019-03-27,Saudi Arabia,National ID,1170659904,,,Muslim,Buraidah,AMERICAN,KG2,A,2024-25,435,New Student,Online Mode,New,2023-09-01,Yes,Abdullah Al-Hussein,Fatima Al-Hussein,+966525368787,khalid.alhussein435@parent.com,"124 Al-Nuzha Street, Jeddah"
,Zayn Kim,زين كيم,Male,2020-09-23,Bangladesh,Passport,,,CH9210681,Muslim,Amman,AMERICAN,Grade 1,A,2024-25,436,New Student,Seasonal Mode,New,2024-09-01,Yes,Adam Kim,Fatima Kim,+966527490370,zayn.kim436@parent.com,"213 Al-Nuzha Street, Jeddah"
,Aisha Al-Maliki,عائشة المالكي,Female,2019-08-14,Saudi Arabia,National ID,1848986941,,,Muslim,Jeddah,AMERICAN,Grade 2,A,2024-25,437,New Student,Online Mode,New,2024-09-01,Yes,Waleed Al-Maliki,Reem Al-Maliki,+966574739527,aisha.almaliki437@parent.com,"31 Al-Nuzha Street, Jeddah"
,Sultan Al-Otaibi,سلطان العتيبي,Male,2018-12-21,Saudi Arabia,National ID,1350772517,,,Non-Muslim,Khobar,AMERICAN,Grade 3,A,2024-25,438,Regular (Continuing),Online Mode,Regular,2024-09-01,Yes,Yousef Al-Otaibi,Joud Al-Otaibi,+966570382741,sultan.alotaibi438@parent.com,"8 Al-Nuzha Street, Jeddah"
,Yusuf Khan,يوسف خان,Male,2017-10-25,Egypt,Passport,,,LN6346525,Non-Muslim,Mumbai,AMERICAN,Grade 4,A,2024-25,439,Transfer,Seasonal Mode,Transfer,2022-09-01,Yes,Kabir Khan,Olivia Khan,+966503198647,yusuf.khan439@parent.com,"96 Al-Nuzha Street, Jeddah"
,Aryan Patel,آريان باتل,Male,2016-08-17,Jordan,Passport,,,CG1976859,Muslim,Cairo,AMERICAN,Grade 5,A,2024-25,440,Transfer,Seasonal Mode,Transfer,2025-09-01,Yes,John Patel,Mariam Patel,+966577069286,aryan.patel440@parent.com,"40 Al-Nuzha Street, Jeddah"
,Mariam Al-Ghamdi,مريم الغامدي,Female,2015-02-20,Saudi Arabia,National ID,1080440047,,,Muslim,Dammam,AMERICAN,Grade 6,A,2024-25,441,Regular (Continuing),Regular Mode,Regular,2022-09-01,Yes,Mohammed Al-Ghamdi,Lama Al-Ghamdi,+966574643081,mariam.alghamdi441@parent.com,"108 Al-Nuzha Street, Jeddah"
,Mustafa Brown,مصطفى براون,Male,2014-10-01,Bangladesh,Iqama,,2359240147,,Muslim,Mumbai,AMERICAN,Grade 7,A,2024-25,442,Regular (Continuing),Regular Mode,Regular,2025-09-01,Yes,Ismail Brown,Nayla Brown,+966532531162,mustafa.brown442@parent.com,"115 Al-Nuzha Street, Jeddah"
,Zain Patel,زين باتل,Male,2013-09-19,Indonesia,Iqama,,2408568663,,Muslim,Karachi,AMERICAN,Grade 8,A,2024-25,443,New Student,Regular Mode,New,2023-09-01,Yes,James Patel,Priya Patel,+966500670424,zain.patel443@parent.com,"284 Al-Nuzha Street, Jeddah"
,Nour Saleh,نور صالح,Female,2012-03-18,Yemen,Passport,,,DJ9651008,Muslim,Mumbai,AMERICAN,Grade 9,A,2024-25,444,Regular (Continuing),Online Mode,Regular,2024-09-01,Yes,Faris Saleh,Anaya Saleh,+966553083922,nour.saleh444@parent.com,"267 Al-Nuzha Street, Jeddah"
,Waleed Al-Rashid,وليد الراشد,Male,2011-12-01,Saudi Arabia,National ID,1780341678,,,Non-Muslim,Riyadh,AMERICAN,Grade 10,A,2024-25,445,Regular (Continuing),Seasonal Mode,Regular,2024-09-01,Yes,Ibrahim Al-Rashid,Joud Al-Rashid,+966550393622,waleed.alrashid445@parent.com,"58 Al-Nuzha Street, Jeddah"
,Hassan Al-Rashid,حسن الراشد,Male,2010-12-08,Saudi Arabia,National ID,1235198191,,,Muslim,Mecca,AMERICAN,Grade 11,A,2024-25,446,Regular (Continuing),Seasonal Mode,Regular,2024-09-01,Yes,Hamad Al-Rashid,Jana Al-Rashid,+966510892801,hassan.alrashid446@parent.com,"177 Al-Nuzha Street, Jeddah"
,Reema Al-Anazi,ريما العنزي,Female,2009-08-23,Saudi Arabia,National ID,1937137272,,,Muslim,Buraidah,AMERICAN,Grade 12,A,2024-25,447,Regular (Continuing),Seasonal Mode,Regular,2022-09-01,Yes,Anas Al-Anazi,Mariam Al-Anazi,+966586078329,reema.alanazi447@parent.com,"40 Al-Nuzha Street, Jeddah"
,Reem Al-Qahtani,ريم القحطاني,Female,2020-07-14,Saudi Arabia,National ID,1266905943,,,Muslim,Buraidah,AMERICAN,KG1,A,2024-25,448,Transfer,Seasonal Mode,Transfer,2024-09-01,Yes,Saif Al-Qahtani,Sara Al-Qahtani,+966516305922,reem.alqahtani448@parent.com,"82 Al-Nuzha Street, Jeddah"
,Reema Al-Rashid,ريما الراشد,Female,2019-12-27,Saudi Arabia,National ID,1423850258,,,Muslim,Riyadh,AMERICAN,KG2,A,2024-25,449,New Student,Seasonal Mode,New,2024-09-01,Yes,Waleed Al-Rashid,Renad Al-Rashid,+966542993147,reema.alrashid449@parent.com,"34 Al-Nuzha Street, Jeddah"
,Bader Al-Zahrani,بدر الزهراني,Male,2020-05-14,Saudi Arabia,National ID,1618988195,,,Muslim,Buraidah,AMERICAN,Grade 1,A,2024-25,450,Regular (Continuing),Regular Mode,Regular,2022-09-01,Yes,Khalid Al-Zahrani,Shaden Al-Zahrani,+966583185472,bader.alzahrani450@parent.com,"172 Al-Nuzha Street, Jeddah"
,Vihaan Ali,فيهان علي,Male,2019-10-15,Egypt,Passport,,,CH5919771,Muslim,Damascus,AMERICAN,Grade 2,A,2024-25,451,Regular (Continuing),Regular Mode,Regular,2022-09-01,Yes,Tariq Ali,Mariam Ali,+966566847630,vihaan.ali451@parent.com,"69 Al-Nuzha Street, Jeddah"
,Abdullah Al-Sulami,عبدالله السلمي,Male,2018-04-27,Saudi Arabia,National ID,1150087470,,,Muslim,Tabuk,AMERICAN,Grade 3,A,2024-25,452,Regular (Continuing),Online Mode,Regular,2025-09-01,Yes,Turki Al-Sulami,Tala Al-Sulami,+966501457664,abdullah.alsulami452@parent.com,"119 Al-Nuzha Street, Jeddah"
,Hanan Al-Zahrani,حنان الزهراني,Female,2017-01-11,Saudi Arabia,National ID,1096289946,,,Muslim,Buraidah,AMERICAN,Grade 4,A,2024-25,453,Transfer,Regular Mode,Transfer,2022-09-01,Yes,Faisal Al-Zahrani,Tala Al-Zahrani,+966510055200,hanan.alzahrani453@parent.com,"229 Al-Nuzha Street, Jeddah"
,Maya Mansoor,مايا منصور,Female,2016-09-20,Syria,Iqama,,2123075863,,Muslim,Manila,AMERICAN,Grade 5,A,2024-25,454,New Student,Regular Mode,New,2025-09-01,Yes,Zayn Mansoor,Anvi Mansoor,+966549851766,maya.mansoor454@parent.com,"282 Al-Nuzha Street, Jeddah"
,Hamad Al-Hashemi,حمد الهاشمي,Male,2015-08-16,Saudi Arabia,National ID,1528322949,,,Muslim,Riyadh,AMERICAN,Grade 6,A,2024-25,455,Regular (Continuing),Online Mode,Regular,2022-09-01,Yes,Mohammed Al-Hashemi,Latifa Al-Hashemi,+966548094637,hamad.alhashemi455@parent.com,"168 Al-Nuzha Street, Jeddah"
,Faisal Al-Zahrani,فيصل الزهراني,Male,2014-02-26,Saudi Arabia,National ID,1622006195,,,Muslim,Madinah,AMERICAN,Grade 7,A,2024-25,456,Regular (Continuing),Seasonal Mode,Regular,2023-09-01,Yes,Ammar Al-Zahrani,Salma Al-Zahrani,+966559668003,faisal.alzahrani456@parent.com,"253 Al-Nuzha Street, Jeddah"
,Zayn Khan,زين خان,Male,2013-02-15,Bangladesh,Passport,,,NE0477228,Muslim,Jakarta,AMERICAN,Grade 8,A,2024-25,457,Regular (Continuing),Seasonal Mode,Regular,2024-09-01,Yes,Yusuf Khan,Zoe Khan,+966596944593,zayn.khan457@parent.com,"45 Al-Nuzha Street, Jeddah"
,Maya Malik,مايا مالك,Female,2012-09-10,Indonesia,Passport,,,GA1975084,Non-Muslim,Karachi,AMERICAN,Grade 9,A,2024-25,458,Regular (Continuing),Seasonal Mode,Regular,2022-09-01,Yes,Zayn Malik,Emma Malik,+966570995779,maya.malik458@parent.com,"185 Al-Nuzha Street, Jeddah"
,Vihaan Mahmood,فيهان محمود,Male,2011-02-16,India,Iqama,,2722099258,,Muslim,Mumbai,AMERICAN,Grade 10,A,2024-25,459,Regular (Continuing),Seasonal Mode,Regular,2024-09-01,Yes,Michael Mahmood,Zainab Mahmood,+966537824576,vihaan.mahmood459@parent.com,"11 Al-Nuzha Street, Jeddah"
,Mariam Shaikh,مريم شيخ,Female,2010-06-18,United States,Iqama,,2551379392,,Non-Muslim,Karachi,AMERICAN,Grade 11,A,2024-25,460,New Student,Seasonal Mode,New,2022-09-01,Yes,Vihaan Shaikh,Emma Shaikh,+966552014928,mariam.shaikh460@parent.com,"300 Al-Nuzha Street, Jeddah"
,Noura Al-Sudais,نورة السديس,Female,2009-05-26,Saudi Arabia,National ID,1646211979,,,Muslim,Mecca,AMERICAN,Grade 12,A,2024-25,461,New Student,Regular Mode,New,2023-09-01,Yes,Khalid Al-Sudais,Raghad Al-Sudais,+966567080159,noura.alsudais461@parent.com,"56 Al-Nuzha Street, Jeddah"
,Asma Al-Yamani,أسماء اليماني,Female,2020-11-19,Saudi Arabia,National ID,1192903326,,,Non-Muslim,Riyadh,AMERICAN,KG1,A,2024-25,462,Regular (Continuing),Seasonal Mode,Regular,2025-09-01,Yes,Fahad Al-Yamani,Raghad Al-Yamani,+966510698724,asma.alyamani462@parent.com,"102 Al-Nuzha Street, Jeddah"
,David Singh,ديفيد سينغ,Male,2019-09-11,Egypt,Iqama,,2225391683,,Muslim,Manila,AMERICAN,KG2,A,2024-25,463,New Student,Regular Mode,New,2022-09-01,Yes,David Singh,Emma Singh,+966511009134,david.singh463@parent.com,"36 Al-Nuzha Street, Jeddah"
,Aliya Sharma,عالية شارما,Female,2020-02-19,Egypt,Iqama,,2231389730,,Muslim,Damascus,AMERICAN,Grade 1,A,2024-25,464,New Student,Online Mode,New,2025-09-01,Yes,Talha Sharma,Aisha Sharma,+966532689302,aliya.sharma464@parent.com,"216 Al-Nuzha Street, Jeddah"
,Sadia Reddy,صادية ريدي,Female,2019-02-02,Jordan,Iqama,,2642580282,,Muslim,Sanaa,AMERICAN,Grade 2,A,2024-25,465,New Student,Regular Mode,New,2022-09-01,Yes,Vihaan Reddy,Anika Reddy,+966562385530,sadia.reddy465@parent.com,"81 Al-Nuzha Street, Jeddah"
,Faisal Al-Yamani,فيصل اليماني,Male,2018-10-05,Saudi Arabia,National ID,1536863929,,,Muslim,Riyadh,AMERICAN,Grade 3,A,2024-25,466,Regular (Continuing),Online Mode,Regular,2023-09-01,Yes,Fahad Al-Yamani,Joud Al-Yamani,+966508339142,faisal.alyamani466@parent.com,"260 Al-Nuzha Street, Jeddah"
,Yazeed Al-Tamimi,يزيد التميمي,Male,2017-11-20,Saudi Arabia,National ID,1982884006,,,Muslim,Mecca,AMERICAN,Grade 4,A,2024-25,467,Regular (Continuing),Seasonal Mode,Regular,2023-09-01,Yes,Ammar Al-Tamimi,Dalal Al-Tamimi,+966587049080,yazeed.altamimi467@parent.com,"15 Al-Nuzha Street, Jeddah"
,Yusuf Rahman,يوسف رحمن,Male,2016-08-18,India,Passport,,,KH0884748,Muslim,Dhaka,AMERICAN,Grade 5,A,2024-25,468,Transfer,Seasonal Mode,Transfer,2022-09-01,Yes,Faris Rahman,Aliya Rahman,+966576733784,yusuf.rahman468@parent.com,"3 Al-Nuzha Street, Jeddah"
,Khalid Al-Otaibi,خالد العتيبي,Male,2015-03-23,Saudi Arabia,National ID,1262923589,,,Muslim,Abha,AMERICAN,Grade 6,A,2024-25,469,Regular (Continuing),Seasonal Mode,Regular,2024-09-01,Yes,Yousef Al-Otaibi,Fatima Al-Otaibi,+966544073251,khalid.alotaibi469@parent.com,"298 Al-Nuzha Street, Jeddah"
,Lama Al-Rashid,لمى الراشد,Female,2014-09-13,Saudi Arabia,National ID,1499749331,,,Muslim,Dammam,AMERICAN,Grade 7,A,2024-25,470,Transfer,Regular Mode,Transfer,2023-09-01,Yes,Khalid Al-Rashid,Tala Al-Rashid,+966596131354,lama.alrashid470@parent.com,"241 Al-Nuzha Street, Jeddah"
,Kabir Habib,كبير حبيب,Male,2013-08-07,Egypt,Iqama,,2261225473,,Muslim,Damascus,AMERICAN,Grade 8,A,2024-25,471,Transfer,Online Mode,Transfer,2024-09-01,Yes,Aryan Habib,Nour Habib,+966537478918,kabir.habib471@parent.com,"127 Al-Nuzha Street, Jeddah"
,Riya Ahmed,ريا أحمد,Female,2012-08-01,Sudan,Passport,,,BA0506140,Muslim,Dhaka,AMERICAN,Grade 9,A,2024-25,472,Regular (Continuing),Seasonal Mode,Regular,2022-09-01,Yes,Hassan Ahmed,Priya Ahmed,+966567744707,riya.ahmed472@parent.com,"57 Al-Nuzha Street, Jeddah"
,Ammar Al-Hussein,عمار الحسين,Male,2011-08-24,Saudi Arabia,National ID,1917892289,,,Muslim,Khobar,AMERICAN,Grade 10,A,2024-25,473,Regular (Continuing),Regular Mode,Regular,2025-09-01,Yes,Mohammed Al-Hussein,Aisha Al-Hussein,+966527236560,ammar.alhussein473@parent.com,"28 Al-Nuzha Street, Jeddah"
,Ahmed Ibrahim,أحمد إبراهيم,Male,2010-05-13,Sudan,Iqama,,2889436109,,Muslim,Jakarta,AMERICAN,Grade 11,A,2024-25,474,Regular (Continuing),Online Mode,Regular,2024-09-01,Yes,Vihaan Ibrahim,Hira Ibrahim,+966522431614,ahmed.ibrahim474@parent.com,"298 Al-Nuzha Street, Jeddah"
,Zoe Saleh,زوي صالح,Female,2009-06-07,Indonesia,Iqama,,2101412521,,Muslim,Mumbai,AMERICAN,Grade 12,A,2024-25,475,New Student,Seasonal Mode,New,2023-09-01,Yes,Talha Saleh,Hira Saleh,+966546373423,zoe.saleh475@parent.com,"187 Al-Nuzha Street, Jeddah"
,Anaya Garcia,أنايا جارسيا,Female,2020-09-03,United Kingdom,Passport,,,DD9156329,Non-Muslim,London,AMERICAN,KG1,A,2024-25,476,Regular (Continuing),Online Mode,Regular,2023-09-01,Yes,Yusuf Garcia,Anvi Garcia,+966542028880,anaya.garcia476@parent.com,"141 Al-Nuzha Street, Jeddah"
,Latifa Al-Yamani,لطيفة اليماني,Female,2019-07-01,Saudi Arabia,National ID,1142252586,,,Muslim,Jeddah,AMERICAN,KG2,A,2024-25,477,Regular (Continuing),Regular Mode,Regular,2022-09-01,Yes,Omar Al-Yamani,Hanan Al-Yamani,+966567467067,latifa.alyamani477@parent.com,"142 Al-Nuzha Street, Jeddah"
,Ahmed Sharma,أحمد شارما,Male,2020-07-22,United States,Iqama,,2872291883,,Muslim,Mumbai,AMERICAN,Grade 1,A,2024-25,478,Regular (Continuing),Seasonal Mode,Regular,2024-09-01,Yes,Aryan Sharma,Olivia Sharma,+966537091907,ahmed.sharma478@parent.com,"92 Al-Nuzha Street, Jeddah"
,Talal Al-Otaibi,طلال العتيبي,Male,2019-05-15,Saudi Arabia,National ID,1497197659,,,Muslim,Tabuk,AMERICAN,Grade 2,A,2024-25,479,Regular (Continuing),Online Mode,Regular,2022-09-01,Yes,Abdullah Al-Otaibi,Reem Al-Otaibi,+966523887334,talal.alotaibi479@parent.com,"12 Al-Nuzha Street, Jeddah"
,Manal Al-Sudais,منال السديس,Female,2018-02-03,Saudi Arabia,National ID,1466523905,,,Non-Muslim,Riyadh,AMERICAN,Grade 3,A,2024-25,480,Regular (Continuing),Seasonal Mode,Regular,2022-09-01,Yes,Ibrahim Al-Sudais,Aljawhara Al-Sudais,+966564786220,manal.alsudais480@parent.com,"286 Al-Nuzha Street, Jeddah"
,Yusuf Wang,يوسف وانج,Male,2017-08-07,Indonesia,Iqama,,2420655117,,Non-Muslim,Dhaka,AMERICAN,Grade 4,A,2024-25,481,Transfer,Regular Mode,Transfer,2024-09-01,Yes,Zayn Wang,Olivia Wang,+966564294256,yusuf.wang481@parent.com,"143 Al-Nuzha Street, Jeddah"
,Anas Al-Sudais,أنس السديس,Male,2016-05-13,Saudi Arabia,National ID,1163321057,,,Muslim,Khobar,AMERICAN,Grade 5,A,2024-25,482,Regular (Continuing),Seasonal Mode,Regular,2023-09-01,Yes,Waleed Al-Sudais,Shaden Al-Sudais,+966526438912,anas.alsudais482@parent.com,"133 Al-Nuzha Street, Jeddah"
,Waleed Al-Otaibi,وليد العتيبي,Male,2015-02-07,Saudi Arabia,National ID,1529035348,,,Muslim,Jeddah,AMERICAN,Grade 6,A,2024-25,483,New Student,Seasonal Mode,New,2025-09-01,Yes,Yousef Al-Otaibi,Sara Al-Otaibi,+966590596811,waleed.alotaibi483@parent.com,"168 Al-Nuzha Street, Jeddah"
,Daniel Reddy,دانيال ريدي,Male,2014-04-17,Philippines,Passport,,,BD3187450,Muslim,Sanaa,AMERICAN,Grade 7,A,2024-25,484,Transfer,Regular Mode,Transfer,2025-09-01,Yes,Bilal Reddy,Anvi Reddy,+966503792029,daniel.reddy484@parent.com,"157 Al-Nuzha Street, Jeddah"
,Faris Malik,فارس مالك,Male,2013-01-07,Yemen,Passport,,,NH4952290,Muslim,Sanaa,AMERICAN,Grade 8,A,2024-25,485,New Student,Online Mode,New,2023-09-01,Yes,Daniel Malik,Aisha Malik,+966589634438,faris.malik485@parent.com,"39 Al-Nuzha Street, Jeddah"
,Junaid Gupta,جنيد جوبتا,Male,2012-06-11,Pakistan,Iqama,,2874298919,,Non-Muslim,Mumbai,AMERICAN,Grade 9,A,2024-25,486,Regular (Continuing),Online Mode,Regular,2022-09-01,Yes,Junaid Gupta,Diya Gupta,+966511203654,junaid.gupta486@parent.com,"184 Al-Nuzha Street, Jeddah"
,Shaden Al-Tamimi,شادن التميمي,Female,2011-07-23,Saudi Arabia,National ID,1847120615,,,Muslim,Mecca,AMERICAN,Grade 10,A,2024-25,487,Regular (Continuing),Regular Mode,Regular,2023-09-01,Yes,Ammar Al-Tamimi,Joud Al-Tamimi,+966564397089,shaden.altamimi487@parent.com,"248 Al-Nuzha Street, Jeddah"
,Lujain Al-Dosari,لجين الدوسري,Female,2010-08-22,Saudi Arabia,National ID,1906111811,,,Non-Muslim,Abha,AMERICAN,Grade 11,A,2024-25,488,Regular (Continuing),Regular Mode,Regular,2025-09-01,Yes,Yazeed Al-Dosari,Hanan Al-Dosari,+966574319032,lujain.aldosari488@parent.com,"94 Al-Nuzha Street, Jeddah"
,Mehek Hussain,مهك حسين,Female,2009-04-27,Sudan,Iqama,,2712454200,,Muslim,London,AMERICAN,Grade 12,A,2024-25,489,New Student,Seasonal Mode,New,2024-09-01,Yes,Ayaan Hussain,Sadia Hussain,+966573149220,mehek.hussain489@parent.com,"164 Al-Nuzha Street, Jeddah"
,Zoe Ibrahim,زوي إبراهيم,Female,2020-06-17,Yemen,Iqama,,2884138670,,Muslim,Manila,AMERICAN,KG1,A,2024-25,490,New Student,Online Mode,New,2024-09-01,Yes,Talha Ibrahim,Emma Ibrahim,+966571356684,zoe.ibrahim490@parent.com,"80 Al-Nuzha Street, Jeddah"
,Ahmed Ali,أحمد علي,Male,2019-01-21,Indonesia,Iqama,,2629558962,,Muslim,New York,AMERICAN,KG2,A,2024-25,491,Regular (Continuing),Online Mode,Regular,2025-09-01,Yes,Tariq Ali,Aliya Ali,+966553686729,ahmed.ali491@parent.com,"70 Al-Nuzha Street, Jeddah"
,Yousef Al-Sudais,يوسف السديس,Male,2020-10-21,Saudi Arabia,National ID,1307461560,,,Muslim,Madinah,AMERICAN,Grade 1,A,2024-25,492,New Student,Online Mode,New,2023-09-01,Yes,Khalid Al-Sudais,Noura Al-Sudais,+966551802687,yousef.alsudais492@parent.com,"68 Al-Nuzha Street, Jeddah"
,Ali Al-Mutairi,علي المطيري,Male,2019-12-14,Saudi Arabia,National ID,1428394696,,,Muslim,Khobar,AMERICAN,Grade 2,A,2024-25,493,New Student,Online Mode,New,2025-09-01,Yes,Omar Al-Mutairi,Tala Al-Mutairi,+966568161347,ali.almutairi493@parent.com,"66 Al-Nuzha Street, Jeddah"
,Hamad Al-Fayez,حمد الفايز,Male,2018-08-27,Saudi Arabia,National ID,1592437676,,,Muslim,Khobar,AMERICAN,Grade 3,A,2024-25,494,Regular (Continuing),Seasonal Mode,Regular,2025-09-01,Yes,Adel Al-Fayez,Wafa Al-Fayez,+966526414900,hamad.alfayez494@parent.com,"242 Al-Nuzha Street, Jeddah"
,Ghada Al-Sulami,غادة السلمي,Female,2017-04-23,Saudi Arabia,National ID,1744215677,,,Non-Muslim,Riyadh,AMERICAN,Grade 4,A,2024-25,495,New Student,Online Mode,New,2024-09-01,Yes,Sultan Al-Sulami,Amal Al-Sulami,+966565866615,ghada.alsulami495@parent.com,"102 Al-Nuzha Street, Jeddah"
,Sofia Mansoor,صوفيا منصور,Female,2016-07-26,United Kingdom,Iqama,,2302318929,,Muslim,London,AMERICAN,Grade 5,A,2024-25,496,Regular (Continuing),Seasonal Mode,Regular,2023-09-01,Yes,David Mansoor,Zoe Mansoor,+966591088847,sofia.mansoor496@parent.com,"224 Al-Nuzha Street, Jeddah"
,Bader Al-Harbi,بدر الحربي,Male,2015-07-08,Saudi Arabia,National ID,1788431903,,,Muslim,Buraidah,AMERICAN,Grade 6,A,2024-25,497,New Student,Regular Mode,New,2025-09-01,Yes,Mohammed Al-Harbi,Tala Al-Harbi,+966580026535,bader.alharbi497@parent.com,"22 Al-Nuzha Street, Jeddah"
,Hessa Al-Tamimi,حصة التميمي,Female,2014-07-07,Saudi Arabia,National ID,1753047278,,,Muslim,Madinah,AMERICAN,Grade 7,A,2024-25,498,Regular (Continuing),Online Mode,Regular,2022-09-01,Yes,Naif Al-Tamimi,Asma Al-Tamimi,+966533607881,hessa.altamimi498@parent.com,"90 Al-Nuzha Street, Jeddah"
,Lujain Al-Harbi,لجين الحربي,Female,2013-01-11,Saudi Arabia,National ID,1179582692,,,Non-Muslim,Jeddah,AMERICAN,Grade 8,A,2024-25,499,Transfer,Seasonal Mode,Transfer,2023-09-01,Yes,Ammar Al-Harbi,Fatima Al-Harbi,+966589059655,lujain.alharbi499@parent.com,"166 Al-Nuzha Street, Jeddah"
,Abdullah Al-Sudais,عبدالله السديس,Male,2012-11-18,Saudi Arabia,National ID,1678379503,,,Muslim,Tabuk,AMERICAN,Grade 9,A,2024-25,500,Regular (Continuing),Seasonal Mode,Regular,2024-09-01,Yes,Adel Al-Sudais,Dana Al-Sudais,+966531684130,abdullah.alsudais500@parent.com,"293 Al-Nuzha Street, Jeddah"
,Mariam Al-Anazi,مريم العنزي,Female,2011-03-12,Saudi Arabia,National ID,1247044218,,,Muslim,Khobar,AMERICAN,Grade 10,A,2024-25,501,Regular (Continuing),Regular Mode,Regular,2023-09-01,Yes,Nawaf Al-Anazi,Noura Al-Anazi,+966598446068,mariam.alanazi501@parent.com,"102 Al-Nuzha Street, Jeddah"
,Reem Al-Zahrani,ريم الزهراني,Female,2010-04-25,Saudi Arabia,National ID,1907333532,,,Muslim,Riyadh,AMERICAN,Grade 11,A,2024-25,502,Regular (Continuing),Online Mode,Regular,2022-09-01,Yes,Mohammed Al-Zahrani,Ghada Al-Zahrani,+966591396793,reem.alzahrani502@parent.com,"281 Al-Nuzha Street, Jeddah"
,Renad Al-Otaibi,رناد العتيبي,Female,2009-08-07,Saudi Arabia,National ID,1135360954,,,Non-Muslim,Jeddah,AMERICAN,Grade 12,A,2024-25,503,New Student,Regular Mode,New,2022-09-01,Yes,Waleed Al-Otaibi,Norah Al-Otaibi,+966513319593,renad.alotaibi503@parent.com,"250 Al-Nuzha Street, Jeddah"
,Saif Al-Rashid,سيف الراشد,Male,2020-05-14,Saudi Arabia,National ID,1936883999,,,Muslim,Riyadh,AMERICAN,KG1,A,2024-25,504,Transfer,Online Mode,Transfer,2023-09-01,Yes,Ammar Al-Rashid,Noura Al-Rashid,+966534438756,saif.alrashid504@parent.com,"5 Al-Nuzha Street, Jeddah"
,Asma Al-Zahrani,أسماء الزهراني,Female,2019-01-01,Saudi Arabia,National ID,1191877213,,,Muslim,Riyadh,AMERICAN,KG2,A,2024-25,505,Regular (Continuing),Seasonal Mode,Regular,2024-09-01,Yes,Hassan Al-Zahrani,Renad Al-Zahrani,+966594408913,asma.alzahrani505@parent.com,"130 Al-Nuzha Street, Jeddah"
,Anika Kim,أنيكة كيم,Female,2020-05-25,Philippines,Passport,,,GH4448300,Non-Muslim,Karachi,AMERICAN,Grade 1,A,2024-25,506,Regular (Continuing),Online Mode,Regular,2022-09-01,Yes,Rohan Kim,Diya Kim,+966568192175,anika.kim506@parent.com,"71 Al-Nuzha Street, Jeddah"
,Sultan Al-Harbi,سلطان الحربي,Male,2019-12-05,Saudi Arabia,National ID,1491676107,,,Muslim,Mecca,AMERICAN,Grade 2,A,2024-25,507,Regular (Continuing),Regular Mode,Regular,2023-09-01,Yes,Ammar Al-Harbi,Ghada Al-Harbi,+966546110218,sultan.alharbi507@parent.com,"233 Al-Nuzha Street, Jeddah"
,Adel Al-Hashemi,عادل الهاشمي,Male,2018-01-16,Saudi Arabia,National ID,1594137877,,,Muslim,Abha,AMERICAN,Grade 3,A,2024-25,508,Transfer,Seasonal Mode,Transfer,2024-09-01,Yes,Bandar Al-Hashemi,Hanan Al-Hashemi,+966553544390,adel.alhashemi508@parent.com,"131 Al-Nuzha Street, Jeddah"
,Fahad Al-Harbi,فهد الحربي,Male,2017-07-06,Saudi Arabia,National ID,1792027806,,,Muslim,Dammam,AMERICAN,Grade 4,A,2024-25,509,Transfer,Regular Mode,Transfer,2022-09-01,Yes,Turki Al-Harbi,Renad Al-Harbi,+966511620135,fahad.alharbi509@parent.com,"49 Al-Nuzha Street, Jeddah"
,Aljawhara Al-Rashid,الجوهرة الراشد,Female,2016-10-13,Saudi Arabia,National ID,1001091374,,,Non-Muslim,Abha,AMERICAN,Grade 5,A,2024-25,510,New Student,Seasonal Mode,New,2022-09-01,Yes,Saud Al-Rashid,Dana Al-Rashid,+966549104625,aljawhara.alrashid510@parent.com,"12 Al-Nuzha Street, Jeddah"
,Adel Al-Dosari,عادل الدوسري,Male,2015-05-16,Saudi Arabia,National ID,1749540749,,,Muslim,Mecca,AMERICAN,Grade 6,A,2024-25,511,Regular (Continuing),Online Mode,Regular,2022-09-01,Yes,Ammar Al-Dosari,Tala Al-Dosari,+966535874302,adel.aldosari511@parent.com,"38 Al-Nuzha Street, Jeddah"
,Salma Al-Dosari,سلمى الدوسري,Female,2014-12-16,Saudi Arabia,National ID,1532857101,,,Muslim,Khobar,AMERICAN,Grade 7,A,2024-25,512,Regular (Continuing),Online Mode,Regular,2024-09-01,Yes,Bandar Al-Dosari,Jana Al-Dosari,+966556707998,salma.aldosari512@parent.com,"203 Al-Nuzha Street, Jeddah"
,Tala Al-Mutairi,تالا المطيري,Female,2013-01-26,Saudi Arabia,National ID,1320103615,,,Muslim,Dammam,AMERICAN,Grade 8,A,2024-25,513,Regular (Continuing),Regular Mode,Regular,2022-09-01,Yes,Ibrahim Al-Mutairi,Wafa Al-Mutairi,+966555304959,tala.almutairi513@parent.com,"216 Al-Nuzha Street, Jeddah"
,Ibrahim Al-Shehri,إبراهيم الشهري,Male,2012-03-12,Saudi Arabia,National ID,1774584692,,,Muslim,Riyadh,AMERICAN,Grade 9,A,2024-25,514,Regular (Continuing),Regular Mode,Regular,2023-09-01,Yes,Hamad Al-Shehri,Wafa Al-Shehri,+966500549575,ibrahim.alshehri514@parent.com,"220 Al-Nuzha Street, Jeddah"
,Talha Hassan,طلحة حسن,Male,2011-09-24,Syria,Iqama,,2125111356,,Muslim,Karachi,AMERICAN,Grade 10,A,2024-25,515,Transfer,Online Mode,Transfer,2023-09-01,Yes,Hassan Hassan,Aisha Hassan,+966527450341,talha.hassan515@parent.com,"275 Al-Nuzha Street, Jeddah"
,Tala Al-Hashemi,تالا الهاشمي,Female,2010-10-24,Saudi Arabia,National ID,1929802399,,,Muslim,Khobar,AMERICAN,Grade 11,A,2024-25,516,Transfer,Regular Mode,Transfer,2024-09-01,Yes,Ali Al-Hashemi,Latifa Al-Hashemi,+966519386646,tala.alhashemi516@parent.com,"282 Al-Nuzha Street, Jeddah"
,Hessa Al-Maliki,حصة المالكي,Female,2009-08-10,Saudi Arabia,National ID,1736885751,,,Muslim,Dammam,AMERICAN,Grade 12,A,2024-25,517,Regular (Continuing),Online Mode,Regular,2025-09-01,Yes,Talal Al-Maliki,Manal Al-Maliki,+966541422905,hessa.almaliki517@parent.com,"50 Al-Nuzha Street, Jeddah"
,Sara Al-Sulami,سارة السلمي,Female,2020-12-13,Saudi Arabia,National ID,1445784808,,,Muslim,Khobar,AMERICAN,KG1,A,2024-25,518,Transfer,Online Mode,Transfer,2025-09-01,Yes,Ziyad Al-Sulami,Mariam Al-Sulami,+966514213585,sara.alsulami518@parent.com,"113 Al-Nuzha Street, Jeddah"
,Manal Al-Saud,منال آل سعود,Female,2019-01-17,Saudi Arabia,National ID,1393493127,,,Muslim,Buraidah,AMERICAN,KG2,A,2024-25,519,Transfer,Seasonal Mode,Transfer,2024-09-01,Yes,Khalid Al-Saud,Wafa Al-Saud,+966521943609,manal.alsaud519@parent.com,"13 Al-Nuzha Street, Jeddah"
,Hira Singh,هيرا سينغ,Female,2020-11-03,Syria,Passport,,,GD5900763,Muslim,Dhaka,AMERICAN,Grade 1,A,2024-25,520,Regular (Continuing),Regular Mode,Regular,2023-09-01,Yes,David Singh,Zoe Singh,+966556873426,hira.singh520@parent.com,"71 Al-Nuzha Street, Jeddah"
,Zayn Patel,زين باتل,Male,2019-04-04,United States,Iqama,,2661199499,,Non-Muslim,Damascus,AMERICAN,Grade 2,A,2024-25,521,New Student,Online Mode,New,2025-09-01,Yes,John Patel,Hira Patel,+966589038029,zayn.patel521@parent.com,"115 Al-Nuzha Street, Jeddah"
,Reema Al-Saud,ريما آل سعود,Female,2018-03-24,Saudi Arabia,National ID,1932860703,,,Non-Muslim,Madinah,AMERICAN,Grade 3,A,2024-25,522,Transfer,Seasonal Mode,Transfer,2024-09-01,Yes,Yousef Al-Saud,Asma Al-Saud,+966502518782,reema.alsaud522@parent.com,"76 Al-Nuzha Street, Jeddah"
,Anika Ibrahim,أنيكة إبراهيم,Female,2017-08-16,Philippines,Iqama,,2825261589,,Muslim,New York,AMERICAN,Grade 4,A,2024-25,523,Regular (Continuing),Online Mode,Regular,2022-09-01,Yes,Zayn Ibrahim,Olivia Ibrahim,+966538300277,anika.ibrahim523@parent.com,"150 Al-Nuzha Street, Jeddah"
,Wafa Al-Yamani,وفاء اليماني,Female,2016-11-14,Saudi Arabia,National ID,1093176733,,,Muslim,Mecca,AMERICAN,Grade 5,A,2024-25,524,Regular (Continuing),Seasonal Mode,Regular,2024-09-01,Yes,Majed Al-Yamani,Mariam Al-Yamani,+966517892975,wafa.alyamani524@parent.com,"116 Al-Nuzha Street, Jeddah"
,Salma Al-Harbi,سلمى الحربي,Female,2015-04-12,Saudi Arabia,National ID,1078863057,,,Muslim,Buraidah,AMERICAN,Grade 6,A,2024-25,525,Transfer,Regular Mode,Transfer,2025-09-01,Yes,Turki Al-Harbi,Jana Al-Harbi,+966550739286,salma.alharbi525@parent.com,"246 Al-Nuzha Street, Jeddah"
,Reem Al-Otaibi,ريم العتيبي,Female,2014-09-10,Saudi Arabia,National ID,1761133893,,,Non-Muslim,Madinah,AMERICAN,Grade 7,A,2024-25,526,New Student,Online Mode,New,2022-09-01,Yes,Hassan Al-Otaibi,Shaden Al-Otaibi,+966581609878,reem.alotaibi526@parent.com,"44 Al-Nuzha Street, Jeddah"
,Zoe Kim,زوي كيم,Female,2013-05-21,Indonesia,Iqama,,2423204978,,Non-Muslim,Mumbai,AMERICAN,Grade 8,A,2024-25,527,Regular (Continuing),Regular Mode,Regular,2024-09-01,Yes,Bilal Kim,Aliya Kim,+966513527935,zoe.kim527@parent.com,"160 Al-Nuzha Street, Jeddah"
,Emma Hassan,إيما حسن,Female,2012-05-02,United States,Iqama,,2397664815,,Muslim,Damascus,AMERICAN,Grade 9,A,2024-25,528,Regular (Continuing),Regular Mode,Regular,2022-09-01,Yes,Mustafa Hassan,Zainab Hassan,+966527521080,emma.hassan528@parent.com,"132 Al-Nuzha Street, Jeddah"
,Diya Gupta,ديا جوبتا,Female,2011-04-11,Philippines,Iqama,,2485910209,,Muslim,Manila,AMERICAN,Grade 10,A,2024-25,529,New Student,Online Mode,New,2023-09-01,Yes,Bilal Gupta,Riya Gupta,+966517387433,diya.gupta529@parent.com,"55 Al-Nuzha Street, Jeddah"
,Aisha Al-Zahrani,عائشة الزهراني,Female,2010-10-24,Saudi Arabia,National ID,1373706915,,,Non-Muslim,Abha,AMERICAN,Grade 11,A,2024-25,530,Regular (Continuing),Online Mode,Regular,2025-09-01,Yes,Ali Al-Zahrani,Jana Al-Zahrani,+966525196247,aisha.alzahrani530@parent.com,"127 Al-Nuzha Street, Jeddah"
,Noura Al-Shehri,نورة الشهري,Female,2009-10-24,Saudi Arabia,National ID,1405667384,,,Muslim,Madinah,AMERICAN,Grade 12,A,2024-25,531,Regular (Continuing),Seasonal Mode,Regular,2022-09-01,Yes,Ibrahim Al-Shehri,Dalal Al-Shehri,+966500845626,noura.alshehri531@parent.com,"155 Al-Nuzha Street, Jeddah"
,Layla Al-Sudais,ليلى السديس,Female,2020-06-25,Saudi Arabia,National ID,1152450364,,,Muslim,Mecca,AMERICAN,KG1,A,2024-25,532,Regular (Continuing),Online Mode,Regular,2024-09-01,Yes,Naif Al-Sudais,Asma Al-Sudais,+966511531723,layla.alsudais532@parent.com,"277 Al-Nuzha Street, Jeddah"
,Hassan Al-Shehri,حسن الشهري,Male,2019-08-25,Saudi Arabia,National ID,1499833995,,,Muslim,Khobar,AMERICAN,KG2,A,2024-25,533,New Student,Regular Mode,New,2022-09-01,Yes,Bandar Al-Shehri,Latifa Al-Shehri,+966544763517,hassan.alshehri533@parent.com,"138 Al-Nuzha Street, Jeddah"
,Asma Al-Saud,أسماء آل سعود,Female,2020-07-18,Saudi Arabia,National ID,1368156121,,,Muslim,Madinah,AMERICAN,Grade 1,A,2024-25,534,Regular (Continuing),Regular Mode,Regular,2024-09-01,Yes,Bader Al-Saud,Ghada Al-Saud,+966563794599,asma.alsaud534@parent.com,"59 Al-Nuzha Street, Jeddah"
,Layla Ali,ليلى علي,Female,2019-07-05,Sudan,Passport,,,BN2870806,Muslim,Cairo,AMERICAN,Grade 2,A,2024-25,535,Regular (Continuing),Regular Mode,Regular,2023-09-01,Yes,Michael Ali,Olivia Ali,+966578138203,layla.ali535@parent.com,"130 Al-Nuzha Street, Jeddah"
,Zoe Kumar,زوي كومار,Female,2018-02-22,United Kingdom,Passport,,,FN6184179,Non-Muslim,Dhaka,AMERICAN,Grade 3,A,2024-25,536,Regular (Continuing),Regular Mode,Regular,2022-09-01,Yes,Ismail Kumar,Emma Kumar,+966504119761,zoe.kumar536@parent.com,"3 Al-Nuzha Street, Jeddah"
,Hamad Al-Zahrani,حمد الزهراني,Male,2017-02-24,Saudi Arabia,National ID,1586567826,,,Muslim,Buraidah,AMERICAN,Grade 4,A,2024-25,537,New Student,Online Mode,New,2022-09-01,Yes,Faisal Al-Zahrani,Salma Al-Zahrani,+966587483228,hamad.alzahrani537@parent.com,"275 Al-Nuzha Street, Jeddah"
,Emma Gupta,إيما جوبتا,Female,2016-07-15,Bangladesh,Iqama,,2998116905,,Muslim,Karachi,AMERICAN,Grade 5,A,2024-25,538,Regular (Continuing),Online Mode,Regular,2023-09-01,Yes,Michael Gupta,Sana Gupta,+966586438699,emma.gupta538@parent.com,"54 Al-Nuzha Street, Jeddah"
,Hatim Al-Rashid,حاتم الراشد,Male,2015-09-15,Saudi Arabia,National ID,1334222878,,,Muslim,Riyadh,AMERICAN,Grade 6,A,2024-25,539,Regular (Continuing),Online Mode,Regular,2025-09-01,Yes,Abdullah Al-Rashid,Aisha Al-Rashid,+966547180092,hatim.alrashid539@parent.com,"37 Al-Nuzha Street, Jeddah"
,Saif Al-Saud,سيف آل سعود,Male,2014-11-09,Saudi Arabia,National ID,1524816902,,,Muslim,Khobar,AMERICAN,Grade 7,A,2024-25,540,Regular (Continuing),Online Mode,Regular,2025-09-01,Yes,Abdullah Al-Saud,Dana Al-Saud,+966570390578,saif.alsaud540@parent.com,"199 Al-Nuzha Street, Jeddah"
,Adam Brown,آدم براون,Male,2013-07-14,Egypt,Iqama,,2566758477,,Non-Muslim,Damascus,AMERICAN,Grade 8,A,2024-25,541,Transfer,Regular Mode,Transfer,2025-09-01,Yes,Yusuf Brown,Anika Brown,+966551905485,adam.brown541@parent.com,"124 Al-Nuzha Street, Jeddah"
,David Ibrahim,ديفيد إبراهيم,Male,2012-10-11,United Kingdom,Iqama,,2139633504,,Muslim,Damascus,AMERICAN,Grade 9,A,2024-25,542,New Student,Online Mode,New,2025-09-01,Yes,Hassan Ibrahim,Layla Ibrahim,+966502680270,david.ibrahim542@parent.com,"138 Al-Nuzha Street, Jeddah"
,Jana Al-Sulami,جنى السلمي,Female,2011-05-20,Saudi Arabia,National ID,1796391319,,,Muslim,Mecca,AMERICAN,Grade 10,A,2024-25,543,Transfer,Regular Mode,Transfer,2022-09-01,Yes,Ali Al-Sulami,Raghad Al-Sulami,+966597641519,jana.alsulami543@parent.com,"291 Al-Nuzha Street, Jeddah"
,Reem Al-Hashemi,ريم الهاشمي,Female,2010-10-27,Saudi Arabia,National ID,1342588266,,,Muslim,Jeddah,AMERICAN,Grade 11,A,2024-25,544,Regular (Continuing),Regular Mode,Regular,2025-09-01,Yes,Hamad Al-Hashemi,Reem Al-Hashemi,+966592105187,reem.alhashemi544@parent.com,"191 Al-Nuzha Street, Jeddah"
,Salman Al-Otaibi,سلمان العتيبي,Male,2009-10-16,Saudi Arabia,National ID,1947308173,,,Muslim,Mecca,AMERICAN,Grade 12,A,2024-25,545,New Student,Seasonal Mode,New,2025-09-01,Yes,Yousef Al-Otaibi,Noura Al-Otaibi,+966531631888,salman.alotaibi545@parent.com,"249 Al-Nuzha Street, Jeddah"
,Sofia Singh,صوفيا سينغ,Female,2020-05-28,Yemen,Iqama,,2877231485,,Non-Muslim,New York,AMERICAN,KG1,A,2024-25,546,New Student,Seasonal Mode,New,2024-09-01,Yes,Vihaan Singh,Nayla Singh,+966585924844,sofia.singh546@parent.com,"217 Al-Nuzha Street, Jeddah"
,Lujain Al-Yamani,لجين اليماني,Female,2019-03-20,Saudi Arabia,National ID,1446454598,,,Muslim,Riyadh,AMERICAN,KG2,A,2024-25,547,Regular (Continuing),Online Mode,Regular,2024-09-01,Yes,Naif Al-Yamani,Manal Al-Yamani,+966565817171,lujain.alyamani547@parent.com,"198 Al-Nuzha Street, Jeddah"
,Saanvi Ali,سانفي علي,Female,2020-02-07,Syria,Iqama,,2645431341,,Non-Muslim,Dhaka,AMERICAN,Grade 1,A,2024-25,548,New Student,Seasonal Mode,New,2025-09-01,Yes,Ahmed Ali,Saanvi Ali,+966520250589,saanvi.ali548@parent.com,"61 Al-Nuzha Street, Jeddah"
,Hatim Al-Rashid,حاتم الراشد,Male,2019-11-24,Saudi Arabia,National ID,1526855338,,,Muslim,Abha,AMERICAN,Grade 2,A,2024-25,549,Regular (Continuing),Online Mode,Regular,2025-09-01,Yes,Nawaf Al-Rashid,Wafa Al-Rashid,+966526731172,hatim.alrashid549@parent.com,"69 Al-Nuzha Street, Jeddah"
,Hamad Al-Maliki,حمد المالكي,Male,2018-11-13,Saudi Arabia,National ID,1279556124,,,Non-Muslim,Buraidah,AMERICAN,Grade 3,A,2024-25,550,New Student,Regular Mode,New,2023-09-01,Yes,Yazeed Al-Maliki,Noura Al-Maliki,+966565894646,hamad.almaliki550@parent.com,"25 Al-Nuzha Street, Jeddah"
,Renad Al-Tamimi,رناد التميمي,Female,2017-01-03,Saudi Arabia,National ID,1773719832,,,Muslim,Jeddah,AMERICAN,Grade 4,A,2024-25,551,Transfer,Online Mode,Transfer,2024-09-01,Yes,Waleed Al-Tamimi,Ghada Al-Tamimi,+966510856340,renad.altamimi551@parent.com,"159 Al-Nuzha Street, Jeddah"
,Mehek Garcia,مهك جارسيا,Female,2016-11-27,Sudan,Iqama,,2011410428,,Muslim,Manila,AMERICAN,Grade 5,A,2024-25,552,Transfer,Regular Mode,Transfer,2022-09-01,Yes,Talha Garcia,Mariam Garcia,+966521933469,mehek.garcia552@parent.com,"289 Al-Nuzha Street, Jeddah"
,Layla Singh,ليلى سينغ,Female,2015-04-11,India,Iqama,,2891127666,,Muslim,Dhaka,AMERICAN,Grade 6,A,2024-25,553,New Student,Online Mode,New,2024-09-01,Yes,Zayn Singh,Aliya Singh,+966524102349,layla.singh553@parent.com,"190 Al-Nuzha Street, Jeddah"
,Yazeed Al-Hashemi,يزيد الهاشمي,Male,2014-06-15,Saudi Arabia,National ID,1984662870,,,Muslim,Mecca,AMERICAN,Grade 7,A,2024-25,554,New Student,Seasonal Mode,New,2022-09-01,Yes,Anas Al-Hashemi,Asma Al-Hashemi,+966533800672,yazeed.alhashemi554@parent.com,"165 Al-Nuzha Street, Jeddah"
,Anaya Reddy,أنايا ريدي,Female,2013-06-03,Philippines,Iqama,,2174382655,,Muslim,New York,AMERICAN,Grade 8,A,2024-25,555,New Student,Regular Mode,New,2023-09-01,Yes,Vihaan Reddy,Anika Reddy,+966548104217,anaya.reddy555@parent.com,"159 Al-Nuzha Street, Jeddah"
,Yusuf Wang,يوسف وانج,Male,2012-08-17,Yemen,Iqama,,2041043340,,Muslim,Sanaa,AMERICAN,Grade 9,A,2024-25,556,Regular (Continuing),Online Mode,Regular,2022-09-01,Yes,Hassan Wang,Hira Wang,+966569895712,yusuf.wang556@parent.com,"64 Al-Nuzha Street, Jeddah"
,Michael Saleh,مايكل صالح,Male,2011-12-21,Philippines,Iqama,,2247880565,,Muslim,Khartoum,AMERICAN,Grade 10,A,2024-25,557,New Student,Regular Mode,New,2025-09-01,Yes,Hamza Saleh,Layla Saleh,+966545037509,michael.saleh557@parent.com,"192 Al-Nuzha Street, Jeddah"
,Zoe Saleh,زوي صالح,Female,2010-10-21,Sudan,Passport,,,CJ6338983,Muslim,New York,AMERICAN,Grade 11,A,2024-25,558,Transfer,Online Mode,Transfer,2024-09-01,Yes,Rohan Saleh,Olivia Saleh,+966597620427,zoe.saleh558@parent.com,"198 Al-Nuzha Street, Jeddah"
,Aisha Patel,عائشة باتل,Female,2009-01-10,Philippines,Passport,,,GD6649116,Non-Muslim,Khartoum,AMERICAN,Grade 12,A,2024-25,559,Regular (Continuing),Regular Mode,Regular,2023-09-01,Yes,Ahmed Patel,Anika Patel,+966553242214,aisha.patel559@parent.com,"187 Al-Nuzha Street, Jeddah"
,Mariam Al-Saud,مريم آل سعود,Female,2020-09-04,Saudi Arabia,National ID,1084013864,,,Muslim,Tabuk,AMERICAN,KG1,A,2024-25,560,Regular (Continuing),Seasonal Mode,Regular,2023-09-01,Yes,Adel Al-Saud,Reem Al-Saud,+966503431677,mariam.alsaud560@parent.com,"124 Al-Nuzha Street, Jeddah"
,Lama Al-Harbi,لمى الحربي,Female,2019-01-17,Saudi Arabia,National ID,1852944208,,,Muslim,Mecca,AMERICAN,KG2,A,2024-25,561,Regular (Continuing),Seasonal Mode,Regular,2023-09-01,Yes,Saud Al-Harbi,Manal Al-Harbi,+966553526024,lama.alharbi561@parent.com,"279 Al-Nuzha Street, Jeddah"
,Reema Al-Harbi,ريما الحربي,Female,2020-11-25,Saudi Arabia,National ID,1509870289,,,Muslim,Mecca,AMERICAN,Grade 1,A,2024-25,562,New Student,Regular Mode,New,2025-09-01,Yes,Saud Al-Harbi,Jana Al-Harbi,+966530609937,reema.alharbi562@parent.com,"225 Al-Nuzha Street, Jeddah"
,Mariam Wang,مريم وانج,Female,2019-07-26,United States,Passport,,,LN8159714,Muslim,Jakarta,AMERICAN,Grade 2,A,2024-25,563,New Student,Regular Mode,New,2024-09-01,Yes,Aryan Wang,Zainab Wang,+966546980427,mariam.wang563@parent.com,"195 Al-Nuzha Street, Jeddah"
,Norah Al-Tamimi,نورة التميمي,Female,2018-04-15,Saudi Arabia,National ID,1446731930,,,Muslim,Khobar,AMERICAN,Grade 3,A,2024-25,564,Regular (Continuing),Online Mode,Regular,2024-09-01,Yes,Bader Al-Tamimi,Fatima Al-Tamimi,+966548833357,norah.altamimi564@parent.com,"69 Al-Nuzha Street, Jeddah"
,Hassan Al-Rashid,حسن الراشد,Male,2017-11-02,Saudi Arabia,National ID,1498378314,,,Muslim,Khobar,AMERICAN,Grade 4,A,2024-25,565,Transfer,Regular Mode,Transfer,2023-09-01,Yes,Ibrahim Al-Rashid,Fatima Al-Rashid,+966539197344,hassan.alrashid565@parent.com,"242 Al-Nuzha Street, Jeddah"
,Michael Garcia,مايكل جارسيا,Male,2016-03-18,United States,Iqama,,2577390571,,Muslim,Sanaa,AMERICAN,Grade 5,A,2024-25,566,Regular (Continuing),Seasonal Mode,Regular,2024-09-01,Yes,Adam Garcia,Sofia Garcia,+966535113329,michael.garcia566@parent.com,"225 Al-Nuzha Street, Jeddah"
,Anvi Wang,أنفي وانج,Female,2015-05-14,India,Iqama,,2855657422,,Muslim,Karachi,AMERICAN,Grade 6,A,2024-25,567,New Student,Online Mode,New,2023-09-01,Yes,Faris Wang,Zoe Wang,+966590799762,anvi.wang567@parent.com,"87 Al-Nuzha Street, Jeddah"
,Nour Sheikh,نور شيخ,Female,2014-11-20,Syria,Iqama,,2866156553,,Muslim,Jakarta,AMERICAN,Grade 7,A,2024-25,568,Regular (Continuing),Regular Mode,Regular,2025-09-01,Yes,Kabir Sheikh,Diya Sheikh,+966583707521,nour.sheikh568@parent.com,"51 Al-Nuzha Street, Jeddah"
,David Saleh,ديفيد صالح,Male,2013-10-16,Sudan,Iqama,,2905534961,,Muslim,Manila,AMERICAN,Grade 8,A,2024-25,569,New Student,Seasonal Mode,New,2024-09-01,Yes,Yusuf Saleh,Emma Saleh,+966591712509,david.saleh569@parent.com,"239 Al-Nuzha Street, Jeddah"
,John Ali,جون علي,Male,2012-02-10,Jordan,Iqama,,2788980733,,Muslim,Khartoum,AMERICAN,Grade 9,A,2024-25,570,New Student,Online Mode,New,2023-09-01,Yes,Aryan Ali,Priya Ali,+966569523454,john.ali570@parent.com,"231 Al-Nuzha Street, Jeddah"
,Adam Smith,آدم سميث,Male,2011-08-23,United Kingdom,Iqama,,2871248875,,Non-Muslim,Amman,AMERICAN,Grade 10,A,2024-25,571,Transfer,Regular Mode,Transfer,2022-09-01,Yes,Zayn Smith,Mehek Smith,+966579145926,adam.smith571@parent.com,"249 Al-Nuzha Street, Jeddah"
,Faris Reddy,فارس ريدي,Male,2010-04-10,Indonesia,Iqama,,2992285078,,Muslim,Amman,AMERICAN,Grade 11,A,2024-25,572,Regular (Continuing),Seasonal Mode,Regular,2023-09-01,Yes,Aryan Reddy,Sophia Reddy,+966548442488,faris.reddy572@parent.com,"282 Al-Nuzha Street, Jeddah"
,Tala Al-Fayez,تالا الفايز,Female,2009-05-27,Saudi Arabia,National ID,1848770816,,,Muslim,Tabuk,AMERICAN,Grade 12,A,2024-25,573,New Student,Seasonal Mode,New,2025-09-01,Yes,Salman Al-Fayez,Raghad Al-Fayez,+966528550085,tala.alfayez573@parent.com,"231 Al-Nuzha Street, Jeddah"
,Bilal Ahmed,بلال أحمد,Male,2020-07-13,India,Iqama,,2201664313,,Muslim,Khartoum,AMERICAN,KG1,A,2024-25,574,New Student,Online Mode,New,2024-09-01,Yes,Adam Ahmed,Riya Ahmed,+966526658514,bilal.ahmed574@parent.com,"300 Al-Nuzha Street, Jeddah"
,Omar Al-Rashid,عمر الراشد,Male,2019-07-09,Saudi Arabia,National ID,1214377818,,,Non-Muslim,Jeddah,AMERICAN,KG2,A,2024-25,575,Regular (Continuing),Regular Mode,Regular,2025-09-01,Yes,Naif Al-Rashid,Amal Al-Rashid,+966513918463,omar.alrashid575@parent.com,"72 Al-Nuzha Street, Jeddah"
,Layla Brown,ليلى براون,Female,2020-09-19,India,Iqama,,2874299739,,Muslim,Khartoum,AMERICAN,Grade 1,A,2024-25,576,New Student,Online Mode,New,2022-09-01,Yes,Talha Brown,Riya Brown,+966523465938,layla.brown576@parent.com,"270 Al-Nuzha Street, Jeddah"
,Naif Al-Fayez,نايف الفايز,Male,2019-11-21,Saudi Arabia,National ID,1862257683,,,Non-Muslim,Riyadh,AMERICAN,Grade 2,A,2024-25,577,New Student,Online Mode,New,2024-09-01,Yes,Ziyad Al-Fayez,Shaden Al-Fayez,+966571208151,naif.alfayez577@parent.com,"191 Al-Nuzha Street, Jeddah"
,Anika Ahmed,أنيكة أحمد,Female,2018-04-08,Indonesia,Iqama,,2570550013,,Muslim,Manila,AMERICAN,Grade 3,A,2024-25,578,Regular (Continuing),Online Mode,Regular,2025-09-01,Yes,Ahmed Ahmed,Saanvi Ahmed,+966546291036,anika.ahmed578@parent.com,"73 Al-Nuzha Street, Jeddah"
,Ayaan Mahmood,أيان محمود,Male,2017-03-05,United States,Iqama,,2307270614,,Muslim,Amman,AMERICAN,Grade 4,A,2024-25,579,New Student,Online Mode,New,2023-09-01,Yes,Aryan Mahmood,Aisha Mahmood,+966505670374,ayaan.mahmood579@parent.com,"26 Al-Nuzha Street, Jeddah"
,Khadija Ibrahim,خديجة إبراهيم,Female,2016-07-20,India,Passport,,,CB4913882,Muslim,Cairo,AMERICAN,Grade 5,A,2024-25,580,Transfer,Online Mode,Transfer,2023-09-01,Yes,Aryan Ibrahim,Zoe Ibrahim,+966512365125,khadija.ibrahim580@parent.com,"265 Al-Nuzha Street, Jeddah"
,Bandar Al-Dosari,بندر الدوسري,Male,2015-04-19,Saudi Arabia,National ID,1589936493,,,Muslim,Abha,AMERICAN,Grade 6,A,2024-25,581,Transfer,Online Mode,Transfer,2025-09-01,Yes,Raed Al-Dosari,Renad Al-Dosari,+966552485780,bandar.aldosari581@parent.com,"116 Al-Nuzha Street, Jeddah"
,Asma Al-Anazi,أسماء العنزي,Female,2014-01-22,Saudi Arabia,National ID,1504687259,,,Muslim,Madinah,AMERICAN,Grade 7,A,2024-25,582,Regular (Continuing),Regular Mode,Regular,2025-09-01,Yes,Mohammed Al-Anazi,Salma Al-Anazi,+966555676944,asma.alanazi582@parent.com,"292 Al-Nuzha Street, Jeddah"
,Reema Al-Hashemi,ريما الهاشمي,Female,2013-02-26,Saudi Arabia,National ID,1127646482,,,Muslim,Mecca,AMERICAN,Grade 8,A,2024-25,583,Regular (Continuing),Online Mode,Regular,2022-09-01,Yes,Nawaf Al-Hashemi,Hanan Al-Hashemi,+966579681716,reema.alhashemi583@parent.com,"83 Al-Nuzha Street, Jeddah"
,Ayaan Habib,أيان حبيب,Male,2012-01-18,Yemen,Iqama,,2090336054,,Muslim,Amman,AMERICAN,Grade 9,A,2024-25,584,New Student,Online Mode,New,2024-09-01,Yes,Zain Habib,Anaya Habib,+966503326553,ayaan.habib584@parent.com,"7 Al-Nuzha Street, Jeddah"
,Faisal Al-Saud,فيصل آل سعود,Male,2011-12-10,Saudi Arabia,National ID,1141484464,,,Muslim,Madinah,AMERICAN,Grade 10,A,2024-25,585,Transfer,Online Mode,Transfer,2025-09-01,Yes,Turki Al-Saud,Lama Al-Saud,+966570250665,faisal.alsaud585@parent.com,"297 Al-Nuzha Street, Jeddah"
,Latifa Al-Maliki,لطيفة المالكي,Female,2010-10-27,Saudi Arabia,National ID,1810480427,,,Muslim,Buraidah,AMERICAN,Grade 11,A,2024-25,586,Regular (Continuing),Seasonal Mode,Regular,2023-09-01,Yes,Saif Al-Maliki,Amal Al-Maliki,+966588595955,latifa.almaliki586@parent.com,"123 Al-Nuzha Street, Jeddah"
,Hamad Al-Rashid,حمد الراشد,Male,2009-11-25,Saudi Arabia,National ID,1530274084,,,Muslim,Mecca,AMERICAN,Grade 12,A,2024-25,587,Transfer,Seasonal Mode,Transfer,2023-09-01,Yes,Ziyad Al-Rashid,Wafa Al-Rashid,+966516617803,hamad.alrashid587@parent.com,"111 Al-Nuzha Street, Jeddah"
,Ammar Al-Zahrani,عمار الزهراني,Male,2020-12-11,Saudi Arabia,National ID,1530381271,,,Muslim,Dammam,AMERICAN,KG1,A,2024-25,588,Regular (Continuing),Regular Mode,Regular,2024-09-01,Yes,Omar Al-Zahrani,Dalal Al-Zahrani,+966578212704,ammar.alzahrani588@parent.com,"190 Al-Nuzha Street, Jeddah"
,Faisal Al-Sabah,فيصل الصباح,Male,2019-03-04,Saudi Arabia,National ID,1241489192,,,Muslim,Dammam,AMERICAN,KG2,A,2024-25,589,Regular (Continuing),Seasonal Mode,Regular,2025-09-01,Yes,Talal Al-Sabah,Sara Al-Sabah,+966559780090,faisal.alsabah589@parent.com,"89 Al-Nuzha Street, Jeddah"
,Joud Al-Qahtani,جود القحطاني,Female,2020-06-15,Saudi Arabia,National ID,1414661973,,,Non-Muslim,Mecca,AMERICAN,Grade 1,A,2024-25,590,New Student,Online Mode,New,2025-09-01,Yes,Saif Al-Qahtani,Asma Al-Qahtani,+966531942216,joud.alqahtani590@parent.com,"180 Al-Nuzha Street, Jeddah"
,Hassan Ali,حسن علي,Male,2019-11-21,Egypt,Passport,,,AE8435216,Muslim,New York,AMERICAN,Grade 2,A,2024-25,591,Regular (Continuing),Seasonal Mode,Regular,2023-09-01,Yes,Faris Ali,Mariam Ali,+966586366273,hassan.ali591@parent.com,"179 Al-Nuzha Street, Jeddah"
,Turki Al-Ghamdi,تركي الغامدي,Male,2018-04-12,Saudi Arabia,National ID,1446182940,,,Muslim,Khobar,AMERICAN,Grade 3,A,2024-25,592,New Student,Seasonal Mode,New,2024-09-01,Yes,Omar Al-Ghamdi,Dana Al-Ghamdi,+966520327797,turki.alghamdi592@parent.com,"189 Al-Nuzha Street, Jeddah"
,Zain Kumar,زين كومار,Male,2017-03-23,Syria,Passport,,,FM7584174,Muslim,Manila,AMERICAN,Grade 4,A,2024-25,593,Transfer,Regular Mode,Transfer,2023-09-01,Yes,Zayn Kumar,Diya Kumar,+966587163536,zain.kumar593@parent.com,"4 Al-Nuzha Street, Jeddah"
,Nour Singh,نور سينغ,Female,2016-11-07,Pakistan,Passport,,,BE8840762,Muslim,Damascus,AMERICAN,Grade 5,A,2024-25,594,Regular (Continuing),Regular Mode,Regular,2025-09-01,Yes,Kabir Singh,Nour Singh,+966517561878,nour.singh594@parent.com,"124 Al-Nuzha Street, Jeddah"
,Adam Sheikh,آدم شيخ,Male,2015-10-19,Indonesia,Iqama,,2524189029,,Muslim,Damascus,AMERICAN,Grade 6,A,2024-25,595,Transfer,Regular Mode,Transfer,2022-09-01,Yes,Mustafa Sheikh,Priya Sheikh,+966592547470,adam.sheikh595@parent.com,"12 Al-Nuzha Street, Jeddah"
,Lujain Al-Sulami,لجين السلمي,Female,2014-06-24,Saudi Arabia,National ID,1069076557,,,Muslim,Abha,AMERICAN,Grade 7,A,2024-25,596,Regular (Continuing),Seasonal Mode,Regular,2022-09-01,Yes,Talal Al-Sulami,Fatima Al-Sulami,+966579458406,lujain.alsulami596@parent.com,"264 Al-Nuzha Street, Jeddah"
,Hanan Al-Sudais,حنان السديس,Female,2013-11-01,Saudi Arabia,National ID,1411567067,,,Muslim,Riyadh,AMERICAN,Grade 8,A,2024-25,597,Regular (Continuing),Seasonal Mode,Regular,2024-09-01,Yes,Anas Al-Sudais,Amal Al-Sudais,+966590365592,hanan.alsudais597@parent.com,"109 Al-Nuzha Street, Jeddah"
,Yusuf Wang,يوسف وانج,Male,2012-01-19,Pakistan,Passport,,,MM9798411,Non-Muslim,New York,AMERICAN,Grade 9,A,2024-25,598,Regular (Continuing),Seasonal Mode,Regular,2024-09-01,Yes,Hamza Wang,Mariam Wang,+966509166761,yusuf.wang598@parent.com,"48 Al-Nuzha Street, Jeddah"
,Raed Al-Tamimi,رائد التميمي,Male,2011-02-06,Saudi Arabia,National ID,1859678642,,,Muslim,Dammam,AMERICAN,Grade 10,A,2024-25,599,Transfer,Regular Mode,Transfer,2025-09-01,Yes,Majed Al-Tamimi,Noura Al-Tamimi,+966563345364,raed.altamimi599@parent.com,"47 Al-Nuzha Street, Jeddah"
,Anas Al-Sudais,أنس السديس,Male,2010-12-21,Saudi Arabia,National ID,1736666930,,,Muslim,Mecca,AMERICAN,Grade 11,A,2024-25,600,New Student,Regular Mode,New,2022-09-01,Yes,Ali Al-Sudais,Tala Al-Sudais,+966576356446,anas.alsudais600@parent.com,"127 Al-Nuzha Street, Jeddah"
,Junaid Malik,جنيد مالك,Male,2009-09-15,Philippines,Iqama,,2063271732,,Muslim,Mumbai,AMERICAN,Grade 12,A,2024-25,601,Transfer,Regular Mode,Transfer,2022-09-01,Yes,Rohan Malik,Mariam Malik,+966542555722,junaid.malik601@parent.com,"97 Al-Nuzha Street, Jeddah"
,Sana Sharma,سناء شارما,Female,2020-03-21,Pakistan,Iqama,,2862558946,,Muslim,Jakarta,AMERICAN,KG1,A,2024-25,602,Transfer,Seasonal Mode,Transfer,2022-09-01,Yes,Vihaan Sharma,Anaya Sharma,+966588984026,sana.sharma602@parent.com,"111 Al-Nuzha Street, Jeddah"
,Ahmed Siddiqui,أحمد صديقي,Male,2019-08-19,Sudan,Iqama,,2768160682,,Muslim,Amman,AMERICAN,KG2,A,2024-25,603,Transfer,Online Mode,Transfer,2023-09-01,Yes,John Siddiqui,Layla Siddiqui,+966500733996,ahmed.siddiqui603@parent.com,"47 Al-Nuzha Street, Jeddah"
,David Ibrahim,ديفيد إبراهيم,Male,2020-11-07,Sudan,Iqama,,2607217353,,Muslim,Jakarta,AMERICAN,Grade 1,A,2024-25,604,Regular (Continuing),Online Mode,Regular,2024-09-01,Yes,Rohan Ibrahim,Emma Ibrahim,+966548703363,david.ibrahim604@parent.com,"297 Al-Nuzha Street, Jeddah"
,Lujain Al-Shehri,لجين الشهري,Female,2019-09-14,Saudi Arabia,National ID,1046085943,,,Muslim,Tabuk,AMERICAN,Grade 2,A,2024-25,605,Regular (Continuing),Online Mode,Regular,2024-09-01,Yes,Yazeed Al-Shehri,Norah Al-Shehri,+966509392070,lujain.alshehri605@parent.com,"98 Al-Nuzha Street, Jeddah"
,Nour Gupta,نور جوبتا,Female,2018-11-15,India,Iqama,,2649044148,,Muslim,Dhaka,AMERICAN,Grade 3,A,2024-25,606,Transfer,Regular Mode,Transfer,2024-09-01,Yes,Rohan Gupta,Sana Gupta,+966570130537,nour.gupta606@parent.com,"81 Al-Nuzha Street, Jeddah"
,Ali Al-Harbi,علي الحربي,Male,2017-06-08,Saudi Arabia,National ID,1617830835,,,Muslim,Abha,AMERICAN,Grade 4,A,2024-25,607,Regular (Continuing),Seasonal Mode,Regular,2024-09-01,Yes,Saud Al-Harbi,Aisha Al-Harbi,+966597000733,ali.alharbi607@parent.com,"104 Al-Nuzha Street, Jeddah"
,Priya Rahman,بريا رحمن,Female,2016-03-02,United Kingdom,Iqama,,2307611168,,Muslim,Amman,AMERICAN,Grade 5,A,2024-25,608,New Student,Regular Mode,New,2022-09-01,Yes,Imran Rahman,Nayla Rahman,+966536415865,priya.rahman608@parent.com,"166 Al-Nuzha Street, Jeddah"
,Zayn Garcia,زين جارسيا,Male,2015-10-05,United States,Iqama,,2114372035,,Muslim,Amman,AMERICAN,Grade 6,A,2024-25,609,Regular (Continuing),Regular Mode,Regular,2024-09-01,Yes,Bilal Garcia,Anika Garcia,+966576548984,zayn.garcia609@parent.com,"109 Al-Nuzha Street, Jeddah"
,Talha Khan,طلحة خان,Male,2014-11-20,Bangladesh,Iqama,,2701659893,,Muslim,New York,AMERICAN,Grade 7,A,2024-25,610,Regular (Continuing),Seasonal Mode,Regular,2024-09-01,Yes,Michael Khan,Hira Khan,+966530090097,talha.khan610@parent.com,"290 Al-Nuzha Street, Jeddah"
,Ahmed Shaikh,أحمد شيخ,Male,2013-04-28,United States,Iqama,,2400831793,,Muslim,Mumbai,AMERICAN,Grade 8,A,2024-25,611,Transfer,Regular Mode,Transfer,2022-09-01,Yes,Vihaan Shaikh,Anika Shaikh,+966512404727,ahmed.shaikh611@parent.com,"71 Al-Nuzha Street, Jeddah"
,Daniel Kim,دانيال كيم,Male,2012-08-06,Egypt,Iqama,,2035501573,,Muslim,Cairo,AMERICAN,Grade 9,A,2024-25,612,Regular (Continuing),Online Mode,Regular,2025-09-01,Yes,Talha Kim,Zainab Kim,+966584527328,daniel.kim612@parent.com,"52 Al-Nuzha Street, Jeddah"
,Noura Al-Ghamdi,نورة الغامدي,Female,2011-04-07,Saudi Arabia,National ID,1354670187,,,Non-Muslim,Tabuk,AMERICAN,Grade 10,A,2024-25,613,Regular (Continuing),Regular Mode,Regular,2025-09-01,Yes,Mohammed Al-Ghamdi,Manal Al-Ghamdi,+966575066444,noura.alghamdi613@parent.com,"265 Al-Nuzha Street, Jeddah"
,Sofia Saleh,صوفيا صالح,Female,2010-04-21,United Kingdom,Passport,,,BJ1895898,Muslim,Damascus,AMERICAN,Grade 11,A,2024-25,614,Regular (Continuing),Regular Mode,Regular,2022-09-01,Yes,Kabir Saleh,Olivia Saleh,+966519902857,sofia.saleh614@parent.com,"88 Al-Nuzha Street, Jeddah"
,Hassan Al-Mutairi,حسن المطيري,Male,2009-07-01,Saudi Arabia,National ID,1475686256,,,Muslim,Madinah,AMERICAN,Grade 12,A,2024-25,615,Regular (Continuing),Regular Mode,Regular,2023-09-01,Yes,Saif Al-Mutairi,Joud Al-Mutairi,+966517107574,hassan.almutairi615@parent.com,"125 Al-Nuzha Street, Jeddah"
,Dalal Al-Saud,دلال آل سعود,Female,2020-05-11,Saudi Arabia,National ID,1042987439,,,Muslim,Khobar,AMERICAN,KG1,A,2024-25,616,Transfer,Online Mode,Transfer,2023-09-01,Yes,Bader Al-Saud,Renad Al-Saud,+966562438708,dalal.alsaud616@parent.com,"91 Al-Nuzha Street, Jeddah"
,Yousef Al-Zahrani,يوسف الزهراني,Male,2019-08-04,Saudi Arabia,National ID,1576613546,,,Muslim,Riyadh,AMERICAN,KG2,A,2024-25,617,Regular (Continuing),Online Mode,Regular,2022-09-01,Yes,Yazeed Al-Zahrani,Layla Al-Zahrani,+966563070674,yousef.alzahrani617@parent.com,"17 Al-Nuzha Street, Jeddah"
,John Ibrahim,جون إبراهيم,Male,2020-06-05,United States,Iqama,,2819541104,,Muslim,New York,AMERICAN,Grade 1,A,2024-25,618,Regular (Continuing),Seasonal Mode,Regular,2025-09-01,Yes,Bilal Ibrahim,Sophia Ibrahim,+966532928465,john.ibrahim618@parent.com,"297 Al-Nuzha Street, Jeddah"
,Mohammed Al-Hashemi,محمد الهاشمي,Male,2019-06-26,Saudi Arabia,National ID,1449403581,,,Muslim,Madinah,AMERICAN,Grade 2,A,2024-25,619,Regular (Continuing),Seasonal Mode,Regular,2023-09-01,Yes,Majed Al-Hashemi,Lama Al-Hashemi,+966548325151,mohammed.alhashemi619@parent.com,"110 Al-Nuzha Street, Jeddah"
,Reem Al-Mutairi,ريم المطيري,Female,2018-02-12,Saudi Arabia,National ID,1405514731,,,Non-Muslim,Tabuk,AMERICAN,Grade 3,A,2024-25,620,Regular (Continuing),Regular Mode,Regular,2024-09-01,Yes,Hassan Al-Mutairi,Renad Al-Mutairi,+966564321517,reem.almutairi620@parent.com,"293 Al-Nuzha Street, Jeddah"
,Aisha Brown,عائشة براون,Female,2017-01-03,India,Iqama,,2952988246,,Muslim,Dhaka,AMERICAN,Grade 4,A,2024-25,621,Regular (Continuing),Seasonal Mode,Regular,2023-09-01,Yes,Junaid Brown,Sofia Brown,+966596826763,aisha.brown621@parent.com,"244 Al-Nuzha Street, Jeddah"
,Bilal Brown,بلال براون,Male,2016-11-18,Syria,Iqama,,2557836295,,Muslim,Sanaa,AMERICAN,Grade 5,A,2024-25,622,Regular (Continuing),Online Mode,Regular,2024-09-01,Yes,James Brown,Saanvi Brown,+966523231437,bilal.brown622@parent.com,"279 Al-Nuzha Street, Jeddah"
,Mustafa Mahmood,مصطفى محمود,Male,2015-08-24,Syria,Iqama,,2138952857,,Muslim,Jakarta,AMERICAN,Grade 6,A,2024-25,623,Regular (Continuing),Online Mode,Regular,2024-09-01,Yes,Vihaan Mahmood,Anika Mahmood,+966568532703,mustafa.mahmood623@parent.com,"73 Al-Nuzha Street, Jeddah"
,Tala Al-Zahrani,تالا الزهراني,Female,2014-06-14,Saudi Arabia,National ID,1687120557,,,Muslim,Buraidah,AMERICAN,Grade 7,A,2024-25,624,Transfer,Seasonal Mode,Transfer,2025-09-01,Yes,Raed Al-Zahrani,Manal Al-Zahrani,+966558776951,tala.alzahrani624@parent.com,"299 Al-Nuzha Street, Jeddah"
,Turki Al-Zahrani,تركي الزهراني,Male,2013-07-10,Saudi Arabia,National ID,1271000662,,,Muslim,Khobar,AMERICAN,Grade 8,A,2024-25,625,New Student,Regular Mode,New,2023-09-01,Yes,Saif Al-Zahrani,Fatima Al-Zahrani,+966578575040,turki.alzahrani625@parent.com,"283 Al-Nuzha Street, Jeddah"
,Jana Al-Sabah,جنى الصباح,Female,2012-12-04,Saudi Arabia,National ID,1250865700,,,Muslim,Madinah,AMERICAN,Grade 9,A,2024-25,626,Transfer,Regular Mode,Transfer,2025-09-01,Yes,Hatim Al-Sabah,Aljawhara Al-Sabah,+966589105936,jana.alsabah626@parent.com,"151 Al-Nuzha Street, Jeddah"
,Bilal Sharma,بلال شارما,Male,2011-12-26,Philippines,Passport,,,JC7053025,Muslim,Sanaa,AMERICAN,Grade 10,A,2024-25,627,Regular (Continuing),Online Mode,Regular,2025-09-01,Yes,Tariq Sharma,Maya Sharma,+966558004586,bilal.sharma627@parent.com,"55 Al-Nuzha Street, Jeddah"
,Zoe Sheikh,زوي شيخ,Female,2010-05-09,Syria,Iqama,,2898085385,,Non-Muslim,New York,AMERICAN,Grade 11,A,2024-25,628,New Student,Online Mode,New,2025-09-01,Yes,Adam Sheikh,Sana Sheikh,+966534534633,zoe.sheikh628@parent.com,"1 Al-Nuzha Street, Jeddah"
,Ammar Al-Qahtani,عمار القحطاني,Male,2009-02-04,Saudi Arabia,National ID,1558357888,,,Non-Muslim,Buraidah,AMERICAN,Grade 12,A,2024-25,629,Transfer,Regular Mode,Transfer,2023-09-01,Yes,Adel Al-Qahtani,Raghad Al-Qahtani,+966522055679,ammar.alqahtani629@parent.com,"32 Al-Nuzha Street, Jeddah"
,Nour Rahman,نور رحمن,Female,2020-11-25,India,Passport,,,GF7382589,Non-Muslim,Damascus,AMERICAN,KG1,A,2024-25,630,Regular (Continuing),Online Mode,Regular,2024-09-01,Yes,Faris Rahman,Sana Rahman,+966532743818,nour.rahman630@parent.com,"71 Al-Nuzha Street, Jeddah"
,Faisal Al-Rashid,فيصل الراشد,Male,2019-10-23,Saudi Arabia,National ID,1446689462,,,Muslim,Jeddah,AMERICAN,KG2,A,2024-25,631,Regular (Continuing),Online Mode,Regular,2025-09-01,Yes,Faisal Al-Rashid,Maha Al-Rashid,+966519054181,faisal.alrashid631@parent.com,"262 Al-Nuzha Street, Jeddah"
,Diya Singh,ديا سينغ,Female,2020-07-03,Egypt,Iqama,,2411905144,,Muslim,Cairo,AMERICAN,Grade 1,A,2024-25,632,Regular (Continuing),Seasonal Mode,Regular,2022-09-01,Yes,Zayn Singh,Khadija Singh,+966540552104,diya.singh632@parent.com,"249 Al-Nuzha Street, Jeddah"
,Anika Sheikh,أنيكة شيخ,Female,2019-02-20,Sudan,Iqama,,2688771406,,Muslim,Amman,AMERICAN,Grade 2,A,2024-25,633,Transfer,Online Mode,Transfer,2023-09-01,Yes,Junaid Sheikh,Layla Sheikh,+966557998018,anika.sheikh633@parent.com,"142 Al-Nuzha Street, Jeddah"
,Majed Al-Sulami,ماجد السلمي,Male,2018-05-18,Saudi Arabia,National ID,1232813931,,,Muslim,Mecca,AMERICAN,Grade 3,A,2024-25,634,New Student,Online Mode,New,2022-09-01,Yes,Ziyad Al-Sulami,Lujain Al-Sulami,+966525404452,majed.alsulami634@parent.com,"95 Al-Nuzha Street, Jeddah"
,Lujain Al-Tamimi,لجين التميمي,Female,2017-01-03,Saudi Arabia,National ID,1997152441,,,Muslim,Riyadh,AMERICAN,Grade 4,A,2024-25,635,Regular (Continuing),Seasonal Mode,Regular,2025-09-01,Yes,Bader Al-Tamimi,Renad Al-Tamimi,+966515335091,lujain.altamimi635@parent.com,"34 Al-Nuzha Street, Jeddah"
,Latifa Al-Rashid,لطيفة الراشد,Female,2016-10-27,Saudi Arabia,National ID,1270348605,,,Non-Muslim,Tabuk,AMERICAN,Grade 5,A,2024-25,636,Transfer,Online Mode,Transfer,2023-09-01,Yes,Hassan Al-Rashid,Dana Al-Rashid,+966599343616,latifa.alrashid636@parent.com,"48 Al-Nuzha Street, Jeddah"
,Manal Al-Tamimi,منال التميمي,Female,2015-02-08,Saudi Arabia,National ID,1894690780,,,Muslim,Madinah,AMERICAN,Grade 6,A,2024-25,637,Regular (Continuing),Regular Mode,Regular,2022-09-01,Yes,Raed Al-Tamimi,Salma Al-Tamimi,+966573142500,manal.altamimi637@parent.com,"293 Al-Nuzha Street, Jeddah"
,Jana Al-Otaibi,جنى العتيبي,Female,2014-04-27,Saudi Arabia,National ID,1244405270,,,Muslim,Abha,AMERICAN,Grade 7,A,2024-25,638,New Student,Seasonal Mode,New,2025-09-01,Yes,Abdullah Al-Otaibi,Layla Al-Otaibi,+966576593666,jana.alotaibi638@parent.com,"189 Al-Nuzha Street, Jeddah"
,Latifa Al-Hussein,لطيفة الحسين,Female,2013-03-13,Saudi Arabia,National ID,1099150452,,,Non-Muslim,Riyadh,AMERICAN,Grade 8,A,2024-25,639,Regular (Continuing),Online Mode,Regular,2025-09-01,Yes,Ammar Al-Hussein,Aisha Al-Hussein,+966588434800,latifa.alhussein639@parent.com,"27 Al-Nuzha Street, Jeddah"
,Faisal Al-Yamani,فيصل اليماني,Male,2012-03-02,Saudi Arabia,National ID,1170639692,,,Non-Muslim,Khobar,AMERICAN,Grade 9,A,2024-25,640,Regular (Continuing),Seasonal Mode,Regular,2024-09-01,Yes,Hassan Al-Yamani,Hanan Al-Yamani,+966558627448,faisal.alyamani640@parent.com,"64 Al-Nuzha Street, Jeddah"
,Ammar Al-Shehri,عمار الشهري,Male,2011-05-20,Saudi Arabia,National ID,1560989682,,,Muslim,Madinah,AMERICAN,Grade 10,A,2024-25,641,New Student,Regular Mode,New,2023-09-01,Yes,Bader Al-Shehri,Fatima Al-Shehri,+966561889155,ammar.alshehri641@parent.com,"86 Al-Nuzha Street, Jeddah"
,Riya Ali,ريا علي,Female,2010-03-16,Pakistan,Passport,,,FC8516849,Non-Muslim,Dhaka,AMERICAN,Grade 11,A,2024-25,642,Regular (Continuing),Seasonal Mode,Regular,2025-09-01,Yes,Junaid Ali,Anaya Ali,+966531558752,riya.ali642@parent.com,"298 Al-Nuzha Street, Jeddah"
,Yazeed Al-Anazi,يزيد العنزي,Male,2009-05-28,Saudi Arabia,National ID,1848528699,,,Non-Muslim,Dammam,AMERICAN,Grade 12,A,2024-25,643,New Student,Seasonal Mode,New,2025-09-01,Yes,Hassan Al-Anazi,Sara Al-Anazi,+966560803954,yazeed.alanazi643@parent.com,"230 Al-Nuzha Street, Jeddah"
,Hassan Al-Saud,حسن آل سعود,Male,2020-10-12,Saudi Arabia,National ID,1284640370,,,Muslim,Tabuk,AMERICAN,KG1,A,2024-25,644,Regular (Continuing),Seasonal Mode,Regular,2023-09-01,Yes,Talal Al-Saud,Jana Al-Saud,+966546456122,hassan.alsaud644@parent.com,"9 Al-Nuzha Street, Jeddah"
,Sophia Ali,سوفيا علي,Female,2019-09-18,Sudan,Iqama,,2303553285,,Muslim,Mumbai,AMERICAN,KG2,A,2024-25,645,New Student,Regular Mode,New,2023-09-01,Yes,Kabir Ali,Zoe Ali,+966528615756,sophia.ali645@parent.com,"77 Al-Nuzha Street, Jeddah"
,Tala Al-Anazi,تالا العنزي,Female,2020-02-11,Saudi Arabia,National ID,1862503101,,,Muslim,Tabuk,AMERICAN,Grade 1,A,2024-25,646,Regular (Continuing),Online Mode,Regular,2025-09-01,Yes,Adel Al-Anazi,Salma Al-Anazi,+966550903063,tala.alanazi646@parent.com,"36 Al-Nuzha Street, Jeddah"
,Aryan Gupta,آريان جوبتا,Male,2019-07-03,Pakistan,Iqama,,2322889251,,Non-Muslim,Khartoum,AMERICAN,Grade 2,A,2024-25,647,New Student,Seasonal Mode,New,2023-09-01,Yes,Tariq Gupta,Riya Gupta,+966513150046,aryan.gupta647@parent.com,"217 Al-Nuzha Street, Jeddah"
,Faisal Al-Yamani,فيصل اليماني,Male,2018-10-18,Saudi Arabia,National ID,1937337700,,,Muslim,Dammam,AMERICAN,Grade 3,A,2024-25,648,New Student,Seasonal Mode,New,2024-09-01,Yes,Fahad Al-Yamani,Jana Al-Yamani,+966509584796,faisal.alyamani648@parent.com,"24 Al-Nuzha Street, Jeddah"
,Wafa Al-Sulami,وفاء السلمي,Female,2017-07-08,Saudi Arabia,National ID,1227379630,,,Muslim,Tabuk,AMERICAN,Grade 4,A,2024-25,649,Transfer,Online Mode,Transfer,2023-09-01,Yes,Mohammed Al-Sulami,Amal Al-Sulami,+966500831931,wafa.alsulami649@parent.com,"224 Al-Nuzha Street, Jeddah"
,Ali Al-Fayez,علي الفايز,Male,2016-08-12,Saudi Arabia,National ID,1908255786,,,Muslim,Mecca,AMERICAN,Grade 5,A,2024-25,650,Regular (Continuing),Seasonal Mode,Regular,2023-09-01,Yes,Khalid Al-Fayez,Norah Al-Fayez,+966570918860,ali.alfayez650@parent.com,"235 Al-Nuzha Street, Jeddah"
,Aryan Patel,آريان باتل,Male,2015-10-15,Syria,Iqama,,2334653479,,Muslim,London,AMERICAN,Grade 6,A,2024-25,651,Regular (Continuing),Online Mode,Regular,2024-09-01,Yes,Talha Patel,Emma Patel,+966502918726,aryan.patel651@parent.com,"244 Al-Nuzha Street, Jeddah"
,Nour Rahman,نور رحمن,Female,2014-05-15,Bangladesh,Iqama,,2195584114,,Muslim,Damascus,AMERICAN,Grade 7,A,2024-25,652,Regular (Continuing),Online Mode,Regular,2023-09-01,Yes,Yusuf Rahman,Anaya Rahman,+966515055342,nour.rahman652@parent.com,"257 Al-Nuzha Street, Jeddah"
,Raed Al-Rashid,رائد الراشد,Male,2013-03-13,Saudi Arabia,National ID,1621304639,,,Muslim,Mecca,AMERICAN,Grade 8,A,2024-25,653,Regular (Continuing),Seasonal Mode,Regular,2025-09-01,Yes,Bader Al-Rashid,Mariam Al-Rashid,+966541950243,raed.alrashid653@parent.com,"65 Al-Nuzha Street, Jeddah"
,Adam Ibrahim,آدم إبراهيم,Male,2012-06-14,Egypt,Iqama,,2909758406,,Muslim,New York,AMERICAN,Grade 9,A,2024-25,654,Transfer,Seasonal Mode,Transfer,2025-09-01,Yes,Vihaan Ibrahim,Nour Ibrahim,+966533479778,adam.ibrahim654@parent.com,"116 Al-Nuzha Street, Jeddah"
,Saud Al-Sabah,سعود الصباح,Male,2011-11-10,Saudi Arabia,National ID,1475754528,,,Muslim,Tabuk,AMERICAN,Grade 10,A,2024-25,655,Regular (Continuing),Online Mode,Regular,2023-09-01,Yes,Fahad Al-Sabah,Ghada Al-Sabah,+966540718151,saud.alsabah655@parent.com,"236 Al-Nuzha Street, Jeddah"
,John Siddiqui,جون صديقي,Male,2010-04-05,Yemen,Passport,,,BC2271052,Non-Muslim,London,AMERICAN,Grade 11,A,2024-25,656,Regular (Continuing),Seasonal Mode,Regular,2025-09-01,Yes,Vihaan Siddiqui,Sofia Siddiqui,+966564053063,john.siddiqui656@parent.com,"121 Al-Nuzha Street, Jeddah"
,Anas Al-Ghamdi,أنس الغامدي,Male,2009-10-27,Saudi Arabia,National ID,1151780414,,,Non-Muslim,Dammam,AMERICAN,Grade 12,A,2024-25,657,Regular (Continuing),Online Mode,Regular,2024-09-01,Yes,Raed Al-Ghamdi,Fatima Al-Ghamdi,+966598843331,anas.alghamdi657@parent.com,"218 Al-Nuzha Street, Jeddah"
,Priya Kumar,بريا كومار,Female,2020-10-11,India,Iqama,,2032562091,,Muslim,Manila,AMERICAN,KG1,A,2024-25,658,Regular (Continuing),Regular Mode,Regular,2024-09-01,Yes,Tariq Kumar,Sophia Kumar,+966508715288,priya.kumar658@parent.com,"29 Al-Nuzha Street, Jeddah"
,Fatima Sharma,فاطمة شارما,Female,2019-04-02,Egypt,Passport,,,EH6397433,Muslim,Damascus,AMERICAN,KG2,A,2024-25,659,New Student,Online Mode,New,2023-09-01,Yes,Michael Sharma,Khadija Sharma,+966550117877,fatima.sharma659@parent.com,"83 Al-Nuzha Street, Jeddah"
,Sofia Malik,صوفيا مالك,Female,2020-04-27,Egypt,Iqama,,2442413056,,Muslim,Khartoum,AMERICAN,Grade 1,A,2024-25,660,Regular (Continuing),Regular Mode,Regular,2022-09-01,Yes,Vihaan Malik,Diya Malik,+966594069567,sofia.malik660@parent.com,"133 Al-Nuzha Street, Jeddah"
,Daniel Ibrahim,دانيال إبراهيم,Male,2019-05-03,Bangladesh,Iqama,,2287421789,,Muslim,New York,AMERICAN,Grade 2,A,2024-25,661,New Student,Online Mode,New,2025-09-01,Yes,Ayaan Ibrahim,Sana Ibrahim,+966560555336,daniel.ibrahim661@parent.com,"209 Al-Nuzha Street, Jeddah"
,Noura Al-Zahrani,نورة الزهراني,Female,2018-01-17,Saudi Arabia,National ID,1252959141,,,Muslim,Madinah,AMERICAN,Grade 3,A,2024-25,662,New Student,Regular Mode,New,2024-09-01,Yes,Mohammed Al-Zahrani,Asma Al-Zahrani,+966559261019,noura.alzahrani662@parent.com,"91 Al-Nuzha Street, Jeddah"
,Ammar Al-Qahtani,عمار القحطاني,Male,2017-07-08,Saudi Arabia,National ID,1602174635,,,Muslim,Buraidah,AMERICAN,Grade 4,A,2024-25,663,Regular (Continuing),Regular Mode,Regular,2024-09-01,Yes,Hamad Al-Qahtani,Fatima Al-Qahtani,+966514821753,ammar.alqahtani663@parent.com,"154 Al-Nuzha Street, Jeddah"
,Sofia Rahman,صوفيا رحمن,Female,2016-04-10,Egypt,Passport,,,FN3879115,Muslim,Manila,AMERICAN,Grade 5,A,2024-25,664,Regular (Continuing),Regular Mode,Regular,2022-09-01,Yes,James Rahman,Diya Rahman,+966575542337,sofia.rahman664@parent.com,"214 Al-Nuzha Street, Jeddah"
,Saud Al-Zahrani,سعود الزهراني,Male,2015-07-26,Saudi Arabia,National ID,1057505856,,,Muslim,Tabuk,AMERICAN,Grade 6,A,2024-25,665,Regular (Continuing),Seasonal Mode,Regular,2025-09-01,Yes,Omar Al-Zahrani,Sara Al-Zahrani,+966507459205,saud.alzahrani665@parent.com,"51 Al-Nuzha Street, Jeddah"
,Amal Al-Anazi,أمل العنزي,Female,2014-03-27,Saudi Arabia,National ID,1759232753,,,Muslim,Khobar,AMERICAN,Grade 7,A,2024-25,666,Transfer,Online Mode,Transfer,2024-09-01,Yes,Ali Al-Anazi,Hessa Al-Anazi,+966504685323,amal.alanazi666@parent.com,"140 Al-Nuzha Street, Jeddah"
,Jana Al-Dosari,جنى الدوسري,Female,2013-12-07,Saudi Arabia,National ID,1060927207,,,Muslim,Tabuk,AMERICAN,Grade 8,A,2024-25,667,New Student,Regular Mode,New,2023-09-01,Yes,Ali Al-Dosari,Reem Al-Dosari,+966513268271,jana.aldosari667@parent.com,"162 Al-Nuzha Street, Jeddah"
,Aljawhara Al-Yamani,الجوهرة اليماني,Female,2012-09-20,Saudi Arabia,National ID,1565177869,,,Muslim,Jeddah,AMERICAN,Grade 9,A,2024-25,668,Regular (Continuing),Seasonal Mode,Regular,2022-09-01,Yes,Fahad Al-Yamani,Salma Al-Yamani,+966587577036,aljawhara.alyamani668@parent.com,"182 Al-Nuzha Street, Jeddah"
,Amal Al-Qahtani,أمل القحطاني,Female,2011-10-04,Saudi Arabia,National ID,1383915128,,,Non-Muslim,Tabuk,AMERICAN,Grade 10,A,2024-25,669,Transfer,Seasonal Mode,Transfer,2023-09-01,Yes,Majed Al-Qahtani,Wafa Al-Qahtani,+966581596775,amal.alqahtani669@parent.com,"47 Al-Nuzha Street, Jeddah"
,Fatima Al-Maliki,فاطمة المالكي,Female,2010-09-27,Saudi Arabia,National ID,1210967896,,,Muslim,Buraidah,AMERICAN,Grade 11,A,2024-25,670,New Student,Seasonal Mode,New,2024-09-01,Yes,Bader Al-Maliki,Mariam Al-Maliki,+966566956793,fatima.almaliki670@parent.com,"113 Al-Nuzha Street, Jeddah"
,Saanvi Gupta,سانفي جوبتا,Female,2009-09-09,Bangladesh,Passport,,,JN1446135,Muslim,Manila,AMERICAN,Grade 12,A,2024-25,671,New Student,Seasonal Mode,New,2023-09-01,Yes,Imran Gupta,Diya Gupta,+966577958001,saanvi.gupta671@parent.com,"201 Al-Nuzha Street, Jeddah"
,Diya Patel,ديا باتل,Female,2020-02-05,India,Passport,,,BF3423892,Muslim,Damascus,AMERICAN,KG1,A,2024-25,672,Regular (Continuing),Regular Mode,Regular,2022-09-01,Yes,Zayn Patel,Mariam Patel,+966542708384,diya.patel672@parent.com,"163 Al-Nuzha Street, Jeddah"
,Hassan Al-Shehri,حسن الشهري,Male,2019-03-04,Saudi Arabia,National ID,1180977502,,,Muslim,Buraidah,AMERICAN,KG2,A,2024-25,673,Regular (Continuing),Online Mode,Regular,2024-09-01,Yes,Bandar Al-Shehri,Amal Al-Shehri,+966517969134,hassan.alshehri673@parent.com,"274 Al-Nuzha Street, Jeddah"
,Olivia Ahmed,أوليفيا أحمد,Female,2020-01-05,Syria,Iqama,,2705505126,,Muslim,Khartoum,AMERICAN,Grade 1,A,2024-25,674,Regular (Continuing),Seasonal Mode,Regular,2024-09-01,Yes,Zain Ahmed,Maya Ahmed,+966521702742,olivia.ahmed674@parent.com,"290 Al-Nuzha Street, Jeddah"
,Noura Al-Shehri,نورة الشهري,Female,2019-04-19,Saudi Arabia,National ID,1185685683,,,Muslim,Tabuk,AMERICAN,Grade 2,A,2024-25,675,Transfer,Regular Mode,Transfer,2022-09-01,Yes,Ziyad Al-Shehri,Shaden Al-Shehri,+966553985404,noura.alshehri675@parent.com,"211 Al-Nuzha Street, Jeddah"
,Abdullah Al-Hussein,عبدالله الحسين,Male,2018-11-09,Saudi Arabia,National ID,1750624765,,,Non-Muslim,Buraidah,AMERICAN,Grade 3,A,2024-25,676,Transfer,Online Mode,Transfer,2023-09-01,Yes,Salman Al-Hussein,Wafa Al-Hussein,+966563845934,abdullah.alhussein676@parent.com,"5 Al-Nuzha Street, Jeddah"
,Layla Wang,ليلى وانج,Female,2017-01-11,Bangladesh,Iqama,,2782656983,,Muslim,London,AMERICAN,Grade 4,A,2024-25,677,Regular (Continuing),Online Mode,Regular,2025-09-01,Yes,Ismail Wang,Riya Wang,+966525338085,layla.wang677@parent.com,"275 Al-Nuzha Street, Jeddah"
,Saud Al-Anazi,سعود العنزي,Male,2016-09-18,Saudi Arabia,National ID,1334122046,,,Muslim,Abha,AMERICAN,Grade 5,A,2024-25,678,Transfer,Regular Mode,Transfer,2023-09-01,Yes,Yousef Al-Anazi,Mariam Al-Anazi,+966581884048,saud.alanazi678@parent.com,"247 Al-Nuzha Street, Jeddah"
,Nour Mahmood,نور محمود,Female,2015-08-12,Syria,Passport,,,JG7054724,Non-Muslim,Jakarta,AMERICAN,Grade 6,A,2024-25,679,Regular (Continuing),Seasonal Mode,Regular,2023-09-01,Yes,Aryan Mahmood,Aisha Mahmood,+966559195669,nour.mahmood679@parent.com,"152 Al-Nuzha Street, Jeddah"
,Salman Al-Saud,سلمان آل سعود,Male,2014-01-14,Saudi Arabia,National ID,1988400330,,,Muslim,Dammam,AMERICAN,Grade 7,A,2024-25,680,Regular (Continuing),Regular Mode,Regular,2024-09-01,Yes,Abdullah Al-Saud,Shaden Al-Saud,+966503871897,salman.alsaud680@parent.com,"184 Al-Nuzha Street, Jeddah"
,Hassan Al-Shehri,حسن الشهري,Male,2013-08-04,Saudi Arabia,National ID,1058352887,,,Muslim,Abha,AMERICAN,Grade 8,A,2024-25,681,New Student,Online Mode,New,2022-09-01,Yes,Majed Al-Shehri,Reem Al-Shehri,+966570486595,hassan.alshehri681@parent.com,"25 Al-Nuzha Street, Jeddah"
,Ibrahim Al-Maliki,إبراهيم المالكي,Male,2012-02-24,Saudi Arabia,National ID,1050876592,,,Muslim,Jeddah,AMERICAN,Grade 9,A,2024-25,682,New Student,Regular Mode,New,2022-09-01,Yes,Saud Al-Maliki,Wafa Al-Maliki,+966556468407,ibrahim.almaliki682@parent.com,"270 Al-Nuzha Street, Jeddah"
,Salma Al-Qahtani,سلمى القحطاني,Female,2011-03-11,Saudi Arabia,National ID,1546803882,,,Muslim,Buraidah,AMERICAN,Grade 10,A,2024-25,683,Regular (Continuing),Online Mode,Regular,2025-09-01,Yes,Yazeed Al-Qahtani,Dalal Al-Qahtani,+966515385672,salma.alqahtani683@parent.com,"72 Al-Nuzha Street, Jeddah"
,Omar Al-Mutairi,عمر المطيري,Male,2010-01-13,Saudi Arabia,National ID,1216772686,,,Muslim,Dammam,AMERICAN,Grade 11,A,2024-25,684,Regular (Continuing),Online Mode,Regular,2024-09-01,Yes,Salman Al-Mutairi,Joud Al-Mutairi,+966598187429,omar.almutairi684@parent.com,"196 Al-Nuzha Street, Jeddah"
,Khalid Al-Yamani,خالد اليماني,Male,2009-07-04,Saudi Arabia,National ID,1068365963,,,Muslim,Mecca,AMERICAN,Grade 12,A,2024-25,685,New Student,Seasonal Mode,New,2023-09-01,Yes,Fahad Al-Yamani,Raghad Al-Yamani,+966588548753,khalid.alyamani685@parent.com,"160 Al-Nuzha Street, Jeddah"
,Saanvi Ali,سانفي علي,Female,2020-04-02,Yemen,Iqama,,2254381001,,Muslim,Sanaa,AMERICAN,KG1,A,2024-25,686,Regular (Continuing),Seasonal Mode,Regular,2022-09-01,Yes,Ayaan Ali,Saanvi Ali,+966508750512,saanvi.ali686@parent.com,"137 Al-Nuzha Street, Jeddah"
,Khadija Sheikh,خديجة شيخ,Female,2019-08-08,India,Iqama,,2783512118,,Muslim,Cairo,AMERICAN,KG2,A,2024-25,687,Regular (Continuing),Regular Mode,Regular,2024-09-01,Yes,Hamza Sheikh,Diya Sheikh,+966523427695,khadija.sheikh687@parent.com,"280 Al-Nuzha Street, Jeddah"
,Aryan Ibrahim,آريان إبراهيم,Male,2020-01-11,Yemen,Iqama,,2319217898,,Muslim,Karachi,AMERICAN,Grade 1,A,2024-25,688,Regular (Continuing),Online Mode,Regular,2022-09-01,Yes,Yusuf Ibrahim,Sofia Ibrahim,+966509227824,aryan.ibrahim688@parent.com,"159 Al-Nuzha Street, Jeddah"
,Hanan Al-Otaibi,حنان العتيبي,Female,2019-05-02,Saudi Arabia,National ID,1168282739,,,Non-Muslim,Madinah,AMERICAN,Grade 2,A,2024-25,689,New Student,Seasonal Mode,New,2023-09-01,Yes,Nawaf Al-Otaibi,Sara Al-Otaibi,+966595692215,hanan.alotaibi689@parent.com,"127 Al-Nuzha Street, Jeddah"
,Aisha Al-Ghamdi,عائشة الغامدي,Female,2018-07-15,Saudi Arabia,National ID,1125117110,,,Muslim,Tabuk,AMERICAN,Grade 3,A,2024-25,690,Transfer,Online Mode,Transfer,2025-09-01,Yes,Ammar Al-Ghamdi,Salma Al-Ghamdi,+966587141006,aisha.alghamdi690@parent.com,"230 Al-Nuzha Street, Jeddah"
,Yousef Al-Mutairi,يوسف المطيري,Male,2017-07-16,Saudi Arabia,National ID,1569521965,,,Muslim,Buraidah,AMERICAN,Grade 4,A,2024-25,691,New Student,Seasonal Mode,New,2023-09-01,Yes,Yazeed Al-Mutairi,Jana Al-Mutairi,+966517235194,yousef.almutairi691@parent.com,"295 Al-Nuzha Street, Jeddah"
,Tala Al-Rashid,تالا الراشد,Female,2016-11-21,Saudi Arabia,National ID,1031367754,,,Muslim,Tabuk,AMERICAN,Grade 5,A,2024-25,692,New Student,Seasonal Mode,New,2023-09-01,Yes,Salman Al-Rashid,Sara Al-Rashid,+966522201378,tala.alrashid692@parent.com,"165 Al-Nuzha Street, Jeddah"
,Junaid Mahmood,جنيد محمود,Male,2015-04-13,India,Passport,,,NG0011805,Muslim,London,AMERICAN,Grade 6,A,2024-25,693,New Student,Regular Mode,New,2025-09-01,Yes,Aryan Mahmood,Diya Mahmood,+966534046775,junaid.mahmood693@parent.com,"78 Al-Nuzha Street, Jeddah"
,Dana Al-Dosari,دانا الدوسري,Female,2014-05-10,Saudi Arabia,National ID,1533067055,,,Muslim,Khobar,AMERICAN,Grade 7,A,2024-25,694,Transfer,Regular Mode,Transfer,2024-09-01,Yes,Adel Al-Dosari,Latifa Al-Dosari,+966581578630,dana.aldosari694@parent.com,"83 Al-Nuzha Street, Jeddah"
,Salma Al-Harbi,سلمى الحربي,Female,2013-12-19,Saudi Arabia,National ID,1764803157,,,Muslim,Madinah,AMERICAN,Grade 8,A,2024-25,695,New Student,Regular Mode,New,2025-09-01,Yes,Majed Al-Harbi,Reem Al-Harbi,+966583893680,salma.alharbi695@parent.com,"33 Al-Nuzha Street, Jeddah"
,Sophia Hassan,سوفيا حسن,Female,2012-04-17,Yemen,Iqama,,2635644828,,Muslim,London,AMERICAN,Grade 9,A,2024-25,696,New Student,Regular Mode,New,2025-09-01,Yes,Hassan Hassan,Mariam Hassan,+966512787680,sophia.hassan696@parent.com,"261 Al-Nuzha Street, Jeddah"
,Raed Al-Zahrani,رائد الزهراني,Male,2011-07-02,Saudi Arabia,National ID,1897433525,,,Muslim,Dammam,AMERICAN,Grade 10,A,2024-25,697,Regular (Continuing),Regular Mode,Regular,2022-09-01,Yes,Naif Al-Zahrani,Layla Al-Zahrani,+966560120300,raed.alzahrani697@parent.com,"102 Al-Nuzha Street, Jeddah"
,Renad Al-Shehri,رناد الشهري,Female,2010-09-20,Saudi Arabia,National ID,1195772142,,,Non-Muslim,Khobar,AMERICAN,Grade 11,A,2024-25,698,Regular (Continuing),Seasonal Mode,Regular,2024-09-01,Yes,Adel Al-Shehri,Salma Al-Shehri,+966532412141,renad.alshehri698@parent.com,"120 Al-Nuzha Street, Jeddah"
,Saud Al-Qahtani,سعود القحطاني,Male,2009-11-27,Saudi Arabia,National ID,1295092188,,,Muslim,Tabuk,AMERICAN,Grade 12,A,2024-25,699,New Student,Online Mode,New,2023-09-01,Yes,Ali Al-Qahtani,Reem Al-Qahtani,+966502389591,saud.alqahtani699@parent.com,"27 Al-Nuzha Street, Jeddah"
,Manal Al-Qahtani,منال القحطاني,Female,2020-11-16,Saudi Arabia,National ID,1480831560,,,Muslim,Mecca,AMERICAN,KG1,A,2024-25,700,Regular (Continuing),Seasonal Mode,Regular,2023-09-01,Yes,Nawaf Al-Qahtani,Sara Al-Qahtani,+966596292633,manal.alqahtani700@parent.com,"290 Al-Nuzha Street, Jeddah"
,Anas Al-Yamani,أنس اليماني,Male,2019-01-12,Saudi Arabia,National ID,1743231901,,,Muslim,Tabuk,AMERICAN,KG2,A,2024-25,701,Regular (Continuing),Online Mode,Regular,2025-09-01,Yes,Ali Al-Yamani,Mariam Al-Yamani,+966539977301,anas.alyamani701@parent.com,"290 Al-Nuzha Street, Jeddah"
,Diya Garcia,ديا جارسيا,Female,2020-06-26,United Kingdom,Iqama,,2911907027,,Muslim,London,AMERICAN,Grade 1,A,2024-25,702,Transfer,Online Mode,Transfer,2024-09-01,Yes,Ismail Garcia,Diya Garcia,+966527430171,diya.garcia702@parent.com,"119 Al-Nuzha Street, Jeddah"
,Sofia Kumar,صوفيا كومار,Female,2019-11-25,Syria,Iqama,,2333372129,,Muslim,Karachi,AMERICAN,Grade 2,A,2024-25,703,Transfer,Online Mode,Transfer,2023-09-01,Yes,Adam Kumar,Diya Kumar,+966582406848,sofia.kumar703@parent.com,"216 Al-Nuzha Street, Jeddah"
,Aisha Ahmed,عائشة أحمد,Female,2018-09-13,Yemen,Passport,,,DH6885882,Non-Muslim,Jakarta,AMERICAN,Grade 3,A,2024-25,704,Regular (Continuing),Seasonal Mode,Regular,2022-09-01,Yes,Zain Ahmed,Olivia Ahmed,+966587363085,aisha.ahmed704@parent.com,"145 Al-Nuzha Street, Jeddah"
,Hamza Mahmood,حمزة محمود,Male,2017-01-17,Sudan,Passport,,,DJ9146506,Muslim,Cairo,AMERICAN,Grade 4,A,2024-25,705,Regular (Continuing),Seasonal Mode,Regular,2025-09-01,Yes,Michael Mahmood,Sofia Mahmood,+966564101973,hamza.mahmood705@parent.com,"119 Al-Nuzha Street, Jeddah"
,Talha Smith,طلحة سميث,Male,2016-02-09,Egypt,Passport,,,JA6644526,Muslim,Cairo,AMERICAN,Grade 5,A,2024-25,706,Regular (Continuing),Online Mode,Regular,2024-09-01,Yes,Aryan Smith,Zainab Smith,+966529233469,talha.smith706@parent.com,"16 Al-Nuzha Street, Jeddah"
,Sara Al-Zahrani,سارة الزهراني,Female,2015-11-14,Saudi Arabia,National ID,1306886775,,,Muslim,Buraidah,AMERICAN,Grade 6,A,2024-25,707,New Student,Regular Mode,New,2022-09-01,Yes,Hatim Al-Zahrani,Renad Al-Zahrani,+966561035565,sara.alzahrani707@parent.com,"232 Al-Nuzha Street, Jeddah"
,Faris Ibrahim,فارس إبراهيم,Male,2014-10-12,Syria,Passport,,,NC5525258,Muslim,Damascus,AMERICAN,Grade 7,A,2024-25,708,Transfer,Online Mode,Transfer,2024-09-01,Yes,Michael Ibrahim,Hira Ibrahim,+966589204181,faris.ibrahim708@parent.com,"15 Al-Nuzha Street, Jeddah"
,Bandar Al-Mutairi,بندر المطيري,Male,2013-07-12,Saudi Arabia,National ID,1752208490,,,Muslim,Mecca,AMERICAN,Grade 8,A,2024-25,709,New Student,Online Mode,New,2023-09-01,Yes,Raed Al-Mutairi,Sara Al-Mutairi,+966514348874,bandar.almutairi709@parent.com,"39 Al-Nuzha Street, Jeddah"
,Aliya Hassan,عالية حسن,Female,2012-10-06,Indonesia,Iqama,,2982690038,,Muslim,Damascus,AMERICAN,Grade 9,A,2024-25,710,Regular (Continuing),Online Mode,Regular,2022-09-01,Yes,Hamza Hassan,Emma Hassan,+966590838581,aliya.hassan710@parent.com,"275 Al-Nuzha Street, Jeddah"
,Ahmed Siddiqui,أحمد صديقي,Male,2011-08-10,Bangladesh,Iqama,,2065334165,,Non-Muslim,Manila,AMERICAN,Grade 10,A,2024-25,711,New Student,Regular Mode,New,2022-09-01,Yes,Yusuf Siddiqui,Anaya Siddiqui,+966513571586,ahmed.siddiqui711@parent.com,"178 Al-Nuzha Street, Jeddah"
,Sadia Malik,صادية مالك,Female,2010-07-03,Philippines,Iqama,,2214120191,,Muslim,Karachi,AMERICAN,Grade 11,A,2024-25,712,Regular (Continuing),Seasonal Mode,Regular,2025-09-01,Yes,John Malik,Aliya Malik,+966579571290,sadia.malik712@parent.com,"187 Al-Nuzha Street, Jeddah"
,Yousef Al-Rashid,يوسف الراشد,Male,2009-09-19,Saudi Arabia,National ID,1381683179,,,Muslim,Madinah,AMERICAN,Grade 12,A,2024-25,713,Regular (Continuing),Seasonal Mode,Regular,2023-09-01,Yes,Nawaf Al-Rashid,Ghada Al-Rashid,+966503910765,yousef.alrashid713@parent.com,"248 Al-Nuzha Street, Jeddah"
,Shaden Al-Hussein,شادن الحسين,Female,2020-05-19,Saudi Arabia,National ID,1110766681,,,Muslim,Dammam,AMERICAN,KG1,A,2024-25,714,New Student,Seasonal Mode,New,2022-09-01,Yes,Ali Al-Hussein,Latifa Al-Hussein,+966583688842,shaden.alhussein714@parent.com,"209 Al-Nuzha Street, Jeddah"
,Imran Ibrahim,عمران إبراهيم,Male,2019-04-04,Sudan,Passport,,,AC3881893,Muslim,Amman,AMERICAN,KG2,A,2024-25,715,New Student,Online Mode,New,2023-09-01,Yes,John Ibrahim,Aliya Ibrahim,+966537414860,imran.ibrahim715@parent.com,"42 Al-Nuzha Street, Jeddah"
,Majed Al-Hashemi,ماجد الهاشمي,Male,2020-02-19,Saudi Arabia,National ID,1698712906,,,Non-Muslim,Madinah,AMERICAN,Grade 1,A,2024-25,716,Regular (Continuing),Online Mode,Regular,2025-09-01,Yes,Ibrahim Al-Hashemi,Aisha Al-Hashemi,+966575963719,majed.alhashemi716@parent.com,"217 Al-Nuzha Street, Jeddah"
,Junaid Chen,جنيد تشين,Male,2019-06-05,India,Passport,,,MN6468512,Muslim,Damascus,AMERICAN,Grade 2,A,2024-25,717,Regular (Continuing),Online Mode,Regular,2025-09-01,Yes,Bilal Chen,Mariam Chen,+966519486053,junaid.chen717@parent.com,"191 Al-Nuzha Street, Jeddah"
,Sultan Al-Otaibi,سلطان العتيبي,Male,2018-02-17,Saudi Arabia,National ID,1475648532,,,Muslim,Jeddah,AMERICAN,Grade 3,A,2024-25,718,New Student,Regular Mode,New,2022-09-01,Yes,Omar Al-Otaibi,Renad Al-Otaibi,+966550667735,sultan.alotaibi718@parent.com,"37 Al-Nuzha Street, Jeddah"
,Raed Al-Fayez,رائد الفايز,Male,2017-12-08,Saudi Arabia,National ID,1291958714,,,Muslim,Dammam,AMERICAN,Grade 4,A,2024-25,719,Regular (Continuing),Online Mode,Regular,2022-09-01,Yes,Bandar Al-Fayez,Hessa Al-Fayez,+966554603750,raed.alfayez719@parent.com,"294 Al-Nuzha Street, Jeddah"
,Zain Reddy,زين ريدي,Male,2016-02-04,Jordan,Iqama,,2009621153,,Muslim,Khartoum,AMERICAN,Grade 5,A,2024-25,720,Regular (Continuing),Online Mode,Regular,2023-09-01,Yes,Junaid Reddy,Riya Reddy,+966555713570,zain.reddy720@parent.com,"294 Al-Nuzha Street, Jeddah"
,Fatima Al-Shehri,فاطمة الشهري,Female,2015-10-16,Saudi Arabia,National ID,1817061848,,,Non-Muslim,Khobar,AMERICAN,Grade 6,A,2024-25,721,Regular (Continuing),Online Mode,Regular,2023-09-01,Yes,Faisal Al-Shehri,Tala Al-Shehri,+966555666094,fatima.alshehri721@parent.com,"273 Al-Nuzha Street, Jeddah"
,Hira Singh,هيرا سينغ,Female,2014-05-25,Pakistan,Passport,,,KL5651567,Muslim,Damascus,AMERICAN,Grade 7,A,2024-25,722,New Student,Online Mode,New,2025-09-01,Yes,Michael Singh,Saanvi Singh,+966568921278,hira.singh722@parent.com,"56 Al-Nuzha Street, Jeddah"
,Mustafa Shaikh,مصطفى شيخ,Male,2013-07-08,Indonesia,Iqama,,2387983687,,Muslim,Dhaka,AMERICAN,Grade 8,A,2024-25,723,Regular (Continuing),Online Mode,Regular,2023-09-01,Yes,Rohan Shaikh,Sadia Shaikh,+966507908652,mustafa.shaikh723@parent.com,"143 Al-Nuzha Street, Jeddah"
,Lujain Al-Ghamdi,لجين الغامدي,Female,2012-02-20,Saudi Arabia,National ID,1354639275,,,Non-Muslim,Abha,AMERICAN,Grade 9,A,2024-25,724,New Student,Online Mode,New,2022-09-01,Yes,Hassan Al-Ghamdi,Shaden Al-Ghamdi,+966558730191,lujain.alghamdi724@parent.com,"115 Al-Nuzha Street, Jeddah"
,Saif Al-Fayez,سيف الفايز,Male,2011-05-23,Saudi Arabia,National ID,1372361952,,,Muslim,Madinah,AMERICAN,Grade 10,A,2024-25,725,Regular (Continuing),Online Mode,Regular,2022-09-01,Yes,Hassan Al-Fayez,Fatima Al-Fayez,+966577031202,saif.alfayez725@parent.com,"180 Al-Nuzha Street, Jeddah"
,Emma Reddy,إيما ريدي,Female,2010-02-20,Indonesia,Iqama,,2824660509,,Non-Muslim,Dhaka,AMERICAN,Grade 11,A,2024-25,726,New Student,Regular Mode,New,2025-09-01,Yes,David Reddy,Diya Reddy,+966565559028,emma.reddy726@parent.com,"200 Al-Nuzha Street, Jeddah"
,Ahmed Kim,أحمد كيم,Male,2009-05-06,Indonesia,Iqama,,2734989129,,Muslim,Khartoum,AMERICAN,Grade 12,A,2024-25,727,New Student,Seasonal Mode,New,2024-09-01,Yes,Ismail Kim,Nayla Kim,+966542638779,ahmed.kim727@parent.com,"226 Al-Nuzha Street, Jeddah"
,Imran Singh,عمران سينغ,Male,2020-06-18,Egypt,Iqama,,2742787112,,Muslim,Karachi,AMERICAN,KG1,A,2024-25,728,Regular (Continuing),Regular Mode,Regular,2022-09-01,Yes,Rohan Singh,Sadia Singh,+966591250018,imran.singh728@parent.com,"23 Al-Nuzha Street, Jeddah"
,Yazeed Al-Sudais,يزيد السديس,Male,2019-10-26,Saudi Arabia,National ID,1583060434,,,Muslim,Mecca,AMERICAN,KG2,A,2024-25,729,Regular (Continuing),Seasonal Mode,Regular,2023-09-01,Yes,Ali Al-Sudais,Ghada Al-Sudais,+966552019868,yazeed.alsudais729@parent.com,"203 Al-Nuzha Street, Jeddah"
,Priya Ahmed,بريا أحمد,Female,2020-12-16,Philippines,Passport,,,HC2154328,Muslim,Dhaka,AMERICAN,Grade 1,A,2024-25,730,New Student,Seasonal Mode,New,2023-09-01,Yes,Vihaan Ahmed,Layla Ahmed,+966576191534,priya.ahmed730@parent.com,"25 Al-Nuzha Street, Jeddah"
,Vihaan Sheikh,فيهان شيخ,Male,2019-10-13,Egypt,Iqama,,2991023748,,Muslim,Jakarta,AMERICAN,Grade 2,A,2024-25,731,Regular (Continuing),Seasonal Mode,Regular,2025-09-01,Yes,Daniel Sheikh,Mehek Sheikh,+966598795104,vihaan.sheikh731@parent.com,"125 Al-Nuzha Street, Jeddah"
,Ali Al-Harbi,علي الحربي,Male,2018-01-02,Saudi Arabia,National ID,1998240598,,,Muslim,Khobar,AMERICAN,Grade 3,A,2024-25,732,Regular (Continuing),Online Mode,Regular,2024-09-01,Yes,Bandar Al-Harbi,Hanan Al-Harbi,+966595419722,ali.alharbi732@parent.com,"257 Al-Nuzha Street, Jeddah"
,Zainab Saleh,زينب صالح,Female,2017-01-20,Indonesia,Iqama,,2819294900,,Non-Muslim,Amman,AMERICAN,Grade 4,A,2024-25,733,New Student,Regular Mode,New,2025-09-01,Yes,Hassan Saleh,Sana Saleh,+966555436604,zainab.saleh733@parent.com,"219 Al-Nuzha Street, Jeddah"
,Mustafa Brown,مصطفى براون,Male,2016-11-04,India,Passport,,,EK5970930,Muslim,Karachi,AMERICAN,Grade 5,A,2024-25,734,Transfer,Online Mode,Transfer,2025-09-01,Yes,Aryan Brown,Zainab Brown,+966575673202,mustafa.brown734@parent.com,"173 Al-Nuzha Street, Jeddah"
,Ayaan Mahmood,أيان محمود,Male,2015-10-23,Indonesia,Iqama,,2727625185,,Muslim,Dhaka,AMERICAN,Grade 6,A,2024-25,735,New Student,Regular Mode,New,2025-09-01,Yes,Kabir Mahmood,Fatima Mahmood,+966572742808,ayaan.mahmood735@parent.com,"229 Al-Nuzha Street, Jeddah"
,Priya Siddiqui,بريا صديقي,Female,2014-12-13,Sudan,Passport,,,LE2143015,Muslim,Damascus,AMERICAN,Grade 7,A,2024-25,736,Regular (Continuing),Regular Mode,Regular,2023-09-01,Yes,Imran Siddiqui,Mariam Siddiqui,+966508106078,priya.siddiqui736@parent.com,"195 Al-Nuzha Street, Jeddah"
,Salma Al-Saud,سلمى آل سعود,Female,2013-04-06,Saudi Arabia,National ID,1287648364,,,Non-Muslim,Madinah,AMERICAN,Grade 8,A,2024-25,737,Regular (Continuing),Seasonal Mode,Regular,2024-09-01,Yes,Majed Al-Saud,Raghad Al-Saud,+966596713518,salma.alsaud737@parent.com,"99 Al-Nuzha Street, Jeddah"
,Salman Al-Anazi,سلمان العنزي,Male,2012-08-17,Saudi Arabia,National ID,1179018511,,,Muslim,Madinah,AMERICAN,Grade 9,A,2024-25,738,New Student,Online Mode,New,2022-09-01,Yes,Ammar Al-Anazi,Layla Al-Anazi,+966583245111,salman.alanazi738@parent.com,"114 Al-Nuzha Street, Jeddah"
,Norah Al-Saud,نورة آل سعود,Female,2011-06-13,Saudi Arabia,National ID,1603206142,,,Non-Muslim,Dammam,AMERICAN,Grade 10,A,2024-25,739,Regular (Continuing),Regular Mode,Regular,2022-09-01,Yes,Ali Al-Saud,Ghada Al-Saud,+966588576946,norah.alsaud739@parent.com,"243 Al-Nuzha Street, Jeddah"
,Zain Kumar,زين كومار,Male,2010-01-22,Sudan,Passport,,,BB9351232,Non-Muslim,Cairo,AMERICAN,Grade 11,A,2024-25,740,Transfer,Online Mode,Transfer,2023-09-01,Yes,Rohan Kumar,Anika Kumar,+966547948658,zain.kumar740@parent.com,"114 Al-Nuzha Street, Jeddah"
,Mehek Sharma,مهك شارما,Female,2009-04-21,United States,Iqama,,2148937467,,Non-Muslim,London,AMERICAN,Grade 12,A,2024-25,741,Regular (Continuing),Regular Mode,Regular,2023-09-01,Yes,Ahmed Sharma,Sophia Sharma,+966583461256,mehek.sharma741@parent.com,"224 Al-Nuzha Street, Jeddah"
,Hassan Chen,حسن تشين,Male,2020-06-15,Indonesia,Iqama,,2638986915,,Muslim,New York,AMERICAN,KG1,A,2024-25,742,New Student,Seasonal Mode,New,2025-09-01,Yes,Junaid Chen,Anaya Chen,+966599096485,hassan.chen742@parent.com,"280 Al-Nuzha Street, Jeddah"
,Aryan Kim,آريان كيم,Male,2019-08-15,Bangladesh,Iqama,,2421279879,,Muslim,Manila,AMERICAN,KG2,A,2024-25,743,New Student,Online Mode,New,2025-09-01,Yes,Ahmed Kim,Anika Kim,+966522122836,aryan.kim743@parent.com,"27 Al-Nuzha Street, Jeddah"
,Nour Kim,نور كيم,Female,2020-01-14,Philippines,Iqama,,2439360552,,Non-Muslim,Mumbai,AMERICAN,Grade 1,A,2024-25,744,Regular (Continuing),Regular Mode,Regular,2024-09-01,Yes,Daniel Kim,Saanvi Kim,+966558064510,nour.kim744@parent.com,"40 Al-Nuzha Street, Jeddah"
,Ziyad Al-Saud,زياد آل سعود,Male,2019-10-18,Saudi Arabia,National ID,1608406365,,,Muslim,Jeddah,AMERICAN,Grade 2,A,2024-25,745,Regular (Continuing),Regular Mode,Regular,2023-09-01,Yes,Turki Al-Saud,Shaden Al-Saud,+966522649287,ziyad.alsaud745@parent.com,"185 Al-Nuzha Street, Jeddah"
,Layla Singh,ليلى سينغ,Female,2018-08-06,United Kingdom,Iqama,,2279112158,,Non-Muslim,Karachi,AMERICAN,Grade 3,A,2024-25,746,New Student,Online Mode,New,2024-09-01,Yes,Daniel Singh,Maya Singh,+966572670125,layla.singh746@parent.com,"45 Al-Nuzha Street, Jeddah"
,Salma Al-Rashid,سلمى الراشد,Female,2017-08-20,Saudi Arabia,National ID,1695918698,,,Muslim,Tabuk,AMERICAN,Grade 4,A,2024-25,747,New Student,Regular Mode,New,2025-09-01,Yes,Talal Al-Rashid,Joud Al-Rashid,+966545629506,salma.alrashid747@parent.com,"257 Al-Nuzha Street, Jeddah"
,Raghad Al-Dosari,رغد الدوسري,Female,2016-11-07,Saudi Arabia,National ID,1692984885,,,Muslim,Mecca,AMERICAN,Grade 5,A,2024-25,748,Regular (Continuing),Seasonal Mode,Regular,2022-09-01,Yes,Naif Al-Dosari,Lujain Al-Dosari,+966566324616,raghad.aldosari748@parent.com,"288 Al-Nuzha Street, Jeddah"
,Asma Al-Fayez,أسماء الفايز,Female,2015-09-09,Saudi Arabia,National ID,1082128549,,,Non-Muslim,Riyadh,AMERICAN,Grade 6,A,2024-25,749,Transfer,Regular Mode,Transfer,2025-09-01,Yes,Nawaf Al-Fayez,Salma Al-Fayez,+966579427698,asma.alfayez749@parent.com,"219 Al-Nuzha Street, Jeddah"
,Hassan Al-Sabah,حسن الصباح,Male,2014-04-02,Saudi Arabia,National ID,1746465076,,,Muslim,Buraidah,AMERICAN,Grade 7,A,2024-25,750,New Student,Regular Mode,New,2022-09-01,Yes,Omar Al-Sabah,Tala Al-Sabah,+966513022865,hassan.alsabah750@parent.com,"45 Al-Nuzha Street, Jeddah"
,Yusuf Siddiqui,يوسف صديقي,Male,2013-07-23,Bangladesh,Iqama,,2078454053,,Muslim,London,AMERICAN,Grade 8,A,2024-25,751,Regular (Continuing),Seasonal Mode,Regular,2022-09-01,Yes,Hassan Siddiqui,Emma Siddiqui,+966571251162,yusuf.siddiqui751@parent.com,"96 Al-Nuzha Street, Jeddah"
,Fatima Kumar,فاطمة كومار,Female,2012-09-21,Syria,Iqama,,2004211771,,Muslim,Dhaka,AMERICAN,Grade 9,A,2024-25,752,Regular (Continuing),Online Mode,Regular,2025-09-01,Yes,Ayaan Kumar,Sana Kumar,+966510370302,fatima.kumar752@parent.com,"229 Al-Nuzha Street, Jeddah"
,Hira Brown,هيرا براون,Female,2011-06-07,Philippines,Passport,,,HK4922724,Muslim,Dhaka,AMERICAN,Grade 10,A,2024-25,753,New Student,Seasonal Mode,New,2022-09-01,Yes,Kabir Brown,Olivia Brown,+966599260196,hira.brown753@parent.com,"299 Al-Nuzha Street, Jeddah"
,Talal Al-Otaibi,طلال العتيبي,Male,2010-02-15,Saudi Arabia,National ID,1764381018,,,Muslim,Mecca,AMERICAN,Grade 11,A,2024-25,754,Regular (Continuing),Seasonal Mode,Regular,2023-09-01,Yes,Hatim Al-Otaibi,Lujain Al-Otaibi,+966503913463,talal.alotaibi754@parent.com,"279 Al-Nuzha Street, Jeddah"
,Maha Al-Zahrani,مها الزهراني,Female,2009-08-23,Saudi Arabia,National ID,1750293826,,,Muslim,Dammam,AMERICAN,Grade 12,A,2024-25,755,Regular (Continuing),Seasonal Mode,Regular,2024-09-01,Yes,Anas Al-Zahrani,Jana Al-Zahrani,+966535942061,maha.alzahrani755@parent.com,"201 Al-Nuzha Street, Jeddah"
,Ayaan Reddy,أيان ريدي,Male,2020-05-22,United Kingdom,Iqama,,2480612385,,Non-Muslim,Mumbai,AMERICAN,KG1,A,2024-25,756,Regular (Continuing),Online Mode,Regular,2024-09-01,Yes,Bilal Reddy,Hira Reddy,+966505484932,ayaan.reddy756@parent.com,"166 Al-Nuzha Street, Jeddah"
,Olivia Patel,أوليفيا باتل,Female,2019-02-17,Egypt,Iqama,,2458776335,,Muslim,Dhaka,AMERICAN,KG2,A,2024-25,757,New Student,Regular Mode,New,2024-09-01,Yes,James Patel,Anvi Patel,+966555853831,olivia.patel757@parent.com,"43 Al-Nuzha Street, Jeddah"
,Imran Patel,عمران باتل,Male,2020-06-17,India,Iqama,,2674551499,,Muslim,Amman,AMERICAN,Grade 1,A,2024-25,758,Regular (Continuing),Regular Mode,Regular,2024-09-01,Yes,Ayaan Patel,Aliya Patel,+966567936376,imran.patel758@parent.com,"9 Al-Nuzha Street, Jeddah"
,Zoe Hussain,زوي حسين,Female,2019-11-12,United States,Iqama,,2207034129,,Muslim,London,AMERICAN,Grade 2,A,2024-25,759,Regular (Continuing),Online Mode,Regular,2024-09-01,Yes,Michael Hussain,Riya Hussain,+966504419918,zoe.hussain759@parent.com,"112 Al-Nuzha Street, Jeddah"
,David Smith,ديفيد سميث,Male,2018-12-21,India,Iqama,,2108662168,,Muslim,Amman,AMERICAN,Grade 3,A,2024-25,760,Transfer,Online Mode,Transfer,2024-09-01,Yes,Zayn Smith,Zoe Smith,+966574629977,david.smith760@parent.com,"246 Al-Nuzha Street, Jeddah"
,Ayaan Saleh,أيان صالح,Male,2017-03-19,Yemen,Iqama,,2999955811,,Muslim,Dhaka,AMERICAN,Grade 4,A,2024-25,761,Regular (Continuing),Seasonal Mode,Regular,2024-09-01,Yes,Talha Saleh,Priya Saleh,+966541494165,ayaan.saleh761@parent.com,"107 Al-Nuzha Street, Jeddah"
,Aljawhara Al-Maliki,الجوهرة المالكي,Female,2016-05-13,Saudi Arabia,National ID,1396790655,,,Muslim,Abha,AMERICAN,Grade 5,A,2024-25,762,Regular (Continuing),Seasonal Mode,Regular,2022-09-01,Yes,Majed Al-Maliki,Dalal Al-Maliki,+966502918350,aljawhara.almaliki762@parent.com,"198 Al-Nuzha Street, Jeddah"
,Amal Al-Sudais,أمل السديس,Female,2015-10-14,Saudi Arabia,National ID,1476673761,,,Muslim,Jeddah,AMERICAN,Grade 6,A,2024-25,763,New Student,Regular Mode,New,2025-09-01,Yes,Ali Al-Sudais,Raghad Al-Sudais,+966593568663,amal.alsudais763@parent.com,"74 Al-Nuzha Street, Jeddah"
,Tariq Kumar,طارق كومار,Male,2014-10-24,India,Passport,,,MB4000586,Muslim,London,AMERICAN,Grade 7,A,2024-25,764,Regular (Continuing),Seasonal Mode,Regular,2024-09-01,Yes,Michael Kumar,Maya Kumar,+966530132638,tariq.kumar764@parent.com,"275 Al-Nuzha Street, Jeddah"
,Imran Khan,عمران خان,Male,2013-12-27,Indonesia,Iqama,,2756336883,,Muslim,Jakarta,AMERICAN,Grade 8,A,2024-25,765,New Student,Seasonal Mode,New,2022-09-01,Yes,Zayn Khan,Mariam Khan,+966559845216,imran.khan765@parent.com,"191 Al-Nuzha Street, Jeddah"
,Dalal Al-Saud,دلال آل سعود,Female,2012-11-16,Saudi Arabia,National ID,1556290368,,,Non-Muslim,Tabuk,AMERICAN,Grade 9,A,2024-25,766,Regular (Continuing),Regular Mode,Regular,2023-09-01,Yes,Saud Al-Saud,Noura Al-Saud,+966564751175,dalal.alsaud766@parent.com,"121 Al-Nuzha Street, Jeddah"
,Turki Al-Tamimi,تركي التميمي,Male,2011-06-27,Saudi Arabia,National ID,1557896903,,,Muslim,Khobar,AMERICAN,Grade 10,A,2024-25,767,New Student,Online Mode,New,2024-09-01,Yes,Khalid Al-Tamimi,Hessa Al-Tamimi,+966531246503,turki.altamimi767@parent.com,"55 Al-Nuzha Street, Jeddah"
,Hessa Al-Zahrani,حصة الزهراني,Female,2010-01-01,Saudi Arabia,National ID,1708941416,,,Muslim,Khobar,AMERICAN,Grade 11,A,2024-25,768,New Student,Online Mode,New,2023-09-01,Yes,Salman Al-Zahrani,Lama Al-Zahrani,+966501724269,hessa.alzahrani768@parent.com,"9 Al-Nuzha Street, Jeddah"
,Rohan Singh,روهان سينغ,Male,2009-03-10,Bangladesh,Iqama,,2167231201,,Muslim,Sanaa,AMERICAN,Grade 12,A,2024-25,769,Regular (Continuing),Online Mode,Regular,2024-09-01,Yes,Bilal Singh,Aisha Singh,+966593121632,rohan.singh769@parent.com,"44 Al-Nuzha Street, Jeddah"
,Latifa Al-Zahrani,لطيفة الزهراني,Female,2020-11-09,Saudi Arabia,National ID,1930313784,,,Non-Muslim,Abha,AMERICAN,KG1,A,2024-25,770,Regular (Continuing),Seasonal Mode,Regular,2023-09-01,Yes,Ammar Al-Zahrani,Wafa Al-Zahrani,+966589986263,latifa.alzahrani770@parent.com,"265 Al-Nuzha Street, Jeddah"
,Anaya Ibrahim,أنايا إبراهيم,Female,2019-09-10,Yemen,Passport,,,GJ4129030,Muslim,London,AMERICAN,KG2,A,2024-25,771,Transfer,Online Mode,Transfer,2024-09-01,Yes,Imran Ibrahim,Priya Ibrahim,+966548648925,anaya.ibrahim771@parent.com,"106 Al-Nuzha Street, Jeddah"
,Hanan Al-Harbi,حنان الحربي,Female,2020-09-13,Saudi Arabia,National ID,1980639949,,,Muslim,Dammam,AMERICAN,Grade 1,A,2024-25,772,New Student,Online Mode,New,2024-09-01,Yes,Mohammed Al-Harbi,Raghad Al-Harbi,+966538741544,hanan.alharbi772@parent.com,"67 Al-Nuzha Street, Jeddah"
,Zoe Saleh,زوي صالح,Female,2019-09-21,Bangladesh,Iqama,,2950219233,,Non-Muslim,Manila,AMERICAN,Grade 2,A,2024-25,773,New Student,Online Mode,New,2024-09-01,Yes,Hassan Saleh,Sofia Saleh,+966559550810,zoe.saleh773@parent.com,"100 Al-Nuzha Street, Jeddah"
,Fatima Mansoor,فاطمة منصور,Female,2018-10-07,United Kingdom,Passport,,,JG6714634,Non-Muslim,Damascus,AMERICAN,Grade 3,A,2024-25,774,New Student,Seasonal Mode,New,2022-09-01,Yes,Daniel Mansoor,Priya Mansoor,+966579630521,fatima.mansoor774@parent.com,"299 Al-Nuzha Street, Jeddah"
,Nayla Kim,نايلة كيم,Female,2017-04-28,India,Passport,,,LJ8545427,Non-Muslim,Sanaa,AMERICAN,Grade 4,A,2024-25,775,New Student,Regular Mode,New,2025-09-01,Yes,Yusuf Kim,Sana Kim,+966591938967,nayla.kim775@parent.com,"244 Al-Nuzha Street, Jeddah"
,Adam Gupta,آدم جوبتا,Male,2016-02-06,India,Passport,,,JM6724640,Muslim,Karachi,AMERICAN,Grade 5,A,2024-25,776,Transfer,Seasonal Mode,Transfer,2025-09-01,Yes,Michael Gupta,Riya Gupta,+966593714539,adam.gupta776@parent.com,"136 Al-Nuzha Street, Jeddah"
,Noura Al-Hashemi,نورة الهاشمي,Female,2015-03-19,Saudi Arabia,National ID,1264540230,,,Muslim,Tabuk,AMERICAN,Grade 6,A,2024-25,777,Regular (Continuing),Regular Mode,Regular,2025-09-01,Yes,Turki Al-Hashemi,Norah Al-Hashemi,+966502170672,noura.alhashemi777@parent.com,"125 Al-Nuzha Street, Jeddah"
,Maya Ahmed,مايا أحمد,Female,2014-11-07,Jordan,Iqama,,2618417246,,Muslim,Cairo,AMERICAN,Grade 7,A,2024-25,778,Transfer,Regular Mode,Transfer,2025-09-01,Yes,Junaid Ahmed,Aisha Ahmed,+966569319292,maya.ahmed778@parent.com,"293 Al-Nuzha Street, Jeddah"
,Diya Ali,ديا علي,Female,2013-11-17,Bangladesh,Iqama,,2602136789,,Non-Muslim,Sanaa,AMERICAN,Grade 8,A,2024-25,779,Transfer,Seasonal Mode,Transfer,2024-09-01,Yes,Ahmed Ali,Nour Ali,+966535565690,diya.ali779@parent.com,"223 Al-Nuzha Street, Jeddah"
,Yousef Al-Fayez,يوسف الفايز,Male,2012-07-01,Saudi Arabia,National ID,1338364201,,,Muslim,Tabuk,AMERICAN,Grade 9,A,2024-25,780,Regular (Continuing),Regular Mode,Regular,2024-09-01,Yes,Raed Al-Fayez,Aisha Al-Fayez,+966576258177,yousef.alfayez780@parent.com,"114 Al-Nuzha Street, Jeddah"
,Aryan Ibrahim,آريان إبراهيم,Male,2011-10-06,Syria,Iqama,,2009605847,,Non-Muslim,New York,AMERICAN,Grade 10,A,2024-25,781,New Student,Regular Mode,New,2024-09-01,Yes,Vihaan Ibrahim,Mehek Ibrahim,+966528986213,aryan.ibrahim781@parent.com,"284 Al-Nuzha Street, Jeddah"
,Anvi Reddy,أنفي ريدي,Female,2010-09-27,Philippines,Iqama,,2639794977,,Muslim,Mumbai,AMERICAN,Grade 11,A,2024-25,782,Regular (Continuing),Online Mode,Regular,2025-09-01,Yes,Hamza Reddy,Anika Reddy,+966581268168,anvi.reddy782@parent.com,"118 Al-Nuzha Street, Jeddah"
,Michael Ibrahim,مايكل إبراهيم,Male,2009-12-06,United States,Iqama,,2814042750,,Muslim,New York,AMERICAN,Grade 12,A,2024-25,783,Transfer,Online Mode,Transfer,2025-09-01,Yes,Kabir Ibrahim,Layla Ibrahim,+966553514880,michael.ibrahim783@parent.com,"189 Al-Nuzha Street, Jeddah"
,Noura Al-Yamani,نورة اليماني,Female,2020-11-24,Saudi Arabia,National ID,1582265733,,,Non-Muslim,Buraidah,AMERICAN,KG1,A,2024-25,784,Transfer,Seasonal Mode,Transfer,2024-09-01,Yes,Anas Al-Yamani,Renad Al-Yamani,+966536734615,noura.alyamani784@parent.com,"204 Al-Nuzha Street, Jeddah"
,Aryan Wang,آريان وانج,Male,2019-02-06,Indonesia,Iqama,,2829599185,,Muslim,Manila,AMERICAN,KG2,A,2024-25,785,Regular (Continuing),Seasonal Mode,Regular,2022-09-01,Yes,Zayn Wang,Maya Wang,+966588116161,aryan.wang785@parent.com,"51 Al-Nuzha Street, Jeddah"
,Ali Al-Harbi,علي الحربي,Male,2020-10-18,Saudi Arabia,National ID,1383306271,,,Muslim,Riyadh,AMERICAN,Grade 1,A,2024-25,786,Regular (Continuing),Regular Mode,Regular,2023-09-01,Yes,Ziyad Al-Harbi,Salma Al-Harbi,+966501633731,ali.alharbi786@parent.com,"81 Al-Nuzha Street, Jeddah"
,Priya Sharma,بريا شارما,Female,2019-10-17,Syria,Iqama,,2525444751,,Muslim,Dhaka,AMERICAN,Grade 2,A,2024-25,787,New Student,Seasonal Mode,New,2022-09-01,Yes,Zain Sharma,Emma Sharma,+966515274294,priya.sharma787@parent.com,"249 Al-Nuzha Street, Jeddah"
,Rohan Chen,روهان تشين,Male,2018-10-17,Pakistan,Iqama,,2733326154,,Muslim,Khartoum,AMERICAN,Grade 3,A,2024-25,788,Regular (Continuing),Seasonal Mode,Regular,2023-09-01,Yes,Adam Chen,Sofia Chen,+966556131174,rohan.chen788@parent.com,"232 Al-Nuzha Street, Jeddah"
,Maya Kim,مايا كيم,Female,2017-10-28,Pakistan,Iqama,,2836119537,,Muslim,Amman,AMERICAN,Grade 4,A,2024-25,789,Regular (Continuing),Seasonal Mode,Regular,2025-09-01,Yes,Rohan Kim,Priya Kim,+966520613715,maya.kim789@parent.com,"260 Al-Nuzha Street, Jeddah"
,Khadija Khan,خديجة خان,Female,2016-05-12,Bangladesh,Iqama,,2387895386,,Muslim,Dhaka,AMERICAN,Grade 5,A,2024-25,790,New Student,Online Mode,New,2025-09-01,Yes,Michael Khan,Diya Khan,+966570311663,khadija.khan790@parent.com,"122 Al-Nuzha Street, Jeddah"
,Salman Al-Maliki,سلمان المالكي,Male,2015-11-05,Saudi Arabia,National ID,1126442068,,,Muslim,Khobar,AMERICAN,Grade 6,A,2024-25,791,Regular (Continuing),Seasonal Mode,Regular,2025-09-01,Yes,Ali Al-Maliki,Aisha Al-Maliki,+966571608179,salman.almaliki791@parent.com,"84 Al-Nuzha Street, Jeddah"
,Mariam Brown,مريم براون,Female,2014-02-17,Egypt,Iqama,,2167342536,,Non-Muslim,Sanaa,AMERICAN,Grade 7,A,2024-25,792,Regular (Continuing),Regular Mode,Regular,2025-09-01,Yes,Hamza Brown,Zoe Brown,+966509117831,mariam.brown792@parent.com,"280 Al-Nuzha Street, Jeddah"
,Wafa Al-Yamani,وفاء اليماني,Female,2013-05-28,Saudi Arabia,National ID,1053417691,,,Muslim,Mecca,AMERICAN,Grade 8,A,2024-25,793,Regular (Continuing),Seasonal Mode,Regular,2024-09-01,Yes,Mohammed Al-Yamani,Tala Al-Yamani,+966548268736,wafa.alyamani793@parent.com,"6 Al-Nuzha Street, Jeddah"
,Faisal Al-Anazi,فيصل العنزي,Male,2012-02-11,Saudi Arabia,National ID,1371502589,,,Muslim,Jeddah,AMERICAN,Grade 9,A,2024-25,794,Transfer,Seasonal Mode,Transfer,2024-09-01,Yes,Yazeed Al-Anazi,Aljawhara Al-Anazi,+966597831424,faisal.alanazi794@parent.com,"293 Al-Nuzha Street, Jeddah"
,Mehek Reddy,مهك ريدي,Female,2011-08-03,India,Iqama,,2143367233,,Muslim,Khartoum,AMERICAN,Grade 10,A,2024-25,795,New Student,Online Mode,New,2024-09-01,Yes,Talha Reddy,Maya Reddy,+966585535358,mehek.reddy795@parent.com,"205 Al-Nuzha Street, Jeddah"
,Hanan Al-Fayez,حنان الفايز,Female,2010-06-13,Saudi Arabia,National ID,1449087437,,,Muslim,Riyadh,AMERICAN,Grade 11,A,2024-25,796,Regular (Continuing),Online Mode,Regular,2025-09-01,Yes,Yousef Al-Fayez,Noura Al-Fayez,+966506225134,hanan.alfayez796@parent.com,"159 Al-Nuzha Street, Jeddah"
,Reem Al-Ghamdi,ريم الغامدي,Female,2009-07-04,Saudi Arabia,National ID,1896980225,,,Muslim,Tabuk,AMERICAN,Grade 12,A,2024-25,797,New Student,Regular Mode,New,2024-09-01,Yes,Adel Al-Ghamdi,Mariam Al-Ghamdi,+966569120108,reem.alghamdi797@parent.com,"24 Al-Nuzha Street, Jeddah"
,Joud Al-Dosari,جود الدوسري,Female,2020-07-27,Saudi Arabia,National ID,1201467292,,,Muslim,Riyadh,AMERICAN,KG1,A,2024-25,798,Regular (Continuing),Regular Mode,Regular,2023-09-01,Yes,Yousef Al-Dosari,Ghada Al-Dosari,+966564670163,joud.aldosari798@parent.com,"94 Al-Nuzha Street, Jeddah"
,Hamza Wang,حمزة وانج,Male,2019-05-17,India,Iqama,,2790205891,,Muslim,Jakarta,AMERICAN,KG2,A,2024-25,799,New Student,Online Mode,New,2023-09-01,Yes,Ismail Wang,Saanvi Wang,+966552914505,hamza.wang799@parent.com,"79 Al-Nuzha Street, Jeddah"
,Nayla Ibrahim,نايلة إبراهيم,Female,2020-02-07,Philippines,Iqama,,2962313193,,Muslim,Cairo,AMERICAN,Grade 1,A,2024-25,800,Regular (Continuing),Online Mode,Regular,2023-09-01,Yes,Rohan Ibrahim,Aliya Ibrahim,+966510577637,nayla.ibrahim800@parent.com,"232 Al-Nuzha Street, Jeddah"
,Tala Al-Yamani,تالا اليماني,Female,2019-03-24,Saudi Arabia,National ID,1482669799,,,Muslim,Mecca,AMERICAN,Grade 2,A,2024-25,801,New Student,Online Mode,New,2023-09-01,Yes,Salman Al-Yamani,Lujain Al-Yamani,+966510385683,tala.alyamani801@parent.com,"76 Al-Nuzha Street, Jeddah"
,Mariam Hussain,مريم حسين,Female,2018-11-05,Sudan,Iqama,,2724736400,,Muslim,Khartoum,AMERICAN,Grade 3,A,2024-25,802,New Student,Online Mode,New,2024-09-01,Yes,Adam Hussain,Sana Hussain,+966505642286,mariam.hussain802@parent.com,"246 Al-Nuzha Street, Jeddah"
,James Mahmood,جيمس محمود,Male,2017-09-19,Indonesia,Passport,,,AH8714075,Muslim,Cairo,AMERICAN,Grade 4,A,2024-25,803,Regular (Continuing),Online Mode,Regular,2023-09-01,Yes,Michael Mahmood,Riya Mahmood,+966594554531,james.mahmood803@parent.com,"88 Al-Nuzha Street, Jeddah"
,Aisha Al-Yamani,عائشة اليماني,Female,2016-02-06,Saudi Arabia,National ID,1820391649,,,Non-Muslim,Jeddah,AMERICAN,Grade 5,A,2024-25,804,New Student,Online Mode,New,2025-09-01,Yes,Bandar Al-Yamani,Reem Al-Yamani,+966520121761,aisha.alyamani804@parent.com,"225 Al-Nuzha Street, Jeddah"
,Hamza Sheikh,حمزة شيخ,Male,2015-08-18,United States,Iqama,,2341609163,,Muslim,Sanaa,AMERICAN,Grade 6,A,2024-25,805,Regular (Continuing),Online Mode,Regular,2023-09-01,Yes,Ayaan Sheikh,Saanvi Sheikh,+966555645467,hamza.sheikh805@parent.com,"156 Al-Nuzha Street, Jeddah"
,Anaya Gupta,أنايا جوبتا,Female,2014-02-21,Egypt,Iqama,,2960913353,,Muslim,Manila,AMERICAN,Grade 7,A,2024-25,806,Transfer,Regular Mode,Transfer,2022-09-01,Yes,Imran Gupta,Mariam Gupta,+966515079283,anaya.gupta806@parent.com,"11 Al-Nuzha Street, Jeddah"
,Zayn Mansoor,زين منصور,Male,2013-07-16,Indonesia,Iqama,,2638814023,,Muslim,Manila,AMERICAN,Grade 8,A,2024-25,807,Regular (Continuing),Online Mode,Regular,2025-09-01,Yes,Hassan Mansoor,Riya Mansoor,+966537044513,zayn.mansoor807@parent.com,"184 Al-Nuzha Street, Jeddah"
,Faisal Al-Maliki,فيصل المالكي,Male,2012-01-19,Saudi Arabia,National ID,1906643206,,,Non-Muslim,Buraidah,AMERICAN,Grade 9,A,2024-25,808,New Student,Regular Mode,New,2024-09-01,Yes,Ibrahim Al-Maliki,Wafa Al-Maliki,+966549941590,faisal.almaliki808@parent.com,"227 Al-Nuzha Street, Jeddah"
,Adel Al-Dosari,عادل الدوسري,Male,2011-03-05,Saudi Arabia,National ID,1535830605,,,Muslim,Buraidah,AMERICAN,Grade 10,A,2024-25,809,Transfer,Online Mode,Transfer,2025-09-01,Yes,Majed Al-Dosari,Shaden Al-Dosari,+966577916469,adel.aldosari809@parent.com,"143 Al-Nuzha Street, Jeddah"
,Tala Al-Sabah,تالا الصباح,Female,2010-12-06,Saudi Arabia,National ID,1297060905,,,Muslim,Mecca,AMERICAN,Grade 11,A,2024-25,810,Regular (Continuing),Seasonal Mode,Regular,2022-09-01,Yes,Talal Al-Sabah,Tala Al-Sabah,+966565758144,tala.alsabah810@parent.com,"98 Al-Nuzha Street, Jeddah"
,Talha Sharma,طلحة شارما,Male,2009-12-10,Philippines,Iqama,,2591189771,,Muslim,Manila,AMERICAN,Grade 12,A,2024-25,811,Transfer,Regular Mode,Transfer,2025-09-01,Yes,Imran Sharma,Aisha Sharma,+966506365815,talha.sharma811@parent.com,"233 Al-Nuzha Street, Jeddah"
,Sofia Reddy,صوفيا ريدي,Female,2020-09-16,United States,Iqama,,2531976570,,Muslim,Sanaa,AMERICAN,KG1,A,2024-25,812,Regular (Continuing),Online Mode,Regular,2025-09-01,Yes,Hassan Reddy,Anika Reddy,+966538048877,sofia.reddy812@parent.com,"162 Al-Nuzha Street, Jeddah"
,Saud Al-Harbi,سعود الحربي,Male,2019-01-13,Saudi Arabia,National ID,1783959349,,,Muslim,Riyadh,AMERICAN,KG2,A,2024-25,813,Regular (Continuing),Seasonal Mode,Regular,2024-09-01,Yes,Sultan Al-Harbi,Fatima Al-Harbi,+966509447583,saud.alharbi813@parent.com,"159 Al-Nuzha Street, Jeddah"
,Noura Al-Otaibi,نورة العتيبي,Female,2020-11-11,Saudi Arabia,National ID,1278738357,,,Muslim,Riyadh,AMERICAN,Grade 1,A,2024-25,814,Regular (Continuing),Regular Mode,Regular,2024-09-01,Yes,Khalid Al-Otaibi,Reem Al-Otaibi,+966501433974,noura.alotaibi814@parent.com,"111 Al-Nuzha Street, Jeddah"
,Zain Brown,زين براون,Male,2019-08-18,Jordan,Iqama,,2297093400,,Muslim,New York,AMERICAN,Grade 2,A,2024-25,815,Regular (Continuing),Regular Mode,Regular,2024-09-01,Yes,Mustafa Brown,Sophia Brown,+966560801019,zain.brown815@parent.com,"199 Al-Nuzha Street, Jeddah"
,Talal Al-Qahtani,طلال القحطاني,Male,2018-02-10,Saudi Arabia,National ID,1871729722,,,Muslim,Tabuk,AMERICAN,Grade 3,A,2024-25,816,Transfer,Online Mode,Transfer,2023-09-01,Yes,Ibrahim Al-Qahtani,Shaden Al-Qahtani,+966559278095,talal.alqahtani816@parent.com,"135 Al-Nuzha Street, Jeddah"
,Adam Ali,آدم علي,Male,2017-09-16,Pakistan,Iqama,,2467238034,,Muslim,Amman,AMERICAN,Grade 4,A,2024-25,817,Regular (Continuing),Online Mode,Regular,2023-09-01,Yes,Ayaan Ali,Zainab Ali,+966539086392,adam.ali817@parent.com,"255 Al-Nuzha Street, Jeddah"
,Emma Khan,إيما خان,Female,2016-03-23,United States,Iqama,,2904734246,,Muslim,Manila,AMERICAN,Grade 5,A,2024-25,818,New Student,Online Mode,New,2022-09-01,Yes,Michael Khan,Diya Khan,+966562014650,emma.khan818@parent.com,"158 Al-Nuzha Street, Jeddah"
,Waleed Al-Mutairi,وليد المطيري,Male,2015-12-04,Saudi Arabia,National ID,1892840160,,,Muslim,Khobar,AMERICAN,Grade 6,A,2024-25,819,Regular (Continuing),Seasonal Mode,Regular,2024-09-01,Yes,Talal Al-Mutairi,Manal Al-Mutairi,+966546120040,waleed.almutairi819@parent.com,"12 Al-Nuzha Street, Jeddah"
,Sadia Singh,صادية سينغ,Female,2014-01-27,Jordan,Iqama,,2764567346,,Non-Muslim,Damascus,AMERICAN,Grade 7,A,2024-25,820,Regular (Continuing),Regular Mode,Regular,2023-09-01,Yes,David Singh,Layla Singh,+966519565001,sadia.singh820@parent.com,"74 Al-Nuzha Street, Jeddah"
,Asma Al-Anazi,أسماء العنزي,Female,2013-03-26,Saudi Arabia,National ID,1216758710,,,Non-Muslim,Abha,AMERICAN,Grade 8,A,2024-25,821,Regular (Continuing),Online Mode,Regular,2022-09-01,Yes,Ali Al-Anazi,Reem Al-Anazi,+966575372954,asma.alanazi821@parent.com,"128 Al-Nuzha Street, Jeddah"
,Yousef Al-Harbi,يوسف الحربي,Male,2012-10-08,Saudi Arabia,National ID,1725657114,,,Muslim,Buraidah,AMERICAN,Grade 9,A,2024-25,822,New Student,Online Mode,New,2022-09-01,Yes,Majed Al-Harbi,Dalal Al-Harbi,+966564880057,yousef.alharbi822@parent.com,"70 Al-Nuzha Street, Jeddah"
,Ayaan Kim,أيان كيم,Male,2011-07-10,India,Passport,,,KK5829648,Muslim,Jakarta,AMERICAN,Grade 10,A,2024-25,823,Regular (Continuing),Seasonal Mode,Regular,2025-09-01,Yes,Yusuf Kim,Riya Kim,+966552405910,ayaan.kim823@parent.com,"107 Al-Nuzha Street, Jeddah"
,Noura Al-Saud,نورة آل سعود,Female,2010-08-15,Saudi Arabia,National ID,1901605339,,,Muslim,Tabuk,AMERICAN,Grade 11,A,2024-25,824,Regular (Continuing),Online Mode,Regular,2022-09-01,Yes,Hassan Al-Saud,Amal Al-Saud,+966550010382,noura.alsaud824@parent.com,"5 Al-Nuzha Street, Jeddah"
,Layla Al-Yamani,ليلى اليماني,Female,2009-10-14,Saudi Arabia,National ID,1760495249,,,Muslim,Abha,AMERICAN,Grade 12,A,2024-25,825,Regular (Continuing),Regular Mode,Regular,2025-09-01,Yes,Majed Al-Yamani,Salma Al-Yamani,+966502215247,layla.alyamani825@parent.com,"268 Al-Nuzha Street, Jeddah"
,Ziyad Al-Sulami,زياد السلمي,Male,2020-04-23,Saudi Arabia,National ID,1686422366,,,Non-Muslim,Tabuk,AMERICAN,KG1,A,2024-25,826,New Student,Online Mode,New,2025-09-01,Yes,Hatim Al-Sulami,Jana Al-Sulami,+966557554948,ziyad.alsulami826@parent.com,"137 Al-Nuzha Street, Jeddah"
,Abdullah Al-Saud,عبدالله آل سعود,Male,2019-10-18,Saudi Arabia,National ID,1299636839,,,Muslim,Jeddah,AMERICAN,KG2,A,2024-25,827,New Student,Online Mode,New,2022-09-01,Yes,Yousef Al-Saud,Manal Al-Saud,+966517803637,abdullah.alsaud827@parent.com,"277 Al-Nuzha Street, Jeddah"
,Khadija Saleh,خديجة صالح,Female,2020-08-26,Syria,Iqama,,2753043998,,Muslim,New York,AMERICAN,Grade 1,A,2024-25,828,New Student,Seasonal Mode,New,2025-09-01,Yes,Tariq Saleh,Sofia Saleh,+966509438462,khadija.saleh828@parent.com,"4 Al-Nuzha Street, Jeddah"
,Fatima Mansoor,فاطمة منصور,Female,2019-05-16,India,Iqama,,2026827439,,Muslim,Damascus,AMERICAN,Grade 2,A,2024-25,829,Regular (Continuing),Regular Mode,Regular,2023-09-01,Yes,Ayaan Mansoor,Priya Mansoor,+966549855712,fatima.mansoor829@parent.com,"106 Al-Nuzha Street, Jeddah"
,Jana Al-Ghamdi,جنى الغامدي,Female,2018-10-25,Saudi Arabia,National ID,1812054208,,,Non-Muslim,Khobar,AMERICAN,Grade 3,A,2024-25,830,New Student,Seasonal Mode,New,2024-09-01,Yes,Mohammed Al-Ghamdi,Asma Al-Ghamdi,+966579725379,jana.alghamdi830@parent.com,"49 Al-Nuzha Street, Jeddah"
,Faisal Al-Maliki,فيصل المالكي,Male,2017-09-25,Saudi Arabia,National ID,1312967149,,,Muslim,Abha,AMERICAN,Grade 4,A,2024-25,831,Regular (Continuing),Regular Mode,Regular,2022-09-01,Yes,Ammar Al-Maliki,Lama Al-Maliki,+966562366405,faisal.almaliki831@parent.com,"272 Al-Nuzha Street, Jeddah"
,Reem Al-Ghamdi,ريم الغامدي,Female,2016-10-13,Saudi Arabia,National ID,1858436630,,,Muslim,Mecca,AMERICAN,Grade 5,A,2024-25,832,Regular (Continuing),Online Mode,Regular,2023-09-01,Yes,Hassan Al-Ghamdi,Latifa Al-Ghamdi,+966570644568,reem.alghamdi832@parent.com,"217 Al-Nuzha Street, Jeddah"
,Majed Al-Hashemi,ماجد الهاشمي,Male,2015-01-07,Saudi Arabia,National ID,1196393119,,,Muslim,Riyadh,AMERICAN,Grade 6,A,2024-25,833,Transfer,Online Mode,Transfer,2023-09-01,Yes,Yousef Al-Hashemi,Dana Al-Hashemi,+966595190440,majed.alhashemi833@parent.com,"285 Al-Nuzha Street, Jeddah"
,Talha Ibrahim,طلحة إبراهيم,Male,2014-08-28,Philippines,Iqama,,2953588722,,Muslim,Jakarta,AMERICAN,Grade 7,A,2024-25,834,Regular (Continuing),Regular Mode,Regular,2025-09-01,Yes,Michael Ibrahim,Diya Ibrahim,+966596232650,talha.ibrahim834@parent.com,"46 Al-Nuzha Street, Jeddah"
,Anvi Siddiqui,أنفي صديقي,Female,2013-09-23,Syria,Passport,,,CG2270830,Muslim,Damascus,AMERICAN,Grade 8,A,2024-25,835,Transfer,Regular Mode,Transfer,2024-09-01,Yes,Tariq Siddiqui,Hira Siddiqui,+966555037194,anvi.siddiqui835@parent.com,"190 Al-Nuzha Street, Jeddah"
,Bilal Mahmood,بلال محمود,Male,2012-05-27,Sudan,Iqama,,2235224223,,Muslim,Cairo,AMERICAN,Grade 9,A,2024-25,836,Regular (Continuing),Regular Mode,Regular,2023-09-01,Yes,Talha Mahmood,Layla Mahmood,+966582848716,bilal.mahmood836@parent.com,"99 Al-Nuzha Street, Jeddah"
,Hanan Al-Hashemi,حنان الهاشمي,Female,2011-08-26,Saudi Arabia,National ID,1659470582,,,Muslim,Tabuk,AMERICAN,Grade 10,A,2024-25,837,New Student,Seasonal Mode,New,2022-09-01,Yes,Talal Al-Hashemi,Shaden Al-Hashemi,+966540843352,hanan.alhashemi837@parent.com,"54 Al-Nuzha Street, Jeddah"
,Renad Al-Maliki,رناد المالكي,Female,2010-06-27,Saudi Arabia,National ID,1156608082,,,Muslim,Dammam,AMERICAN,Grade 11,A,2024-25,838,New Student,Regular Mode,New,2025-09-01,Yes,Turki Al-Maliki,Raghad Al-Maliki,+966587966415,renad.almaliki838@parent.com,"295 Al-Nuzha Street, Jeddah"
,Zoe Reddy,زوي ريدي,Female,2009-04-23,Indonesia,Iqama,,2958942126,,Muslim,Mumbai,AMERICAN,Grade 12,A,2024-25,839,Regular (Continuing),Seasonal Mode,Regular,2025-09-01,Yes,Faris Reddy,Priya Reddy,+966567789801,zoe.reddy839@parent.com,"294 Al-Nuzha Street, Jeddah"
,Abdullah Al-Shehri,عبدالله الشهري,Male,2020-03-16,Saudi Arabia,National ID,1557410912,,,Muslim,Abha,AMERICAN,KG1,A,2024-25,840,Transfer,Seasonal Mode,Transfer,2022-09-01,Yes,Waleed Al-Shehri,Lama Al-Shehri,+966518581916,abdullah.alshehri840@parent.com,"124 Al-Nuzha Street, Jeddah"
,Sara Al-Ghamdi,سارة الغامدي,Female,2019-12-23,Saudi Arabia,National ID,1237866060,,,Muslim,Khobar,AMERICAN,KG2,A,2024-25,841,Regular (Continuing),Seasonal Mode,Regular,2022-09-01,Yes,Majed Al-Ghamdi,Aisha Al-Ghamdi,+966548548457,sara.alghamdi841@parent.com,"164 Al-Nuzha Street, Jeddah"
,Tala Al-Maliki,تالا المالكي,Female,2020-08-04,Saudi Arabia,National ID,1859651803,,,Muslim,Riyadh,AMERICAN,Grade 1,A,2024-25,842,New Student,Seasonal Mode,New,2023-09-01,Yes,Saud Al-Maliki,Dana Al-Maliki,+966559728219,tala.almaliki842@parent.com,"236 Al-Nuzha Street, Jeddah"
,Renad Al-Fayez,رناد الفايز,Female,2019-10-04,Saudi Arabia,National ID,1456896177,,,Muslim,Dammam,AMERICAN,Grade 2,A,2024-25,843,Regular (Continuing),Regular Mode,Regular,2025-09-01,Yes,Omar Al-Fayez,Fatima Al-Fayez,+966542269934,renad.alfayez843@parent.com,"137 Al-Nuzha Street, Jeddah"
,Wafa Al-Dosari,وفاء الدوسري,Female,2018-03-09,Saudi Arabia,National ID,1919668509,,,Muslim,Abha,AMERICAN,Grade 3,A,2024-25,844,Transfer,Regular Mode,Transfer,2025-09-01,Yes,Raed Al-Dosari,Amal Al-Dosari,+966552938588,wafa.aldosari844@parent.com,"38 Al-Nuzha Street, Jeddah"
,Latifa Al-Hashemi,لطيفة الهاشمي,Female,2017-12-25,Saudi Arabia,National ID,1357073715,,,Muslim,Dammam,AMERICAN,Grade 4,A,2024-25,845,Regular (Continuing),Seasonal Mode,Regular,2024-09-01,Yes,Hassan Al-Hashemi,Ghada Al-Hashemi,+966565154306,latifa.alhashemi845@parent.com,"97 Al-Nuzha Street, Jeddah"
,Sadia Wang,صادية وانج,Female,2016-08-22,Bangladesh,Iqama,,2720768337,,Muslim,Khartoum,AMERICAN,Grade 5,A,2024-25,846,Regular (Continuing),Online Mode,Regular,2025-09-01,Yes,Ayaan Wang,Khadija Wang,+966526628356,sadia.wang846@parent.com,"171 Al-Nuzha Street, Jeddah"
,Fatima Al-Qahtani,فاطمة القحطاني,Female,2015-07-28,Saudi Arabia,National ID,1835580630,,,Muslim,Mecca,AMERICAN,Grade 6,A,2024-25,847,Transfer,Online Mode,Transfer,2023-09-01,Yes,Fahad Al-Qahtani,Reem Al-Qahtani,+966557895668,fatima.alqahtani847@parent.com,"286 Al-Nuzha Street, Jeddah"
,John Gupta,جون جوبتا,Male,2014-01-03,Egypt,Iqama,,2599055540,,Muslim,London,AMERICAN,Grade 7,A,2024-25,848,Transfer,Seasonal Mode,Transfer,2025-09-01,Yes,Mustafa Gupta,Anika Gupta,+966526699937,john.gupta848@parent.com,"233 Al-Nuzha Street, Jeddah"
,Ismail Brown,إسماعيل براون,Male,2013-08-10,Egypt,Iqama,,2529570894,,Muslim,Mumbai,AMERICAN,Grade 8,A,2024-25,849,New Student,Regular Mode,New,2023-09-01,Yes,Bilal Brown,Mariam Brown,+966512290975,ismail.brown849@parent.com,"278 Al-Nuzha Street, Jeddah"
,Vihaan Kumar,فيهان كومار,Male,2012-03-02,United States,Iqama,,2745972751,,Muslim,Jakarta,AMERICAN,Grade 9,A,2024-25,850,Regular (Continuing),Online Mode,Regular,2025-09-01,Yes,David Kumar,Sofia Kumar,+966572926766,vihaan.kumar850@parent.com,"164 Al-Nuzha Street, Jeddah"
,Bilal Ibrahim,بلال إبراهيم,Male,2011-02-01,United Kingdom,Passport,,,AL1039970,Muslim,Amman,AMERICAN,Grade 10,A,2024-25,851,Regular (Continuing),Regular Mode,Regular,2023-09-01,Yes,Yusuf Ibrahim,Saanvi Ibrahim,+966556361922,bilal.ibrahim851@parent.com,"226 Al-Nuzha Street, Jeddah"
,David Malik,ديفيد مالك,Male,2010-12-03,India,Iqama,,2239218138,,Muslim,Jakarta,AMERICAN,Grade 11,A,2024-25,852,New Student,Seasonal Mode,New,2023-09-01,Yes,Bilal Malik,Diya Malik,+966546060324,david.malik852@parent.com,"1 Al-Nuzha Street, Jeddah"
,Talal Al-Yamani,طلال اليماني,Male,2009-05-20,Saudi Arabia,National ID,1637320809,,,Muslim,Dammam,AMERICAN,Grade 12,A,2024-25,853,New Student,Regular Mode,New,2022-09-01,Yes,Anas Al-Yamani,Mariam Al-Yamani,+966525390341,talal.alyamani853@parent.com,"183 Al-Nuzha Street, Jeddah"
,Saanvi Shaikh,سانفي شيخ,Female,2020-05-22,United States,Iqama,,2916636065,,Muslim,Amman,AMERICAN,KG1,A,2024-25,854,Regular (Continuing),Seasonal Mode,Regular,2024-09-01,Yes,Ahmed Shaikh,Fatima Shaikh,+966591235845,saanvi.shaikh854@parent.com,"174 Al-Nuzha Street, Jeddah"
,Waleed Al-Dosari,وليد الدوسري,Male,2019-02-06,Saudi Arabia,National ID,1019554665,,,Non-Muslim,Khobar,AMERICAN,KG2,A,2024-25,855,New Student,Seasonal Mode,New,2024-09-01,Yes,Khalid Al-Dosari,Asma Al-Dosari,+966510239529,waleed.aldosari855@parent.com,"154 Al-Nuzha Street, Jeddah"
,Saud Al-Hashemi,سعود الهاشمي,Male,2020-05-28,Saudi Arabia,National ID,1098055003,,,Non-Muslim,Khobar,AMERICAN,Grade 1,A,2024-25,856,Regular (Continuing),Regular Mode,Regular,2022-09-01,Yes,Ibrahim Al-Hashemi,Amal Al-Hashemi,+966518999318,saud.alhashemi856@parent.com,"148 Al-Nuzha Street, Jeddah"
,Asma Al-Harbi,أسماء الحربي,Female,2019-10-23,Saudi Arabia,National ID,1067167758,,,Muslim,Dammam,AMERICAN,Grade 2,A,2024-25,857,Regular (Continuing),Seasonal Mode,Regular,2022-09-01,Yes,Saif Al-Harbi,Hessa Al-Harbi,+966530220013,asma.alharbi857@parent.com,"214 Al-Nuzha Street, Jeddah"
,Fatima Al-Rashid,فاطمة الراشد,Female,2018-01-21,Saudi Arabia,National ID,1086633624,,,Muslim,Riyadh,AMERICAN,Grade 3,A,2024-25,858,Regular (Continuing),Online Mode,Regular,2025-09-01,Yes,Ziyad Al-Rashid,Hessa Al-Rashid,+966526253058,fatima.alrashid858@parent.com,"273 Al-Nuzha Street, Jeddah"
,Anvi Gupta,أنفي جوبتا,Female,2017-06-15,Pakistan,Passport,,,KF9783731,Muslim,Jakarta,AMERICAN,Grade 4,A,2024-25,859,Transfer,Seasonal Mode,Transfer,2024-09-01,Yes,Hassan Gupta,Fatima Gupta,+966526289022,anvi.gupta859@parent.com,"291 Al-Nuzha Street, Jeddah"
,Hanan Al-Ghamdi,حنان الغامدي,Female,2016-09-27,Saudi Arabia,National ID,1495926138,,,Non-Muslim,Madinah,AMERICAN,Grade 5,A,2024-25,860,Regular (Continuing),Online Mode,Regular,2024-09-01,Yes,Ammar Al-Ghamdi,Sara Al-Ghamdi,+966533714578,hanan.alghamdi860@parent.com,"102 Al-Nuzha Street, Jeddah"
,Anaya Ahmed,أنايا أحمد,Female,2015-02-02,Syria,Iqama,,2408082955,,Muslim,Amman,AMERICAN,Grade 6,A,2024-25,861,New Student,Seasonal Mode,New,2024-09-01,Yes,Mustafa Ahmed,Hira Ahmed,+966568634656,anaya.ahmed861@parent.com,"52 Al-Nuzha Street, Jeddah"
,Waleed Al-Tamimi,وليد التميمي,Male,2014-08-27,Saudi Arabia,National ID,1125701142,,,Muslim,Jeddah,AMERICAN,Grade 7,A,2024-25,862,Transfer,Seasonal Mode,Transfer,2023-09-01,Yes,Khalid Al-Tamimi,Asma Al-Tamimi,+966576154825,waleed.altamimi862@parent.com,"114 Al-Nuzha Street, Jeddah"
,Anika Smith,أنيكة سميث,Female,2013-06-25,Syria,Passport,,,BC1613940,Muslim,Karachi,AMERICAN,Grade 8,A,2024-25,863,Transfer,Online Mode,Transfer,2023-09-01,Yes,Zayn Smith,Maya Smith,+966585598096,anika.smith863@parent.com,"263 Al-Nuzha Street, Jeddah"
,Faisal Al-Dosari,فيصل الدوسري,Male,2012-04-22,Saudi Arabia,National ID,1363379883,,,Muslim,Khobar,AMERICAN,Grade 9,A,2024-25,864,Transfer,Online Mode,Transfer,2023-09-01,Yes,Bader Al-Dosari,Wafa Al-Dosari,+966582382283,faisal.aldosari864@parent.com,"220 Al-Nuzha Street, Jeddah"
,Layla Al-Rashid,ليلى الراشد,Female,2011-01-20,Saudi Arabia,National ID,1744204683,,,Muslim,Abha,AMERICAN,Grade 10,A,2024-25,865,New Student,Online Mode,New,2025-09-01,Yes,Majed Al-Rashid,Renad Al-Rashid,+966593205609,layla.alrashid865@parent.com,"202 Al-Nuzha Street, Jeddah"
,Sara Al-Tamimi,سارة التميمي,Female,2010-08-28,Saudi Arabia,National ID,1544351795,,,Muslim,Madinah,AMERICAN,Grade 11,A,2024-25,866,New Student,Regular Mode,New,2024-09-01,Yes,Omar Al-Tamimi,Salma Al-Tamimi,+966598972676,sara.altamimi866@parent.com,"166 Al-Nuzha Street, Jeddah"
,Talal Al-Fayez,طلال الفايز,Male,2009-07-05,Saudi Arabia,National ID,1332451239,,,Muslim,Mecca,AMERICAN,Grade 12,A,2024-25,867,New Student,Online Mode,New,2023-09-01,Yes,Anas Al-Fayez,Reem Al-Fayez,+966599405828,talal.alfayez867@parent.com,"225 Al-Nuzha Street, Jeddah"
,David Hussain,ديفيد حسين,Male,2020-09-19,Yemen,Passport,,,AG7227770,Non-Muslim,Amman,AMERICAN,KG1,A,2024-25,868,Regular (Continuing),Online Mode,Regular,2022-09-01,Yes,James Hussain,Nour Hussain,+966578396348,david.hussain868@parent.com,"117 Al-Nuzha Street, Jeddah"
,Anvi Mahmood,أنفي محمود,Female,2019-03-06,Syria,Iqama,,2333544768,,Muslim,Damascus,AMERICAN,KG2,A,2024-25,869,Regular (Continuing),Seasonal Mode,Regular,2022-09-01,Yes,Ismail Mahmood,Saanvi Mahmood,+966502095109,anvi.mahmood869@parent.com,"37 Al-Nuzha Street, Jeddah"
,Ziyad Al-Saud,زياد آل سعود,Male,2020-01-09,Saudi Arabia,National ID,1068219709,,,Muslim,Tabuk,AMERICAN,Grade 1,A,2024-25,870,Regular (Continuing),Online Mode,Regular,2024-09-01,Yes,Sultan Al-Saud,Maha Al-Saud,+966529703241,ziyad.alsaud870@parent.com,"43 Al-Nuzha Street, Jeddah"
,Michael Gupta,مايكل جوبتا,Male,2019-07-04,Yemen,Iqama,,2580003381,,Muslim,Manila,AMERICAN,Grade 2,A,2024-25,871,Regular (Continuing),Regular Mode,Regular,2024-09-01,Yes,Zain Gupta,Layla Gupta,+966562058693,michael.gupta871@parent.com,"174 Al-Nuzha Street, Jeddah"
,Saif Al-Qahtani,سيف القحطاني,Male,2018-11-23,Saudi Arabia,National ID,1904841862,,,Muslim,Mecca,AMERICAN,Grade 3,A,2024-25,872,Regular (Continuing),Seasonal Mode,Regular,2022-09-01,Yes,Hamad Al-Qahtani,Shaden Al-Qahtani,+966512557476,saif.alqahtani872@parent.com,"236 Al-Nuzha Street, Jeddah"
,Adel Al-Dosari,عادل الدوسري,Male,2017-07-24,Saudi Arabia,National ID,1684690140,,,Muslim,Abha,AMERICAN,Grade 4,A,2024-25,873,New Student,Online Mode,New,2023-09-01,Yes,Adel Al-Dosari,Raghad Al-Dosari,+966517576468,adel.aldosari873@parent.com,"227 Al-Nuzha Street, Jeddah"
,Riya Ali,ريا علي,Female,2016-11-21,Sudan,Passport,,,MM7147260,Muslim,New York,AMERICAN,Grade 5,A,2024-25,874,Transfer,Seasonal Mode,Transfer,2023-09-01,Yes,Faris Ali,Aliya Ali,+966598948088,riya.ali874@parent.com,"206 Al-Nuzha Street, Jeddah"
,Norah Al-Qahtani,نورة القحطاني,Female,2015-01-17,Saudi Arabia,National ID,1038900718,,,Muslim,Tabuk,AMERICAN,Grade 6,A,2024-25,875,Regular (Continuing),Online Mode,Regular,2023-09-01,Yes,Hamad Al-Qahtani,Hanan Al-Qahtani,+966547988385,norah.alqahtani875@parent.com,"110 Al-Nuzha Street, Jeddah"
,Hassan Al-Hashemi,حسن الهاشمي,Male,2014-02-27,Saudi Arabia,National ID,1621531512,,,Muslim,Riyadh,AMERICAN,Grade 7,A,2024-25,876,Regular (Continuing),Online Mode,Regular,2025-09-01,Yes,Yousef Al-Hashemi,Aljawhara Al-Hashemi,+966535039942,hassan.alhashemi876@parent.com,"296 Al-Nuzha Street, Jeddah"
,Talal Al-Tamimi,طلال التميمي,Male,2013-10-05,Saudi Arabia,National ID,1867399154,,,Muslim,Mecca,AMERICAN,Grade 8,A,2024-25,877,Regular (Continuing),Regular Mode,Regular,2023-09-01,Yes,Yazeed Al-Tamimi,Wafa Al-Tamimi,+966530099564,talal.altamimi877@parent.com,"186 Al-Nuzha Street, Jeddah"
,Tala Al-Maliki,تالا المالكي,Female,2012-07-27,Saudi Arabia,National ID,1444715245,,,Non-Muslim,Madinah,AMERICAN,Grade 9,A,2024-25,878,Regular (Continuing),Online Mode,Regular,2023-09-01,Yes,Yousef Al-Maliki,Renad Al-Maliki,+966574694946,tala.almaliki878@parent.com,"178 Al-Nuzha Street, Jeddah"
,Junaid Smith,جنيد سميث,Male,2011-04-12,Yemen,Iqama,,2250267781,,Muslim,Jakarta,AMERICAN,Grade 10,A,2024-25,879,Regular (Continuing),Regular Mode,Regular,2025-09-01,Yes,Zayn Smith,Sadia Smith,+966555047156,junaid.smith879@parent.com,"25 Al-Nuzha Street, Jeddah"
,Faisal Al-Sudais,فيصل السديس,Male,2010-09-26,Saudi Arabia,National ID,1950269905,,,Muslim,Tabuk,AMERICAN,Grade 11,A,2024-25,880,Transfer,Regular Mode,Transfer,2022-09-01,Yes,Mohammed Al-Sudais,Dalal Al-Sudais,+966572192464,faisal.alsudais880@parent.com,"30 Al-Nuzha Street, Jeddah"
,Maha Al-Yamani,مها اليماني,Female,2009-10-17,Saudi Arabia,National ID,1360365340,,,Muslim,Dammam,AMERICAN,Grade 12,A,2024-25,881,Regular (Continuing),Online Mode,Regular,2022-09-01,Yes,Turki Al-Yamani,Layla Al-Yamani,+966518286095,maha.alyamani881@parent.com,"273 Al-Nuzha Street, Jeddah"
,Yousef Al-Qahtani,يوسف القحطاني,Male,2020-06-09,Saudi Arabia,National ID,1067584079,,,Muslim,Abha,AMERICAN,KG1,A,2024-25,882,Transfer,Regular Mode,Transfer,2023-09-01,Yes,Majed Al-Qahtani,Asma Al-Qahtani,+966599069711,yousef.alqahtani882@parent.com,"21 Al-Nuzha Street, Jeddah"
,Talha Mansoor,طلحة منصور,Male,2019-07-08,Yemen,Iqama,,2275959602,,Muslim,Khartoum,AMERICAN,KG2,A,2024-25,883,Regular (Continuing),Online Mode,Regular,2025-09-01,Yes,Adam Mansoor,Anvi Mansoor,+966576714664,talha.mansoor883@parent.com,"110 Al-Nuzha Street, Jeddah"
,Lama Al-Qahtani,لمى القحطاني,Female,2020-02-15,Saudi Arabia,National ID,1200341363,,,Muslim,Mecca,AMERICAN,Grade 1,A,2024-25,884,Regular (Continuing),Seasonal Mode,Regular,2024-09-01,Yes,Naif Al-Qahtani,Norah Al-Qahtani,+966557902561,lama.alqahtani884@parent.com,"251 Al-Nuzha Street, Jeddah"
,Yusuf Ahmed,يوسف أحمد,Male,2019-11-15,Indonesia,Passport,,,NL3343274,Muslim,Karachi,AMERICAN,Grade 2,A,2024-25,885,Transfer,Online Mode,Transfer,2024-09-01,Yes,John Ahmed,Anaya Ahmed,+966583016901,yusuf.ahmed885@parent.com,"269 Al-Nuzha Street, Jeddah"
,Imran Rahman,عمران رحمن,Male,2018-02-28,Jordan,Iqama,,2914969343,,Muslim,Sanaa,AMERICAN,Grade 3,A,2024-25,886,Regular (Continuing),Seasonal Mode,Regular,2025-09-01,Yes,Ayaan Rahman,Mariam Rahman,+966575030316,imran.rahman886@parent.com,"241 Al-Nuzha Street, Jeddah"
,Mehek Reddy,مهك ريدي,Female,2017-04-06,Egypt,Iqama,,2066634173,,Muslim,Dhaka,AMERICAN,Grade 4,A,2024-25,887,New Student,Seasonal Mode,New,2025-09-01,Yes,Hassan Reddy,Layla Reddy,+966535964530,mehek.reddy887@parent.com,"22 Al-Nuzha Street, Jeddah"
,Imran Ahmed,عمران أحمد,Male,2016-02-10,Jordan,Passport,,,NM9280522,Muslim,New York,AMERICAN,Grade 5,A,2024-25,888,Transfer,Online Mode,Transfer,2023-09-01,Yes,Adam Ahmed,Hira Ahmed,+966530344696,imran.ahmed888@parent.com,"106 Al-Nuzha Street, Jeddah"
,Saud Al-Yamani,سعود اليماني,Male,2015-01-06,Saudi Arabia,National ID,1610448735,,,Muslim,Mecca,AMERICAN,Grade 6,A,2024-25,889,Transfer,Regular Mode,Transfer,2025-09-01,Yes,Waleed Al-Yamani,Raghad Al-Yamani,+966506034441,saud.alyamani889@parent.com,"212 Al-Nuzha Street, Jeddah"
,Nawaf Al-Hashemi,نواف الهاشمي,Male,2014-04-23,Saudi Arabia,National ID,1178726992,,,Muslim,Tabuk,AMERICAN,Grade 7,A,2024-25,890,Regular (Continuing),Seasonal Mode,Regular,2022-09-01,Yes,Adel Al-Hashemi,Reem Al-Hashemi,+966516034760,nawaf.alhashemi890@parent.com,"24 Al-Nuzha Street, Jeddah"
,Layla Singh,ليلى سينغ,Female,2013-09-25,Syria,Passport,,,BE2182074,Muslim,Khartoum,AMERICAN,Grade 8,A,2024-25,891,Regular (Continuing),Regular Mode,Regular,2023-09-01,Yes,Zain Singh,Aliya Singh,+966582500485,layla.singh891@parent.com,"274 Al-Nuzha Street, Jeddah"
,Aisha Al-Qahtani,عائشة القحطاني,Female,2012-04-03,Saudi Arabia,National ID,1319583522,,,Muslim,Mecca,AMERICAN,Grade 9,A,2024-25,892,Regular (Continuing),Online Mode,Regular,2024-09-01,Yes,Khalid Al-Qahtani,Noura Al-Qahtani,+966524072530,aisha.alqahtani892@parent.com,"238 Al-Nuzha Street, Jeddah"
,Sadia Ibrahim,صادية إبراهيم,Female,2011-04-28,Yemen,Iqama,,2512829480,,Muslim,Dhaka,AMERICAN,Grade 10,A,2024-25,893,New Student,Regular Mode,New,2024-09-01,Yes,John Ibrahim,Anvi Ibrahim,+966505361827,sadia.ibrahim893@parent.com,"299 Al-Nuzha Street, Jeddah"
,David Hassan,ديفيد حسن,Male,2010-06-15,United Kingdom,Iqama,,2164170704,,Muslim,Cairo,AMERICAN,Grade 11,A,2024-25,894,Regular (Continuing),Online Mode,Regular,2022-09-01,Yes,Daniel Hassan,Sophia Hassan,+966536177893,david.hassan894@parent.com,"12 Al-Nuzha Street, Jeddah"
,Fatima Al-Fayez,فاطمة الفايز,Female,2009-10-18,Saudi Arabia,National ID,1256242604,,,Muslim,Khobar,AMERICAN,Grade 12,A,2024-25,895,Regular (Continuing),Online Mode,Regular,2025-09-01,Yes,Adel Al-Fayez,Maha Al-Fayez,+966529607118,fatima.alfayez895@parent.com,"91 Al-Nuzha Street, Jeddah"
,David Kim,ديفيد كيم,Male,2020-03-06,India,Iqama,,2718156924,,Muslim,New York,AMERICAN,KG1,A,2024-25,896,Regular (Continuing),Seasonal Mode,Regular,2023-09-01,Yes,Bilal Kim,Sadia Kim,+966524008433,david.kim896@parent.com,"25 Al-Nuzha Street, Jeddah"
,Ali Al-Sabah,علي الصباح,Male,2019-03-12,Saudi Arabia,National ID,1113354463,,,Muslim,Mecca,AMERICAN,KG2,A,2024-25,897,New Student,Seasonal Mode,New,2024-09-01,Yes,Mohammed Al-Sabah,Joud Al-Sabah,+966591102300,ali.alsabah897@parent.com,"7 Al-Nuzha Street, Jeddah"
,Olivia Patel,أوليفيا باتل,Female,2020-10-26,Philippines,Passport,,,GH4684370,Muslim,Cairo,AMERICAN,Grade 1,A,2024-25,898,New Student,Regular Mode,New,2025-09-01,Yes,Vihaan Patel,Sophia Patel,+966517273741,olivia.patel898@parent.com,"252 Al-Nuzha Street, Jeddah"
,Maha Al-Anazi,مها العنزي,Female,2019-09-02,Saudi Arabia,National ID,1863908061,,,Non-Muslim,Dammam,AMERICAN,Grade 2,A,2024-25,899,Regular (Continuing),Regular Mode,Regular,2022-09-01,Yes,Ali Al-Anazi,Aisha Al-Anazi,+966501978760,maha.alanazi899@parent.com,"208 Al-Nuzha Street, Jeddah"
,Majed Al-Dosari,ماجد الدوسري,Male,2018-05-12,Saudi Arabia,National ID,1143683529,,,Muslim,Dammam,AMERICAN,Grade 3,A,2024-25,900,Regular (Continuing),Regular Mode,Regular,2025-09-01,Yes,Majed Al-Dosari,Latifa Al-Dosari,+966570829326,majed.aldosari900@parent.com,"241 Al-Nuzha Street, Jeddah"
,Aliya Gupta,عالية جوبتا,Female,2017-06-26,Egypt,Passport,,,GE1635855,Non-Muslim,Damascus,AMERICAN,Grade 4,A,2024-25,901,Regular (Continuing),Online Mode,Regular,2023-09-01,Yes,Adam Gupta,Sophia Gupta,+966534932985,aliya.gupta901@parent.com,"10 Al-Nuzha Street, Jeddah"
,Talha Wang,طلحة وانج,Male,2016-12-02,Egypt,Passport,,,GD2261563,Non-Muslim,Damascus,AMERICAN,Grade 5,A,2024-25,902,Regular (Continuing),Regular Mode,Regular,2023-09-01,Yes,Junaid Wang,Aliya Wang,+966511355945,talha.wang902@parent.com,"93 Al-Nuzha Street, Jeddah"
,Nayla Sharma,نايلة شارما,Female,2015-08-06,United States,Passport,,,LK2780882,Muslim,Cairo,AMERICAN,Grade 6,A,2024-25,903,Transfer,Regular Mode,Transfer,2022-09-01,Yes,Hamza Sharma,Zainab Sharma,+966560121845,nayla.sharma903@parent.com,"4 Al-Nuzha Street, Jeddah"
,Fahad Al-Ghamdi,فهد الغامدي,Male,2014-11-12,Saudi Arabia,National ID,1748527828,,,Muslim,Jeddah,AMERICAN,Grade 7,A,2024-25,904,Regular (Continuing),Online Mode,Regular,2022-09-01,Yes,Bandar Al-Ghamdi,Salma Al-Ghamdi,+966540603121,fahad.alghamdi904@parent.com,"154 Al-Nuzha Street, Jeddah"
,Lujain Al-Hussein,لجين الحسين,Female,2013-11-04,Saudi Arabia,National ID,1281005457,,,Muslim,Jeddah,AMERICAN,Grade 8,A,2024-25,905,New Student,Regular Mode,New,2025-09-01,Yes,Faisal Al-Hussein,Reem Al-Hussein,+966566352423,lujain.alhussein905@parent.com,"207 Al-Nuzha Street, Jeddah"
,Ibrahim Al-Anazi,إبراهيم العنزي,Male,2012-12-11,Saudi Arabia,National ID,1634864784,,,Non-Muslim,Madinah,AMERICAN,Grade 9,A,2024-25,906,Regular (Continuing),Regular Mode,Regular,2023-09-01,Yes,Ziyad Al-Anazi,Maha Al-Anazi,+966581749968,ibrahim.alanazi906@parent.com,"40 Al-Nuzha Street, Jeddah"
,Sofia Chen,صوفيا تشين,Female,2011-01-11,Sudan,Passport,,,HL1685689,Muslim,Jakarta,AMERICAN,Grade 10,A,2024-25,907,New Student,Seasonal Mode,New,2022-09-01,Yes,Bilal Chen,Anika Chen,+966533139233,sofia.chen907@parent.com,"127 Al-Nuzha Street, Jeddah"
,Mariam Smith,مريم سميث,Female,2010-11-27,Egypt,Iqama,,2353962162,,Muslim,Mumbai,AMERICAN,Grade 11,A,2024-25,908,Regular (Continuing),Seasonal Mode,Regular,2023-09-01,Yes,Mustafa Smith,Mehek Smith,+966598270480,mariam.smith908@parent.com,"224 Al-Nuzha Street, Jeddah"
,Wafa Al-Qahtani,وفاء القحطاني,Female,2009-10-27,Saudi Arabia,National ID,1764900819,,,Muslim,Tabuk,AMERICAN,Grade 12,A,2024-25,909,Regular (Continuing),Regular Mode,Regular,2025-09-01,Yes,Ammar Al-Qahtani,Raghad Al-Qahtani,+966500389527,wafa.alqahtani909@parent.com,"59 Al-Nuzha Street, Jeddah"
,Riya Smith,ريا سميث,Female,2020-09-05,United States,Iqama,,2196480072,,Muslim,Cairo,AMERICAN,KG1,A,2024-25,910,Regular (Continuing),Online Mode,Regular,2025-09-01,Yes,Zain Smith,Hira Smith,+966573720392,riya.smith910@parent.com,"76 Al-Nuzha Street, Jeddah"
,Riya Hussain,ريا حسين,Female,2019-07-02,United Kingdom,Iqama,,2639693656,,Non-Muslim,London,AMERICAN,KG2,A,2024-25,911,Regular (Continuing),Online Mode,Regular,2024-09-01,Yes,Zain Hussain,Anika Hussain,+966582757494,riya.hussain911@parent.com,"169 Al-Nuzha Street, Jeddah"
,Norah Al-Ghamdi,نورة الغامدي,Female,2020-07-21,Saudi Arabia,National ID,1503603653,,,Muslim,Riyadh,AMERICAN,Grade 1,A,2024-25,912,New Student,Online Mode,New,2024-09-01,Yes,Faisal Al-Ghamdi,Asma Al-Ghamdi,+966529070202,norah.alghamdi912@parent.com,"227 Al-Nuzha Street, Jeddah"
,Ibrahim Al-Mutairi,إبراهيم المطيري,Male,2019-02-16,Saudi Arabia,National ID,1424928693,,,Muslim,Dammam,AMERICAN,Grade 2,A,2024-25,913,Regular (Continuing),Seasonal Mode,Regular,2022-09-01,Yes,Bandar Al-Mutairi,Shaden Al-Mutairi,+966502013498,ibrahim.almutairi913@parent.com,"9 Al-Nuzha Street, Jeddah"
,Jana Al-Fayez,جنى الفايز,Female,2018-08-04,Saudi Arabia,National ID,1674039213,,,Non-Muslim,Jeddah,AMERICAN,Grade 3,A,2024-25,914,Regular (Continuing),Regular Mode,Regular,2024-09-01,Yes,Waleed Al-Fayez,Amal Al-Fayez,+966560740232,jana.alfayez914@parent.com,"187 Al-Nuzha Street, Jeddah"
,Ibrahim Al-Rashid,إبراهيم الراشد,Male,2017-02-19,Saudi Arabia,National ID,1887697298,,,Muslim,Madinah,AMERICAN,Grade 4,A,2024-25,915,New Student,Online Mode,New,2025-09-01,Yes,Bandar Al-Rashid,Hanan Al-Rashid,+966590458230,ibrahim.alrashid915@parent.com,"270 Al-Nuzha Street, Jeddah"
,Saud Al-Qahtani,سعود القحطاني,Male,2016-04-06,Saudi Arabia,National ID,1222759372,,,Muslim,Buraidah,AMERICAN,Grade 5,A,2024-25,916,Transfer,Online Mode,Transfer,2024-09-01,Yes,Khalid Al-Qahtani,Jana Al-Qahtani,+966599948233,saud.alqahtani916@parent.com,"123 Al-Nuzha Street, Jeddah"
,Shaden Al-Sabah,شادن الصباح,Female,2015-12-10,Saudi Arabia,National ID,1916500001,,,Muslim,Khobar,AMERICAN,Grade 6,A,2024-25,917,Regular (Continuing),Online Mode,Regular,2022-09-01,Yes,Omar Al-Sabah,Salma Al-Sabah,+966558104549,shaden.alsabah917@parent.com,"286 Al-Nuzha Street, Jeddah"
,Reema Al-Rashid,ريما الراشد,Female,2014-06-20,Saudi Arabia,National ID,1946526718,,,Muslim,Madinah,AMERICAN,Grade 7,A,2024-25,918,Regular (Continuing),Regular Mode,Regular,2025-09-01,Yes,Majed Al-Rashid,Amal Al-Rashid,+966532784358,reema.alrashid918@parent.com,"245 Al-Nuzha Street, Jeddah"
,Amal Al-Sabah,أمل الصباح,Female,2013-09-21,Saudi Arabia,National ID,1612644494,,,Muslim,Khobar,AMERICAN,Grade 8,A,2024-25,919,Regular (Continuing),Seasonal Mode,Regular,2025-09-01,Yes,Mohammed Al-Sabah,Reem Al-Sabah,+966517321861,amal.alsabah919@parent.com,"290 Al-Nuzha Street, Jeddah"
,Hessa Al-Zahrani,حصة الزهراني,Female,2012-08-22,Saudi Arabia,National ID,1144955989,,,Muslim,Dammam,AMERICAN,Grade 9,A,2024-25,920,Regular (Continuing),Seasonal Mode,Regular,2024-09-01,Yes,Sultan Al-Zahrani,Manal Al-Zahrani,+966545341427,hessa.alzahrani920@parent.com,"296 Al-Nuzha Street, Jeddah"
,Salma Al-Saud,سلمى آل سعود,Female,2011-02-06,Saudi Arabia,National ID,1732789628,,,Muslim,Jeddah,AMERICAN,Grade 10,A,2024-25,921,Regular (Continuing),Seasonal Mode,Regular,2024-09-01,Yes,Saif Al-Saud,Aisha Al-Saud,+966589499530,salma.alsaud921@parent.com,"212 Al-Nuzha Street, Jeddah"
,Bandar Al-Fayez,بندر الفايز,Male,2010-06-23,Saudi Arabia,National ID,1391571551,,,Muslim,Tabuk,AMERICAN,Grade 11,A,2024-25,922,New Student,Regular Mode,New,2025-09-01,Yes,Yazeed Al-Fayez,Tala Al-Fayez,+966514987659,bandar.alfayez922@parent.com,"196 Al-Nuzha Street, Jeddah"
,Imran Ahmed,عمران أحمد,Male,2009-02-13,Jordan,Iqama,,2417568008,,Muslim,Khartoum,AMERICAN,Grade 12,A,2024-25,923,Regular (Continuing),Online Mode,Regular,2025-09-01,Yes,Hassan Ahmed,Nour Ahmed,+966537472038,imran.ahmed923@parent.com,"225 Al-Nuzha Street, Jeddah"
,Asma Al-Zahrani,أسماء الزهراني,Female,2020-11-28,Saudi Arabia,National ID,1045945054,,,Muslim,Abha,AMERICAN,KG1,A,2024-25,924,Regular (Continuing),Online Mode,Regular,2025-09-01,Yes,Fahad Al-Zahrani,Dalal Al-Zahrani,+966538589060,asma.alzahrani924@parent.com,"17 Al-Nuzha Street, Jeddah"
,Anas Al-Saud,أنس آل سعود,Male,2019-10-08,Saudi Arabia,National ID,1065884457,,,Muslim,Abha,AMERICAN,KG2,A,2024-25,925,Regular (Continuing),Online Mode,Regular,2024-09-01,Yes,Faisal Al-Saud,Shaden Al-Saud,+966584993333,anas.alsaud925@parent.com,"50 Al-Nuzha Street, Jeddah"
,Turki Al-Rashid,تركي الراشد,Male,2020-05-03,Saudi Arabia,National ID,1973674790,,,Muslim,Jeddah,AMERICAN,Grade 1,A,2024-25,926,Regular (Continuing),Online Mode,Regular,2023-09-01,Yes,Hassan Al-Rashid,Asma Al-Rashid,+966564867843,turki.alrashid926@parent.com,"62 Al-Nuzha Street, Jeddah"
,Sophia Hassan,سوفيا حسن,Female,2019-12-08,Pakistan,Iqama,,2533572311,,Non-Muslim,London,AMERICAN,Grade 2,A,2024-25,927,Regular (Continuing),Seasonal Mode,Regular,2025-09-01,Yes,Mustafa Hassan,Aliya Hassan,+966563495219,sophia.hassan927@parent.com,"196 Al-Nuzha Street, Jeddah"
,Raed Al-Tamimi,رائد التميمي,Male,2018-11-08,Saudi Arabia,National ID,1208123440,,,Muslim,Abha,AMERICAN,Grade 3,A,2024-25,928,New Student,Seasonal Mode,New,2025-09-01,Yes,Ziyad Al-Tamimi,Hanan Al-Tamimi,+966558640922,raed.altamimi928@parent.com,"25 Al-Nuzha Street, Jeddah"
,Diya Malik,ديا مالك,Female,2017-04-15,Indonesia,Iqama,,2757913192,,Muslim,Cairo,AMERICAN,Grade 4,A,2024-25,929,New Student,Seasonal Mode,New,2022-09-01,Yes,Zayn Malik,Riya Malik,+966569668250,diya.malik929@parent.com,"111 Al-Nuzha Street, Jeddah"
,Ibrahim Al-Maliki,إبراهيم المالكي,Male,2016-04-10,Saudi Arabia,National ID,1104664576,,,Muslim,Buraidah,AMERICAN,Grade 5,A,2024-25,930,New Student,Online Mode,New,2023-09-01,Yes,Hamad Al-Maliki,Lujain Al-Maliki,+966524454778,ibrahim.almaliki930@parent.com,"74 Al-Nuzha Street, Jeddah"
,Aisha Al-Maliki,عائشة المالكي,Female,2015-12-03,Saudi Arabia,National ID,1592610917,,,Non-Muslim,Tabuk,AMERICAN,Grade 6,A,2024-25,931,New Student,Regular Mode,New,2023-09-01,Yes,Bandar Al-Maliki,Hanan Al-Maliki,+966546025173,aisha.almaliki931@parent.com,"213 Al-Nuzha Street, Jeddah"
,Adam Smith,آدم سميث,Male,2014-12-22,Egypt,Passport,,,BD5997148,Muslim,Dhaka,AMERICAN,Grade 7,A,2024-25,932,New Student,Regular Mode,New,2023-09-01,Yes,Mustafa Smith,Nour Smith,+966522346188,adam.smith932@parent.com,"73 Al-Nuzha Street, Jeddah"
,Zainab Siddiqui,زينب صديقي,Female,2013-08-08,Sudan,Passport,,,DA7460019,Non-Muslim,Khartoum,AMERICAN,Grade 8,A,2024-25,933,Regular (Continuing),Regular Mode,Regular,2022-09-01,Yes,James Siddiqui,Mehek Siddiqui,+966511393304,zainab.siddiqui933@parent.com,"192 Al-Nuzha Street, Jeddah"
,Mohammed Al-Tamimi,محمد التميمي,Male,2012-02-01,Saudi Arabia,National ID,1020684256,,,Muslim,Buraidah,AMERICAN,Grade 9,A,2024-25,934,Transfer,Online Mode,Transfer,2024-09-01,Yes,Khalid Al-Tamimi,Shaden Al-Tamimi,+966584092491,mohammed.altamimi934@parent.com,"244 Al-Nuzha Street, Jeddah"
,Raghad Al-Sudais,رغد السديس,Female,2011-11-01,Saudi Arabia,National ID,1426339703,,,Muslim,Abha,AMERICAN,Grade 10,A,2024-25,935,Regular (Continuing),Regular Mode,Regular,2022-09-01,Yes,Fahad Al-Sudais,Reem Al-Sudais,+966551243081,raghad.alsudais935@parent.com,"249 Al-Nuzha Street, Jeddah"
,Salma Al-Rashid,سلمى الراشد,Female,2010-11-03,Saudi Arabia,National ID,1661764983,,,Muslim,Mecca,AMERICAN,Grade 11,A,2024-25,936,Regular (Continuing),Seasonal Mode,Regular,2025-09-01,Yes,Yazeed Al-Rashid,Asma Al-Rashid,+966503966131,salma.alrashid936@parent.com,"99 Al-Nuzha Street, Jeddah"
,Adam Singh,آدم سينغ,Male,2009-06-09,United States,Passport,,,HE5495636,Muslim,Manila,AMERICAN,Grade 12,A,2024-25,937,Regular (Continuing),Seasonal Mode,Regular,2025-09-01,Yes,Hamza Singh,Sana Singh,+966564264984,adam.singh937@parent.com,"107 Al-Nuzha Street, Jeddah"
,Layla Siddiqui,ليلى صديقي,Female,2020-06-22,Bangladesh,Iqama,,2789196914,,Muslim,Jakarta,AMERICAN,KG1,A,2024-25,938,New Student,Online Mode,New,2022-09-01,Yes,Imran Siddiqui,Diya Siddiqui,+966560687149,layla.siddiqui938@parent.com,"183 Al-Nuzha Street, Jeddah"
,Nawaf Al-Ghamdi,نواف الغامدي,Male,2019-10-20,Saudi Arabia,National ID,1743700389,,,Muslim,Abha,AMERICAN,KG2,A,2024-25,939,Regular (Continuing),Regular Mode,Regular,2025-09-01,Yes,Ibrahim Al-Ghamdi,Aljawhara Al-Ghamdi,+966508897779,nawaf.alghamdi939@parent.com,"252 Al-Nuzha Street, Jeddah"
,Hessa Al-Ghamdi,حصة الغامدي,Female,2020-03-20,Saudi Arabia,National ID,1956071580,,,Muslim,Riyadh,AMERICAN,Grade 1,A,2024-25,940,Transfer,Seasonal Mode,Transfer,2023-09-01,Yes,Saud Al-Ghamdi,Tala Al-Ghamdi,+966514837402,hessa.alghamdi940@parent.com,"279 Al-Nuzha Street, Jeddah"
,Hessa Al-Zahrani,حصة الزهراني,Female,2019-03-25,Saudi Arabia,National ID,1747316809,,,Muslim,Mecca,AMERICAN,Grade 2,A,2024-25,941,Regular (Continuing),Regular Mode,Regular,2022-09-01,Yes,Bader Al-Zahrani,Asma Al-Zahrani,+966564635940,hessa.alzahrani941@parent.com,"264 Al-Nuzha Street, Jeddah"
,Talal Al-Sulami,طلال السلمي,Male,2018-04-02,Saudi Arabia,National ID,1236335538,,,Muslim,Madinah,AMERICAN,Grade 3,A,2024-25,942,New Student,Online Mode,New,2023-09-01,Yes,Sultan Al-Sulami,Aljawhara Al-Sulami,+966547576105,talal.alsulami942@parent.com,"159 Al-Nuzha Street, Jeddah"
,Asma Al-Anazi,أسماء العنزي,Female,2017-07-19,Saudi Arabia,National ID,1266732492,,,Muslim,Riyadh,AMERICAN,Grade 4,A,2024-25,943,New Student,Online Mode,New,2025-09-01,Yes,Salman Al-Anazi,Latifa Al-Anazi,+966506649145,asma.alanazi943@parent.com,"195 Al-Nuzha Street, Jeddah"
,Reema Al-Mutairi,ريما المطيري,Female,2016-12-16,Saudi Arabia,National ID,1907042194,,,Muslim,Dammam,AMERICAN,Grade 5,A,2024-25,944,Regular (Continuing),Regular Mode,Regular,2024-09-01,Yes,Salman Al-Mutairi,Dalal Al-Mutairi,+966569095274,reema.almutairi944@parent.com,"270 Al-Nuzha Street, Jeddah"
,Zainab Hussain,زينب حسين,Female,2015-04-11,India,Iqama,,2077522680,,Non-Muslim,Damascus,AMERICAN,Grade 6,A,2024-25,945,Transfer,Online Mode,Transfer,2025-09-01,Yes,Hassan Hussain,Layla Hussain,+966506695787,zainab.hussain945@parent.com,"233 Al-Nuzha Street, Jeddah"
,Mariam Singh,مريم سينغ,Female,2014-11-09,Philippines,Iqama,,2306372774,,Muslim,Khartoum,AMERICAN,Grade 7,A,2024-25,946,Regular (Continuing),Regular Mode,Regular,2024-09-01,Yes,Hassan Singh,Anaya Singh,+966545666617,mariam.singh946@parent.com,"16 Al-Nuzha Street, Jeddah"
,Turki Al-Hashemi,تركي الهاشمي,Male,2013-03-02,Saudi Arabia,National ID,1791039572,,,Muslim,Mecca,AMERICAN,Grade 8,A,2024-25,947,Regular (Continuing),Online Mode,Regular,2023-09-01,Yes,Bader Al-Hashemi,Asma Al-Hashemi,+966572084456,turki.alhashemi947@parent.com,"192 Al-Nuzha Street, Jeddah"
,Sofia Hassan,صوفيا حسن,Female,2012-06-14,India,Iqama,,2392927825,,Muslim,Cairo,AMERICAN,Grade 9,A,2024-25,948,New Student,Seasonal Mode,New,2024-09-01,Yes,Daniel Hassan,Aisha Hassan,+966550732389,sofia.hassan948@parent.com,"10 Al-Nuzha Street, Jeddah"
,Sultan Al-Ghamdi,سلطان الغامدي,Male,2011-03-07,Saudi Arabia,National ID,1494824976,,,Muslim,Buraidah,AMERICAN,Grade 10,A,2024-25,949,New Student,Regular Mode,New,2024-09-01,Yes,Majed Al-Ghamdi,Norah Al-Ghamdi,+966544658284,sultan.alghamdi949@parent.com,"87 Al-Nuzha Street, Jeddah"
,Vihaan Smith,فيهان سميث,Male,2010-11-24,Pakistan,Passport,,,DB8316563,Non-Muslim,Dhaka,AMERICAN,Grade 11,A,2024-25,950,Transfer,Seasonal Mode,Transfer,2022-09-01,Yes,Bilal Smith,Maya Smith,+966522669546,vihaan.smith950@parent.com,"5 Al-Nuzha Street, Jeddah"
,Hamad Al-Fayez,حمد الفايز,Male,2009-09-22,Saudi Arabia,National ID,1116723888,,,Muslim,Mecca,AMERICAN,Grade 12,A,2024-25,951,Regular (Continuing),Seasonal Mode,Regular,2025-09-01,Yes,Omar Al-Fayez,Noura Al-Fayez,+966537297528,hamad.alfayez951@parent.com,"235 Al-Nuzha Street, Jeddah"
,Rohan Siddiqui,روهان صديقي,Male,2020-09-18,Yemen,Passport,,,MA5058832,Muslim,Sanaa,AMERICAN,KG1,A,2024-25,952,Transfer,Regular Mode,Transfer,2023-09-01,Yes,Yusuf Siddiqui,Priya Siddiqui,+966568342832,rohan.siddiqui952@parent.com,"221 Al-Nuzha Street, Jeddah"
,Shaden Al-Anazi,شادن العنزي,Female,2019-08-08,Saudi Arabia,National ID,1688513161,,,Muslim,Jeddah,AMERICAN,KG2,A,2024-25,953,Regular (Continuing),Seasonal Mode,Regular,2023-09-01,Yes,Abdullah Al-Anazi,Aljawhara Al-Anazi,+966573203199,shaden.alanazi953@parent.com,"182 Al-Nuzha Street, Jeddah"
,Anas Al-Sabah,أنس الصباح,Male,2020-12-17,Saudi Arabia,National ID,1747313630,,,Muslim,Jeddah,AMERICAN,Grade 1,A,2024-25,954,Regular (Continuing),Seasonal Mode,Regular,2023-09-01,Yes,Ammar Al-Sabah,Aljawhara Al-Sabah,+966583760201,anas.alsabah954@parent.com,"105 Al-Nuzha Street, Jeddah"
,Asma Al-Mutairi,أسماء المطيري,Female,2019-07-10,Saudi Arabia,National ID,1089866202,,,Muslim,Riyadh,AMERICAN,Grade 2,A,2024-25,955,New Student,Seasonal Mode,New,2022-09-01,Yes,Bandar Al-Mutairi,Reem Al-Mutairi,+966599318469,asma.almutairi955@parent.com,"238 Al-Nuzha Street, Jeddah"
,Ammar Al-Ghamdi,عمار الغامدي,Male,2018-10-05,Saudi Arabia,National ID,1366255748,,,Non-Muslim,Mecca,AMERICAN,Grade 3,A,2024-25,956,Regular (Continuing),Regular Mode,Regular,2024-09-01,Yes,Salman Al-Ghamdi,Ghada Al-Ghamdi,+966595618819,ammar.alghamdi956@parent.com,"112 Al-Nuzha Street, Jeddah"
,Imran Ali,عمران علي,Male,2017-03-22,India,Iqama,,2063228932,,Non-Muslim,Damascus,AMERICAN,Grade 4,A,2024-25,957,Transfer,Seasonal Mode,Transfer,2025-09-01,Yes,Daniel Ali,Diya Ali,+966539921661,imran.ali957@parent.com,"270 Al-Nuzha Street, Jeddah"
,Ismail Mansoor,إسماعيل منصور,Male,2016-06-24,Syria,Iqama,,2187728020,,Muslim,Sanaa,AMERICAN,Grade 5,A,2024-25,958,Regular (Continuing),Regular Mode,Regular,2025-09-01,Yes,Aryan Mansoor,Sofia Mansoor,+966511650966,ismail.mansoor958@parent.com,"282 Al-Nuzha Street, Jeddah"
,Ammar Al-Mutairi,عمار المطيري,Male,2015-08-06,Saudi Arabia,National ID,1585977857,,,Muslim,Riyadh,AMERICAN,Grade 6,A,2024-25,959,New Student,Regular Mode,New,2023-09-01,Yes,Anas Al-Mutairi,Latifa Al-Mutairi,+966508473796,ammar.almutairi959@parent.com,"24 Al-Nuzha Street, Jeddah"
,Mohammed Al-Sudais,محمد السديس,Male,2014-09-09,Saudi Arabia,National ID,1600185337,,,Muslim,Khobar,AMERICAN,Grade 7,A,2024-25,960,Regular (Continuing),Seasonal Mode,Regular,2022-09-01,Yes,Majed Al-Sudais,Lujain Al-Sudais,+966557349322,mohammed.alsudais960@parent.com,"3 Al-Nuzha Street, Jeddah"
,Vihaan Smith,فيهان سميث,Male,2013-01-21,Jordan,Passport,,,CA7142202,Muslim,London,AMERICAN,Grade 8,A,2024-25,961,Regular (Continuing),Online Mode,Regular,2022-09-01,Yes,Hamza Smith,Nour Smith,+966580159780,vihaan.smith961@parent.com,"74 Al-Nuzha Street, Jeddah"
,Asma Al-Hussein,أسماء الحسين,Female,2012-08-07,Saudi Arabia,National ID,1185809718,,,Muslim,Dammam,AMERICAN,Grade 9,A,2024-25,962,New Student,Seasonal Mode,New,2024-09-01,Yes,Mohammed Al-Hussein,Lujain Al-Hussein,+966593540318,asma.alhussein962@parent.com,"176 Al-Nuzha Street, Jeddah"
,Hamza Shaikh,حمزة شيخ,Male,2011-12-13,Sudan,Passport,,,MN2057883,Muslim,London,AMERICAN,Grade 10,A,2024-25,963,New Student,Seasonal Mode,New,2023-09-01,Yes,Michael Shaikh,Anaya Shaikh,+966563475355,hamza.shaikh963@parent.com,"264 Al-Nuzha Street, Jeddah"
,Anika Mahmood,أنيكة محمود,Female,2010-07-08,Bangladesh,Iqama,,2993700307,,Muslim,Manila,AMERICAN,Grade 11,A,2024-25,964,Regular (Continuing),Regular Mode,Regular,2023-09-01,Yes,Vihaan Mahmood,Emma Mahmood,+966555360197,anika.mahmood964@parent.com,"157 Al-Nuzha Street, Jeddah"
,Zayn Kim,زين كيم,Male,2009-10-01,Egypt,Iqama,,2795114027,,Non-Muslim,Karachi,AMERICAN,Grade 12,A,2024-25,965,Transfer,Online Mode,Transfer,2024-09-01,Yes,Adam Kim,Fatima Kim,+966536955507,zayn.kim965@parent.com,"100 Al-Nuzha Street, Jeddah"
,Rohan Reddy,روهان ريدي,Male,2020-12-09,Indonesia,Iqama,,2806098276,,Muslim,London,AMERICAN,KG1,A,2024-25,966,Regular (Continuing),Regular Mode,Regular,2023-09-01,Yes,Hassan Reddy,Nour Reddy,+966522584850,rohan.reddy966@parent.com,"287 Al-Nuzha Street, Jeddah"
,Mehek Malik,مهك مالك,Female,2019-06-08,Syria,Iqama,,2194808352,,Muslim,London,AMERICAN,KG2,A,2024-25,967,Transfer,Regular Mode,Transfer,2022-09-01,Yes,Michael Malik,Emma Malik,+966556078174,mehek.malik967@parent.com,"117 Al-Nuzha Street, Jeddah"
,Lujain Al-Sudais,لجين السديس,Female,2020-02-13,Saudi Arabia,National ID,1765824790,,,Muslim,Jeddah,AMERICAN,Grade 1,A,2024-25,968,Regular (Continuing),Regular Mode,Regular,2024-09-01,Yes,Ibrahim Al-Sudais,Lujain Al-Sudais,+966520555304,lujain.alsudais968@parent.com,"3 Al-Nuzha Street, Jeddah"
,Olivia Chen,أوليفيا تشين,Female,2019-01-23,Syria,Iqama,,2477988440,,Muslim,Sanaa,AMERICAN,Grade 2,A,2024-25,969,Regular (Continuing),Regular Mode,Regular,2024-09-01,Yes,John Chen,Anvi Chen,+966512324755,olivia.chen969@parent.com,"104 Al-Nuzha Street, Jeddah"
,Adam Hassan,آدم حسن,Male,2018-08-01,Egypt,Iqama,,2920396461,,Muslim,Amman,AMERICAN,Grade 3,A,2024-25,970,Transfer,Online Mode,Transfer,2022-09-01,Yes,Vihaan Hassan,Khadija Hassan,+966534015597,adam.hassan970@parent.com,"144 Al-Nuzha Street, Jeddah"
,Abdullah Al-Shehri,عبدالله الشهري,Male,2017-05-10,Saudi Arabia,National ID,1813646936,,,Muslim,Buraidah,AMERICAN,Grade 4,A,2024-25,971,Transfer,Seasonal Mode,Transfer,2025-09-01,Yes,Yazeed Al-Shehri,Lama Al-Shehri,+966598069051,abdullah.alshehri971@parent.com,"192 Al-Nuzha Street, Jeddah"
,Aisha Rahman,عائشة رحمن,Female,2016-08-01,Indonesia,Iqama,,2054849170,,Muslim,Manila,AMERICAN,Grade 5,A,2024-25,972,New Student,Regular Mode,New,2023-09-01,Yes,Rohan Rahman,Aliya Rahman,+966568605472,aisha.rahman972@parent.com,"70 Al-Nuzha Street, Jeddah"
,Anika Mansoor,أنيكة منصور,Female,2015-05-04,India,Iqama,,2664936064,,Muslim,London,AMERICAN,Grade 6,A,2024-25,973,Regular (Continuing),Regular Mode,Regular,2023-09-01,Yes,Mustafa Mansoor,Hira Mansoor,+966540430146,anika.mansoor973@parent.com,"27 Al-Nuzha Street, Jeddah"
,Sara Al-Fayez,سارة الفايز,Female,2014-10-13,Saudi Arabia,National ID,1568609033,,,Muslim,Buraidah,AMERICAN,Grade 7,A,2024-25,974,New Student,Online Mode,New,2022-09-01,Yes,Khalid Al-Fayez,Jana Al-Fayez,+966553806774,sara.alfayez974@parent.com,"117 Al-Nuzha Street, Jeddah"
,Waleed Al-Hussein,وليد الحسين,Male,2013-12-05,Saudi Arabia,National ID,1088037155,,,Muslim,Abha,AMERICAN,Grade 8,A,2024-25,975,Regular (Continuing),Regular Mode,Regular,2025-09-01,Yes,Raed Al-Hussein,Raghad Al-Hussein,+966525894197,waleed.alhussein975@parent.com,"140 Al-Nuzha Street, Jeddah"
,Hamza Habib,حمزة حبيب,Male,2012-06-11,India,Iqama,,2218879884,,Muslim,Mumbai,AMERICAN,Grade 9,A,2024-25,976,Transfer,Seasonal Mode,Transfer,2023-09-01,Yes,Yusuf Habib,Khadija Habib,+966508755800,hamza.habib976@parent.com,"174 Al-Nuzha Street, Jeddah"
,Faris Sharma,فارس شارما,Male,2011-03-23,Bangladesh,Iqama,,2903393084,,Muslim,Manila,AMERICAN,Grade 10,A,2024-25,977,New Student,Online Mode,New,2024-09-01,Yes,Mustafa Sharma,Maya Sharma,+966550532187,faris.sharma977@parent.com,"164 Al-Nuzha Street, Jeddah"
,Reema Al-Sudais,ريما السديس,Female,2010-12-20,Saudi Arabia,National ID,1131320081,,,Muslim,Riyadh,AMERICAN,Grade 11,A,2024-25,978,Regular (Continuing),Seasonal Mode,Regular,2025-09-01,Yes,Naif Al-Sudais,Dana Al-Sudais,+966533258600,reema.alsudais978@parent.com,"275 Al-Nuzha Street, Jeddah"
,Amal Al-Ghamdi,أمل الغامدي,Female,2009-01-12,Saudi Arabia,National ID,1340178152,,,Muslim,Jeddah,AMERICAN,Grade 12,A,2024-25,979,Regular (Continuing),Regular Mode,Regular,2022-09-01,Yes,Faisal Al-Ghamdi,Asma Al-Ghamdi,+966564733623,amal.alghamdi979@parent.com,"64 Al-Nuzha Street, Jeddah"
,Priya Wang,بريا وانج,Female,2020-06-15,United Kingdom,Iqama,,2373448600,,Muslim,Mumbai,AMERICAN,KG1,A,2024-25,980,Regular (Continuing),Seasonal Mode,Regular,2024-09-01,Yes,Ayaan Wang,Zainab Wang,+966544389315,priya.wang980@parent.com,"297 Al-Nuzha Street, Jeddah"
,Sultan Al-Mutairi,سلطان المطيري,Male,2019-06-02,Saudi Arabia,National ID,1278131206,,,Muslim,Khobar,AMERICAN,KG2,A,2024-25,981,New Student,Seasonal Mode,New,2024-09-01,Yes,Sultan Al-Mutairi,Salma Al-Mutairi,+966555932117,sultan.almutairi981@parent.com,"115 Al-Nuzha Street, Jeddah"
,Ibrahim Al-Tamimi,إبراهيم التميمي,Male,2020-03-07,Saudi Arabia,National ID,1732874525,,,Muslim,Tabuk,AMERICAN,Grade 1,A,2024-25,982,Regular (Continuing),Seasonal Mode,Regular,2025-09-01,Yes,Fahad Al-Tamimi,Hessa Al-Tamimi,+966500069563,ibrahim.altamimi982@parent.com,"121 Al-Nuzha Street, Jeddah"
,Hanan Al-Zahrani,حنان الزهراني,Female,2019-11-06,Saudi Arabia,National ID,1042024201,,,Muslim,Khobar,AMERICAN,Grade 2,A,2024-25,983,Regular (Continuing),Regular Mode,Regular,2025-09-01,Yes,Omar Al-Zahrani,Fatima Al-Zahrani,+966595629314,hanan.alzahrani983@parent.com,"6 Al-Nuzha Street, Jeddah"
,Anas Al-Anazi,أنس العنزي,Male,2018-11-16,Saudi Arabia,National ID,1071607220,,,Muslim,Madinah,AMERICAN,Grade 3,A,2024-25,984,Regular (Continuing),Regular Mode,Regular,2022-09-01,Yes,Nawaf Al-Anazi,Lujain Al-Anazi,+966567518118,anas.alanazi984@parent.com,"289 Al-Nuzha Street, Jeddah"
,Ghada Al-Yamani,غادة اليماني,Female,2017-03-14,Saudi Arabia,National ID,1148418551,,,Muslim,Madinah,AMERICAN,Grade 4,A,2024-25,985,Regular (Continuing),Regular Mode,Regular,2025-09-01,Yes,Fahad Al-Yamani,Lama Al-Yamani,+966522324618,ghada.alyamani985@parent.com,"285 Al-Nuzha Street, Jeddah"
,Saif Al-Sudais,سيف السديس,Male,2016-07-23,Saudi Arabia,National ID,1936347682,,,Muslim,Riyadh,AMERICAN,Grade 5,A,2024-25,986,New Student,Online Mode,New,2025-09-01,Yes,Ammar Al-Sudais,Dalal Al-Sudais,+966530286837,saif.alsudais986@parent.com,"167 Al-Nuzha Street, Jeddah"
,Ahmed Garcia,أحمد جارسيا,Male,2015-10-09,Egypt,Passport,,,KK4861370,Muslim,Cairo,AMERICAN,Grade 6,A,2024-25,987,New Student,Online Mode,New,2024-09-01,Yes,Junaid Garcia,Sadia Garcia,+966539209971,ahmed.garcia987@parent.com,"275 Al-Nuzha Street, Jeddah"
,Riya Gupta,ريا جوبتا,Female,2014-07-03,Indonesia,Iqama,,2831100461,,Non-Muslim,Damascus,AMERICAN,Grade 7,A,2024-25,988,New Student,Seasonal Mode,New,2025-09-01,Yes,Zayn Gupta,Hira Gupta,+966537293721,riya.gupta988@parent.com,"208 Al-Nuzha Street, Jeddah"
,Aliya Ibrahim,عالية إبراهيم,Female,2013-03-10,Pakistan,Iqama,,2040117007,,Muslim,New York,AMERICAN,Grade 8,A,2024-25,989,Transfer,Seasonal Mode,Transfer,2022-09-01,Yes,Rohan Ibrahim,Emma Ibrahim,+966597199268,aliya.ibrahim989@parent.com,"130 Al-Nuzha Street, Jeddah"
,Adam Sheikh,آدم شيخ,Male,2012-11-08,Bangladesh,Passport,,,NM1138185,Muslim,Mumbai,AMERICAN,Grade 9,A,2024-25,990,Regular (Continuing),Online Mode,Regular,2024-09-01,Yes,Michael Sheikh,Zoe Sheikh,+966504813368,adam.sheikh990@parent.com,"135 Al-Nuzha Street, Jeddah"
,Daniel Ibrahim,دانيال إبراهيم,Male,2011-01-28,Syria,Iqama,,2687368934,,Muslim,Dhaka,AMERICAN,Grade 10,A,2024-25,991,Regular (Continuing),Seasonal Mode,Regular,2025-09-01,Yes,John Ibrahim,Mariam Ibrahim,+966563608808,daniel.ibrahim991@parent.com,"53 Al-Nuzha Street, Jeddah"
,Asma Al-Tamimi,أسماء التميمي,Female,2010-03-08,Saudi Arabia,National ID,1570758967,,,Muslim,Mecca,AMERICAN,Grade 11,A,2024-25,992,New Student,Seasonal Mode,New,2022-09-01,Yes,Nawaf Al-Tamimi,Maha Al-Tamimi,+966505765100,asma.altamimi992@parent.com,"282 Al-Nuzha Street, Jeddah"
,Vihaan Wang,فيهان وانج,Male,2009-01-25,United Kingdom,Passport,,,FL4187412,Muslim,Damascus,AMERICAN,Grade 12,A,2024-25,993,Transfer,Regular Mode,Transfer,2025-09-01,Yes,Kabir Wang,Anika Wang,+966510619244,vihaan.wang993@parent.com,"245 Al-Nuzha Street, Jeddah"
,Ali Al-Saud,علي آل سعود,Male,2020-12-07,Saudi Arabia,National ID,1475685268,,,Non-Muslim,Mecca,AMERICAN,KG1,A,2024-25,994,Regular (Continuing),Regular Mode,Regular,2022-09-01,Yes,Salman Al-Saud,Noura Al-Saud,+966572858430,ali.alsaud994@parent.com,"238 Al-Nuzha Street, Jeddah"
,Nour Brown,نور براون,Female,2019-10-03,Bangladesh,Passport,,,LM1480144,Muslim,Dhaka,AMERICAN,KG2,A,2024-25,995,New Student,Seasonal Mode,New,2025-09-01,Yes,Ahmed Brown,Nayla Brown,+966577598976,nour.brown995@parent.com,"214 Al-Nuzha Street, Jeddah"
,Shaden Al-Zahrani,شادن الزهراني,Female,2020-01-13,Saudi Arabia,National ID,1851306349,,,Non-Muslim,Jeddah,AMERICAN,Grade 1,A,2024-25,996,Transfer,Online Mode,Transfer,2022-09-01,Yes,Fahad Al-Zahrani,Joud Al-Zahrani,+966534061253,shaden.alzahrani996@parent.com,"234 Al-Nuzha Street, Jeddah"
,Saud Al-Shehri,سعود الشهري,Male,2019-10-02,Saudi Arabia,National ID,1853647522,,,Muslim,Khobar,AMERICAN,Grade 2,A,2024-25,997,New Student,Online Mode,New,2022-09-01,Yes,Majed Al-Shehri,Jana Al-Shehri,+966583689186,saud.alshehri997@parent.com,"20 Al-Nuzha Street, Jeddah"
,Imran Malik,عمران مالك,Male,2018-09-02,Sudan,Passport,,,MJ7242112,Non-Muslim,Jakarta,AMERICAN,Grade 3,A,2024-25,998,New Student,Regular Mode,New,2025-09-01,Yes,Ismail Malik,Anika Malik,+966569708611,imran.malik998@parent.com,"74 Al-Nuzha Street, Jeddah"
,Aisha Habib,عائشة حبيب,Female,2017-06-20,Bangladesh,Passport,,,LL1159231,Muslim,Sanaa,AMERICAN,Grade 4,A,2024-25,999,Regular (Continuing),Regular Mode,Regular,2024-09-01,Yes,James Habib,Anaya Habib,+966543988606,aisha.habib999@parent.com,"70 Al-Nuzha Street, Jeddah"
,Fahad Al-Rashid,فهد الراشد,Male,2016-02-02,Saudi Arabia,National ID,1585920711,,,Muslim,Madinah,AMERICAN,Grade 5,A,2024-25,1000,New Student,Regular Mode,New,2024-09-01,Yes,Saud Al-Rashid,Latifa Al-Rashid,+966583952804,fahad.alrashid1000@parent.com,"276 Al-Nuzha Street, Jeddah"
,Nayla Patel,نايلة باتل,Female,2019-09-13,Egypt,Passport,,,KK6715638,Muslim,Jakarta,BRITISH,KG2,A,2024-25,001,Regular (Continuing),Online Mode,Regular,2024-09-01,Yes,David Patel,Sofia Patel,+966541156978,nayla.patel1@parent.com,"218 Al-Nuzha Street, Jeddah"
,Tariq Kumar,طارق كومار,Male,2020-09-02,Pakistan,Iqama,,2209206766,,Muslim,Damascus,BRITISH,Grade 1,A,2024-25,002,New Student,Seasonal Mode,New,2023-09-01,Yes,James Kumar,Mehek Kumar,+966554544322,tariq.kumar2@parent.com,"104 Al-Nuzha Street, Jeddah"
,Yusuf Wang,يوسف وانج,Male,2019-10-22,Indonesia,Iqama,,2082583667,,Muslim,Dhaka,BRITISH,Grade 2,A,2024-25,003,New Student,Online Mode,New,2024-09-01,Yes,David Wang,Saanvi Wang,+966592123539,yusuf.wang3@parent.com,"290 Al-Nuzha Street, Jeddah"
,Sultan Al-Zahrani,سلطان الزهراني,Male,2018-02-05,Saudi Arabia,National ID,1396931370,,,Muslim,Buraidah,BRITISH,Grade 3,A,2024-25,004,Transfer,Online Mode,Transfer,2022-09-01,Yes,Anas Al-Zahrani,Latifa Al-Zahrani,+966549129161,sultan.alzahrani4@parent.com,"25 Al-Nuzha Street, Jeddah"
,Saanvi Mahmood,سانفي محمود,Female,2017-07-27,Syria,Passport,,,BC9965298,Muslim,Cairo,BRITISH,Grade 4,A,2024-25,005,Regular (Continuing),Seasonal Mode,Regular,2025-09-01,Yes,Yusuf Mahmood,Emma Mahmood,+966537489669,saanvi.mahmood5@parent.com,"23 Al-Nuzha Street, Jeddah"
,Bandar Al-Harbi,بندر الحربي,Male,2016-04-05,Saudi Arabia,National ID,1266092831,,,Muslim,Riyadh,BRITISH,Grade 5,A,2024-25,006,Transfer,Seasonal Mode,Transfer,2025-09-01,Yes,Sultan Al-Harbi,Norah Al-Harbi,+966557913944,bandar.alharbi6@parent.com,"155 Al-Nuzha Street, Jeddah"
,Aryan Gupta,آريان جوبتا,Male,2015-08-07,Sudan,Iqama,,2640734708,,Muslim,Mumbai,BRITISH,Grade 6,A,2024-25,007,Transfer,Regular Mode,Transfer,2023-09-01,Yes,Ayaan Gupta,Mehek Gupta,+966555444005,aryan.gupta7@parent.com,"70 Al-Nuzha Street, Jeddah"
,Riya Ibrahim,ريا إبراهيم,Female,2014-06-08,Bangladesh,Iqama,,2514326358,,Muslim,Dhaka,BRITISH,Grade 7,A,2024-25,008,Regular (Continuing),Seasonal Mode,Regular,2023-09-01,Yes,Faris Ibrahim,Diya Ibrahim,+966567159834,riya.ibrahim8@parent.com,"97 Al-Nuzha Street, Jeddah"
,Yousef Al-Otaibi,يوسف العتيبي,Male,2013-10-13,Saudi Arabia,National ID,1763331393,,,Muslim,Buraidah,BRITISH,Grade 8,A,2024-25,009,Regular (Continuing),Seasonal Mode,Regular,2024-09-01,Yes,Majed Al-Otaibi,Asma Al-Otaibi,+966568097498,yousef.alotaibi9@parent.com,"138 Al-Nuzha Street, Jeddah"
,Vihaan Gupta,فيهان جوبتا,Male,2012-10-05,Indonesia,Iqama,,2786214997,,Muslim,London,BRITISH,Grade 9,A,2024-25,010,New Student,Seasonal Mode,New,2023-09-01,Yes,Zain Gupta,Riya Gupta,+966510243724,vihaan.gupta10@parent.com,"16 Al-Nuzha Street, Jeddah"
,Salma Al-Sabah,سلمى الصباح,Female,2011-10-22,Saudi Arabia,National ID,1039196431,,,Non-Muslim,Tabuk,BRITISH,Grade 10,A,2024-25,011,Regular (Continuing),Seasonal Mode,Regular,2023-09-01,Yes,Saif Al-Sabah,Aisha Al-Sabah,+966548841371,salma.alsabah11@parent.com,"219 Al-Nuzha Street, Jeddah"
,Hassan Al-Zahrani,حسن الزهراني,Male,2010-05-24,Saudi Arabia,National ID,1844774240,,,Muslim,Abha,BRITISH,Grade 11,A,2024-25,012,Regular (Continuing),Online Mode,Regular,2024-09-01,Yes,Saif Al-Zahrani,Jana Al-Zahrani,+966578036181,hassan.alzahrani12@parent.com,"280 Al-Nuzha Street, Jeddah"
,Bader Al-Harbi,بدر الحربي,Male,2009-08-21,Saudi Arabia,National ID,1378204000,,,Muslim,Khobar,BRITISH,Grade 12,A,2024-25,013,New Student,Online Mode,New,2023-09-01,Yes,Saud Al-Harbi,Reem Al-Harbi,+966539909534,bader.alharbi13@parent.com,"72 Al-Nuzha Street, Jeddah"
,David Garcia,ديفيد جارسيا,Male,2020-07-05,Sudan,Passport,,,HK4405178,Muslim,Damascus,BRITISH,KG1,A,2024-25,014,Regular (Continuing),Seasonal Mode,Regular,2022-09-01,Yes,Zayn Garcia,Priya Garcia,+966568461827,david.garcia14@parent.com,"72 Al-Nuzha Street, Jeddah"
,Hanan Al-Rashid,حنان الراشد,Female,2019-05-15,Saudi Arabia,National ID,1898688964,,,Muslim,Mecca,BRITISH,KG2,A,2024-25,015,Regular (Continuing),Regular Mode,Regular,2025-09-01,Yes,Salman Al-Rashid,Layla Al-Rashid,+966572354272,hanan.alrashid15@parent.com,"133 Al-Nuzha Street, Jeddah"
,Lujain Al-Yamani,لجين اليماني,Female,2020-05-03,Saudi Arabia,National ID,1206114672,,,Muslim,Tabuk,BRITISH,Grade 1,A,2024-25,016,Regular (Continuing),Online Mode,Regular,2023-09-01,Yes,Hassan Al-Yamani,Ghada Al-Yamani,+966530257264,lujain.alyamani16@parent.com,"284 Al-Nuzha Street, Jeddah"
,Ibrahim Al-Anazi,إبراهيم العنزي,Male,2019-01-27,Saudi Arabia,National ID,1757933557,,,Muslim,Riyadh,BRITISH,Grade 2,A,2024-25,017,Regular (Continuing),Regular Mode,Regular,2022-09-01,Yes,Fahad Al-Anazi,Mariam Al-Anazi,+966506273067,ibrahim.alanazi17@parent.com,"67 Al-Nuzha Street, Jeddah"
,Tala Al-Hussein,تالا الحسين,Female,2018-03-07,Saudi Arabia,National ID,1839885471,,,Muslim,Tabuk,BRITISH,Grade 3,A,2024-25,018,New Student,Seasonal Mode,New,2024-09-01,Yes,Salman Al-Hussein,Maha Al-Hussein,+966584724418,tala.alhussein18@parent.com,"291 Al-Nuzha Street, Jeddah"
,Majed Al-Sudais,ماجد السديس,Male,2017-09-05,Saudi Arabia,National ID,1345987003,,,Muslim,Tabuk,BRITISH,Grade 4,A,2024-25,019,New Student,Seasonal Mode,New,2023-09-01,Yes,Waleed Al-Sudais,Aisha Al-Sudais,+966541270830,majed.alsudais19@parent.com,"24 Al-Nuzha Street, Jeddah"
,James Mansoor,جيمس منصور,Male,2016-06-24,Syria,Iqama,,2000903190,,Muslim,Karachi,BRITISH,Grade 5,A,2024-25,020,Transfer,Online Mode,Transfer,2023-09-01,Yes,Yusuf Mansoor,Priya Mansoor,+966585298430,james.mansoor20@parent.com,"243 Al-Nuzha Street, Jeddah"
,Norah Al-Fayez,نورة الفايز,Female,2015-12-01,Saudi Arabia,National ID,1500937988,,,Muslim,Madinah,BRITISH,Grade 6,A,2024-25,021,New Student,Regular Mode,New,2025-09-01,Yes,Nawaf Al-Fayez,Fatima Al-Fayez,+966504752789,norah.alfayez21@parent.com,"238 Al-Nuzha Street, Jeddah"
,Lujain Al-Rashid,لجين الراشد,Female,2014-05-17,Saudi Arabia,National ID,1390194662,,,Muslim,Jeddah,BRITISH,Grade 7,A,2024-25,022,Transfer,Online Mode,Transfer,2024-09-01,Yes,Abdullah Al-Rashid,Layla Al-Rashid,+966505975377,lujain.alrashid22@parent.com,"133 Al-Nuzha Street, Jeddah"
,Dalal Al-Hashemi,دلال الهاشمي,Female,2013-06-03,Saudi Arabia,National ID,1268715181,,,Muslim,Madinah,BRITISH,Grade 8,A,2024-25,023,New Student,Regular Mode,New,2023-09-01,Yes,Khalid Al-Hashemi,Lujain Al-Hashemi,+966513141388,dalal.alhashemi23@parent.com,"218 Al-Nuzha Street, Jeddah"
,Ayaan Sharma,أيان شارما,Male,2012-04-24,United Kingdom,Passport,,,AD8480462,Muslim,New York,BRITISH,Grade 9,A,2024-25,024,New Student,Seasonal Mode,New,2023-09-01,Yes,Aryan Sharma,Fatima Sharma,+966586849185,ayaan.sharma24@parent.com,"239 Al-Nuzha Street, Jeddah"
,David Ibrahim,ديفيد إبراهيم,Male,2011-10-04,Bangladesh,Passport,,,EL3668327,Muslim,Sanaa,BRITISH,Grade 10,A,2024-25,025,New Student,Regular Mode,New,2024-09-01,Yes,John Ibrahim,Diya Ibrahim,+966592990126,david.ibrahim25@parent.com,"2 Al-Nuzha Street, Jeddah"
,Talal Al-Anazi,طلال العنزي,Male,2010-10-21,Saudi Arabia,National ID,1529995748,,,Non-Muslim,Tabuk,BRITISH,Grade 11,A,2024-25,026,New Student,Regular Mode,New,2022-09-01,Yes,Hatim Al-Anazi,Jana Al-Anazi,+966583455248,talal.alanazi26@parent.com,"14 Al-Nuzha Street, Jeddah"
,Maha Al-Rashid,مها الراشد,Female,2009-05-14,Saudi Arabia,National ID,1103502146,,,Muslim,Buraidah,BRITISH,Grade 12,A,2024-25,027,Regular (Continuing),Regular Mode,Regular,2022-09-01,Yes,Yousef Al-Rashid,Aisha Al-Rashid,+966527504446,maha.alrashid27@parent.com,"104 Al-Nuzha Street, Jeddah"
,Turki Al-Sudais,تركي السديس,Male,2020-10-17,Saudi Arabia,National ID,1272243925,,,Non-Muslim,Mecca,BRITISH,KG1,A,2024-25,028,Regular (Continuing),Online Mode,Regular,2025-09-01,Yes,Hamad Al-Sudais,Maha Al-Sudais,+966511604847,turki.alsudais28@parent.com,"94 Al-Nuzha Street, Jeddah"
,Shaden Al-Sabah,شادن الصباح,Female,2019-11-14,Saudi Arabia,National ID,1139271890,,,Muslim,Buraidah,BRITISH,KG2,A,2024-25,029,Transfer,Online Mode,Transfer,2025-09-01,Yes,Faisal Al-Sabah,Reem Al-Sabah,+966539032294,shaden.alsabah29@parent.com,"157 Al-Nuzha Street, Jeddah"
,Maya Rahman,مايا رحمن,Female,2020-04-04,United States,Iqama,,2127016145,,Muslim,Dhaka,BRITISH,Grade 1,A,2024-25,030,Transfer,Seasonal Mode,Transfer,2024-09-01,Yes,James Rahman,Fatima Rahman,+966531747935,maya.rahman30@parent.com,"45 Al-Nuzha Street, Jeddah"
,Olivia Garcia,أوليفيا جارسيا,Female,2019-06-21,Pakistan,Passport,,,KK1318686,Muslim,Sanaa,BRITISH,Grade 2,A,2024-25,031,Regular (Continuing),Regular Mode,Regular,2023-09-01,Yes,Yusuf Garcia,Nayla Garcia,+966515763524,olivia.garcia31@parent.com,"196 Al-Nuzha Street, Jeddah"
,Reema Al-Shehri,ريما الشهري,Female,2018-02-26,Saudi Arabia,National ID,1508920605,,,Muslim,Madinah,BRITISH,Grade 3,A,2024-25,032,Regular (Continuing),Online Mode,Regular,2024-09-01,Yes,Turki Al-Shehri,Manal Al-Shehri,+966500014056,reema.alshehri32@parent.com,"204 Al-Nuzha Street, Jeddah"
,Sana Malik,سناء مالك,Female,2017-01-11,Sudan,Passport,,,NA6960708,Muslim,Jakarta,BRITISH,Grade 4,A,2024-25,033,Regular (Continuing),Seasonal Mode,Regular,2024-09-01,Yes,Zain Malik,Priya Malik,+966525645227,sana.malik33@parent.com,"292 Al-Nuzha Street, Jeddah"
,Maya Saleh,مايا صالح,Female,2016-04-24,Bangladesh,Iqama,,2295897605,,Muslim,Jakarta,BRITISH,Grade 5,A,2024-25,034,New Student,Seasonal Mode,New,2023-09-01,Yes,Ahmed Saleh,Anvi Saleh,+966543644310,maya.saleh34@parent.com,"195 Al-Nuzha Street, Jeddah"
,Jana Al-Dosari,جنى الدوسري,Female,2015-08-19,Saudi Arabia,National ID,1767132448,,,Muslim,Madinah,BRITISH,Grade 6,A,2024-25,035,New Student,Online Mode,New,2023-09-01,Yes,Adel Al-Dosari,Layla Al-Dosari,+966515244879,jana.aldosari35@parent.com,"220 Al-Nuzha Street, Jeddah"
,Aisha Al-Ghamdi,عائشة الغامدي,Female,2014-09-13,Saudi Arabia,National ID,1455740029,,,Non-Muslim,Mecca,BRITISH,Grade 7,A,2024-25,036,Transfer,Online Mode,Transfer,2023-09-01,Yes,Ziyad Al-Ghamdi,Jana Al-Ghamdi,+966506105450,aisha.alghamdi36@parent.com,"80 Al-Nuzha Street, Jeddah"
,Sultan Al-Hashemi,سلطان الهاشمي,Male,2013-12-15,Saudi Arabia,National ID,1672662174,,,Muslim,Tabuk,BRITISH,Grade 8,A,2024-25,037,New Student,Online Mode,New,2023-09-01,Yes,Salman Al-Hashemi,Wafa Al-Hashemi,+966506428120,sultan.alhashemi37@parent.com,"49 Al-Nuzha Street, Jeddah"
,Waleed Al-Hussein,وليد الحسين,Male,2012-10-14,Saudi Arabia,National ID,1415153693,,,Non-Muslim,Mecca,BRITISH,Grade 9,A,2024-25,038,Regular (Continuing),Seasonal Mode,Regular,2022-09-01,Yes,Majed Al-Hussein,Sara Al-Hussein,+966526555427,waleed.alhussein38@parent.com,"21 Al-Nuzha Street, Jeddah"
,Yousef Al-Sulami,يوسف السلمي,Male,2011-04-05,Saudi Arabia,National ID,1666242949,,,Muslim,Dammam,BRITISH,Grade 10,A,2024-25,039,Regular (Continuing),Regular Mode,Regular,2022-09-01,Yes,Adel Al-Sulami,Dalal Al-Sulami,+966570225700,yousef.alsulami39@parent.com,"289 Al-Nuzha Street, Jeddah"
,Hatim Al-Harbi,حاتم الحربي,Male,2010-08-09,Saudi Arabia,National ID,1579366133,,,Muslim,Jeddah,BRITISH,Grade 11,A,2024-25,040,Regular (Continuing),Online Mode,Regular,2022-09-01,Yes,Naif Al-Harbi,Mariam Al-Harbi,+966561994991,hatim.alharbi40@parent.com,"23 Al-Nuzha Street, Jeddah"
,Mariam Al-Rashid,مريم الراشد,Female,2009-12-23,Saudi Arabia,National ID,1282657629,,,Muslim,Mecca,BRITISH,Grade 12,A,2024-25,041,New Student,Seasonal Mode,New,2023-09-01,Yes,Bader Al-Rashid,Sara Al-Rashid,+966580895477,mariam.alrashid41@parent.com,"209 Al-Nuzha Street, Jeddah"
,Saanvi Ahmed,سانفي أحمد,Female,2020-07-20,Bangladesh,Iqama,,2737122557,,Non-Muslim,Karachi,BRITISH,KG1,A,2024-25,042,Regular (Continuing),Regular Mode,Regular,2025-09-01,Yes,Bilal Ahmed,Sofia Ahmed,+966510385298,saanvi.ahmed42@parent.com,"231 Al-Nuzha Street, Jeddah"
,Turki Al-Ghamdi,تركي الغامدي,Male,2019-09-25,Saudi Arabia,National ID,1361159372,,,Non-Muslim,Mecca,BRITISH,KG2,A,2024-25,043,New Student,Online Mode,New,2022-09-01,Yes,Fahad Al-Ghamdi,Layla Al-Ghamdi,+966549902963,turki.alghamdi43@parent.com,"107 Al-Nuzha Street, Jeddah"
,Nawaf Al-Ghamdi,نواف الغامدي,Male,2020-04-28,Saudi Arabia,National ID,1586694188,,,Muslim,Madinah,BRITISH,Grade 1,A,2024-25,044,New Student,Regular Mode,New,2022-09-01,Yes,Bandar Al-Ghamdi,Reem Al-Ghamdi,+966551518597,nawaf.alghamdi44@parent.com,"250 Al-Nuzha Street, Jeddah"
,Junaid Kim,جنيد كيم,Male,2019-09-22,Bangladesh,Iqama,,2940567331,,Muslim,Karachi,BRITISH,Grade 2,A,2024-25,045,New Student,Regular Mode,New,2023-09-01,Yes,Talha Kim,Anaya Kim,+966597520734,junaid.kim45@parent.com,"4 Al-Nuzha Street, Jeddah"
,David Sharma,ديفيد شارما,Male,2018-01-10,United States,Iqama,,2658042683,,Muslim,Sanaa,BRITISH,Grade 3,A,2024-25,046,New Student,Regular Mode,New,2023-09-01,Yes,Junaid Sharma,Layla Sharma,+966526278803,david.sharma46@parent.com,"81 Al-Nuzha Street, Jeddah"
,Raed Al-Rashid,رائد الراشد,Male,2017-03-19,Saudi Arabia,National ID,1424195434,,,Muslim,Dammam,BRITISH,Grade 4,A,2024-25,047,New Student,Regular Mode,New,2025-09-01,Yes,Khalid Al-Rashid,Hessa Al-Rashid,+966519825231,raed.alrashid47@parent.com,"86 Al-Nuzha Street, Jeddah"
,Joud Al-Shehri,جود الشهري,Female,2016-08-19,Saudi Arabia,National ID,1061279664,,,Non-Muslim,Mecca,BRITISH,Grade 5,A,2024-25,048,Regular (Continuing),Seasonal Mode,Regular,2023-09-01,Yes,Ziyad Al-Shehri,Layla Al-Shehri,+966513455501,joud.alshehri48@parent.com,"148 Al-Nuzha Street, Jeddah"
,Dalal Al-Harbi,دلال الحربي,Female,2015-01-14,Saudi Arabia,National ID,1711102669,,,Non-Muslim,Abha,BRITISH,Grade 6,A,2024-25,049,New Student,Seasonal Mode,New,2025-09-01,Yes,Mohammed Al-Harbi,Ghada Al-Harbi,+966595300552,dalal.alharbi49@parent.com,"102 Al-Nuzha Street, Jeddah"
,Olivia Gupta,أوليفيا جوبتا,Female,2014-11-11,India,Iqama,,2412685483,,Muslim,New York,BRITISH,Grade 7,A,2024-25,050,New Student,Regular Mode,New,2022-09-01,Yes,Aryan Gupta,Nour Gupta,+966562968254,olivia.gupta50@parent.com,"133 Al-Nuzha Street, Jeddah"
,Vihaan Ali,فيهان علي,Male,2013-05-28,Pakistan,Iqama,,2326793197,,Non-Muslim,Karachi,BRITISH,Grade 8,A,2024-25,051,Transfer,Regular Mode,Transfer,2023-09-01,Yes,Kabir Ali,Anvi Ali,+966509401890,vihaan.ali51@parent.com,"76 Al-Nuzha Street, Jeddah"
,Reem Al-Hussein,ريم الحسين,Female,2012-11-09,Saudi Arabia,National ID,1330848631,,,Muslim,Jeddah,BRITISH,Grade 9,A,2024-25,052,Transfer,Seasonal Mode,Transfer,2025-09-01,Yes,Bandar Al-Hussein,Sara Al-Hussein,+966504366942,reem.alhussein52@parent.com,"299 Al-Nuzha Street, Jeddah"
,Vihaan Khan,فيهان خان,Male,2011-07-19,United Kingdom,Iqama,,2158331043,,Muslim,London,BRITISH,Grade 10,A,2024-25,053,Regular (Continuing),Seasonal Mode,Regular,2023-09-01,Yes,Michael Khan,Fatima Khan,+966530252608,vihaan.khan53@parent.com,"100 Al-Nuzha Street, Jeddah"
,Ayaan Habib,أيان حبيب,Male,2010-01-16,Philippines,Iqama,,2094701020,,Muslim,Khartoum,BRITISH,Grade 11,A,2024-25,054,Regular (Continuing),Online Mode,Regular,2025-09-01,Yes,Junaid Habib,Mariam Habib,+966570988682,ayaan.habib54@parent.com,"197 Al-Nuzha Street, Jeddah"
,Nawaf Al-Rashid,نواف الراشد,Male,2009-12-20,Saudi Arabia,National ID,1110947100,,,Muslim,Riyadh,BRITISH,Grade 12,A,2024-25,055,Regular (Continuing),Online Mode,Regular,2022-09-01,Yes,Mohammed Al-Rashid,Hessa Al-Rashid,+966540892993,nawaf.alrashid55@parent.com,"83 Al-Nuzha Street, Jeddah"
,Mariam Mahmood,مريم محمود,Female,2020-10-16,Pakistan,Passport,,,GG1988637,Muslim,Manila,BRITISH,KG1,A,2024-25,056,Regular (Continuing),Regular Mode,Regular,2025-09-01,Yes,Michael Mahmood,Priya Mahmood,+966588031005,mariam.mahmood56@parent.com,"293 Al-Nuzha Street, Jeddah"
,Vihaan Ibrahim,فيهان إبراهيم,Male,2019-05-01,Indonesia,Iqama,,2628655729,,Non-Muslim,Cairo,BRITISH,KG2,A,2024-25,057,Transfer,Seasonal Mode,Transfer,2025-09-01,Yes,Kabir Ibrahim,Sana Ibrahim,+966566888403,vihaan.ibrahim57@parent.com,"61 Al-Nuzha Street, Jeddah"
,Amal Al-Rashid,أمل الراشد,Female,2020-02-19,Saudi Arabia,National ID,1632701333,,,Muslim,Madinah,BRITISH,Grade 1,A,2024-25,058,Regular (Continuing),Regular Mode,Regular,2022-09-01,Yes,Turki Al-Rashid,Jana Al-Rashid,+966534562250,amal.alrashid58@parent.com,"202 Al-Nuzha Street, Jeddah"
,Yazeed Al-Mutairi,يزيد المطيري,Male,2019-11-22,Saudi Arabia,National ID,1003679576,,,Muslim,Jeddah,BRITISH,Grade 2,A,2024-25,059,Regular (Continuing),Seasonal Mode,Regular,2024-09-01,Yes,Faisal Al-Mutairi,Noura Al-Mutairi,+966533314029,yazeed.almutairi59@parent.com,"1 Al-Nuzha Street, Jeddah"
,Junaid Ahmed,جنيد أحمد,Male,2018-06-19,Pakistan,Passport,,,ED7828654,Non-Muslim,Manila,BRITISH,Grade 3,A,2024-25,060,Regular (Continuing),Regular Mode,Regular,2024-09-01,Yes,Zain Ahmed,Zainab Ahmed,+966562405546,junaid.ahmed60@parent.com,"248 Al-Nuzha Street, Jeddah"
,Mustafa Rahman,مصطفى رحمن,Male,2017-11-08,Indonesia,Passport,,,HN2476221,Muslim,New York,BRITISH,Grade 4,A,2024-25,061,Regular (Continuing),Online Mode,Regular,2022-09-01,Yes,Imran Rahman,Zoe Rahman,+966544929669,mustafa.rahman61@parent.com,"141 Al-Nuzha Street, Jeddah"
,Yazeed Al-Sabah,يزيد الصباح,Male,2016-06-14,Saudi Arabia,National ID,1445850957,,,Muslim,Tabuk,BRITISH,Grade 5,A,2024-25,062,Regular (Continuing),Regular Mode,Regular,2023-09-01,Yes,Naif Al-Sabah,Mariam Al-Sabah,+966512569715,yazeed.alsabah62@parent.com,"217 Al-Nuzha Street, Jeddah"
,Mariam Al-Qahtani,مريم القحطاني,Female,2015-04-24,Saudi Arabia,National ID,1225068194,,,Muslim,Madinah,BRITISH,Grade 6,A,2024-25,063,Regular (Continuing),Regular Mode,Regular,2025-09-01,Yes,Sultan Al-Qahtani,Layla Al-Qahtani,+966530433995,mariam.alqahtani63@parent.com,"106 Al-Nuzha Street, Jeddah"
,Ismail Hussain,إسماعيل حسين,Male,2014-10-13,Syria,Iqama,,2676018277,,Muslim,Sanaa,BRITISH,Grade 7,A,2024-25,064,Regular (Continuing),Seasonal Mode,Regular,2023-09-01,Yes,Faris Hussain,Layla Hussain,+966541651540,ismail.hussain64@parent.com,"8 Al-Nuzha Street, Jeddah"
,Hamza Saleh,حمزة صالح,Male,2013-10-24,Egypt,Iqama,,2813877292,,Muslim,Jakarta,BRITISH,Grade 8,A,2024-25,065,Transfer,Online Mode,Transfer,2022-09-01,Yes,Zayn Saleh,Anika Saleh,+966507183592,hamza.saleh65@parent.com,"244 Al-Nuzha Street, Jeddah"
,Fahad Al-Mutairi,فهد المطيري,Male,2012-03-28,Saudi Arabia,National ID,1055375060,,,Muslim,Mecca,BRITISH,Grade 9,A,2024-25,066,Transfer,Regular Mode,Transfer,2024-09-01,Yes,Saif Al-Mutairi,Amal Al-Mutairi,+966513082039,fahad.almutairi66@parent.com,"293 Al-Nuzha Street, Jeddah"
,Turki Al-Sabah,تركي الصباح,Male,2011-11-02,Saudi Arabia,National ID,1024467746,,,Non-Muslim,Jeddah,BRITISH,Grade 10,A,2024-25,067,Regular (Continuing),Regular Mode,Regular,2025-09-01,Yes,Khalid Al-Sabah,Hessa Al-Sabah,+966590707599,turki.alsabah67@parent.com,"166 Al-Nuzha Street, Jeddah"
,Tariq Wang,طارق وانج,Male,2010-12-23,Bangladesh,Iqama,,2450505905,,Muslim,Manila,BRITISH,Grade 11,A,2024-25,068,Regular (Continuing),Online Mode,Regular,2025-09-01,Yes,Hamza Wang,Zoe Wang,+966599511505,tariq.wang68@parent.com,"34 Al-Nuzha Street, Jeddah"
,David Sharma,ديفيد شارما,Male,2009-08-05,Egypt,Iqama,,2283597483,,Muslim,New York,BRITISH,Grade 12,A,2024-25,069,Regular (Continuing),Online Mode,Regular,2022-09-01,Yes,James Sharma,Sophia Sharma,+966565233551,david.sharma69@parent.com,"270 Al-Nuzha Street, Jeddah"
,Fahad Al-Sabah,فهد الصباح,Male,2020-01-24,Saudi Arabia,National ID,1592629348,,,Muslim,Abha,BRITISH,KG1,A,2024-25,070,Regular (Continuing),Online Mode,Regular,2024-09-01,Yes,Nawaf Al-Sabah,Hanan Al-Sabah,+966537714627,fahad.alsabah70@parent.com,"126 Al-Nuzha Street, Jeddah"
,Hatim Al-Dosari,حاتم الدوسري,Male,2019-05-15,Saudi Arabia,National ID,1999122602,,,Muslim,Khobar,BRITISH,KG2,A,2024-25,071,Transfer,Seasonal Mode,Transfer,2023-09-01,Yes,Yousef Al-Dosari,Dalal Al-Dosari,+966581417774,hatim.aldosari71@parent.com,"184 Al-Nuzha Street, Jeddah"
,Ismail Rahman,إسماعيل رحمن,Male,2020-09-05,India,Passport,,,CF2312304,Muslim,Jakarta,BRITISH,Grade 1,A,2024-25,072,Regular (Continuing),Online Mode,Regular,2023-09-01,Yes,Mustafa Rahman,Nayla Rahman,+966571118546,ismail.rahman72@parent.com,"288 Al-Nuzha Street, Jeddah"
,Anika Mahmood,أنيكة محمود,Female,2019-05-10,Syria,Iqama,,2531011400,,Non-Muslim,New York,BRITISH,Grade 2,A,2024-25,073,Regular (Continuing),Seasonal Mode,Regular,2025-09-01,Yes,Daniel Mahmood,Zoe Mahmood,+966555274818,anika.mahmood73@parent.com,"285 Al-Nuzha Street, Jeddah"
,Bilal Rahman,بلال رحمن,Male,2018-09-14,Syria,Iqama,,2084567279,,Muslim,Mumbai,BRITISH,Grade 3,A,2024-25,074,Regular (Continuing),Online Mode,Regular,2024-09-01,Yes,David Rahman,Aliya Rahman,+966577572072,bilal.rahman74@parent.com,"181 Al-Nuzha Street, Jeddah"
,David Singh,ديفيد سينغ,Male,2017-04-05,Sudan,Iqama,,2936569345,,Non-Muslim,Manila,BRITISH,Grade 4,A,2024-25,075,Transfer,Seasonal Mode,Transfer,2022-09-01,Yes,Hamza Singh,Anvi Singh,+966549575150,david.singh75@parent.com,"138 Al-Nuzha Street, Jeddah"
,Hessa Al-Sudais,حصة السديس,Female,2016-07-26,Saudi Arabia,National ID,1809721325,,,Muslim,Riyadh,BRITISH,Grade 5,A,2024-25,076,Regular (Continuing),Regular Mode,Regular,2025-09-01,Yes,Talal Al-Sudais,Jana Al-Sudais,+966590415869,hessa.alsudais76@parent.com,"236 Al-Nuzha Street, Jeddah"
,Reem Al-Otaibi,ريم العتيبي,Female,2015-04-26,Saudi Arabia,National ID,1785210962,,,Muslim,Madinah,BRITISH,Grade 6,A,2024-25,077,Transfer,Seasonal Mode,Transfer,2022-09-01,Yes,Ammar Al-Otaibi,Latifa Al-Otaibi,+966575248826,reem.alotaibi77@parent.com,"222 Al-Nuzha Street, Jeddah"
,Tariq Rahman,طارق رحمن,Male,2014-05-17,Egypt,Iqama,,2263082788,,Muslim,Jakarta,BRITISH,Grade 7,A,2024-25,078,Regular (Continuing),Seasonal Mode,Regular,2025-09-01,Yes,Yusuf Rahman,Aisha Rahman,+966553278852,tariq.rahman78@parent.com,"167 Al-Nuzha Street, Jeddah"
,Hassan Siddiqui,حسن صديقي,Male,2013-01-17,Sudan,Iqama,,2989308128,,Non-Muslim,Amman,BRITISH,Grade 8,A,2024-25,079,Regular (Continuing),Seasonal Mode,Regular,2025-09-01,Yes,Ahmed Siddiqui,Anika Siddiqui,+966593536125,hassan.siddiqui79@parent.com,"237 Al-Nuzha Street, Jeddah"
,Omar Al-Anazi,عمر العنزي,Male,2012-03-19,Saudi Arabia,National ID,1402318612,,,Muslim,Khobar,BRITISH,Grade 9,A,2024-25,080,New Student,Seasonal Mode,New,2025-09-01,Yes,Raed Al-Anazi,Dana Al-Anazi,+966572232659,omar.alanazi80@parent.com,"56 Al-Nuzha Street, Jeddah"
,Mehek Ibrahim,مهك إبراهيم,Female,2011-09-01,Egypt,Passport,,,AG2256326,Muslim,Mumbai,BRITISH,Grade 10,A,2024-25,081,New Student,Online Mode,New,2022-09-01,Yes,Hassan Ibrahim,Saanvi Ibrahim,+966503348222,mehek.ibrahim81@parent.com,"276 Al-Nuzha Street, Jeddah"
,Fahad Al-Qahtani,فهد القحطاني,Male,2010-02-10,Saudi Arabia,National ID,1526304634,,,Muslim,Abha,BRITISH,Grade 11,A,2024-25,082,Regular (Continuing),Regular Mode,Regular,2023-09-01,Yes,Abdullah Al-Qahtani,Hessa Al-Qahtani,+966536783082,fahad.alqahtani82@parent.com,"81 Al-Nuzha Street, Jeddah"
,Norah Al-Sudais,نورة السديس,Female,2009-02-17,Saudi Arabia,National ID,1087196392,,,Muslim,Jeddah,BRITISH,Grade 12,A,2024-25,083,New Student,Regular Mode,New,2023-09-01,Yes,Abdullah Al-Sudais,Aljawhara Al-Sudais,+966506682366,norah.alsudais83@parent.com,"91 Al-Nuzha Street, Jeddah"
,Adel Al-Harbi,عادل الحربي,Male,2020-01-16,Saudi Arabia,National ID,1446224610,,,Muslim,Tabuk,BRITISH,KG1,A,2024-25,084,New Student,Online Mode,New,2025-09-01,Yes,Saif Al-Harbi,Fatima Al-Harbi,+966521257166,adel.alharbi84@parent.com,"58 Al-Nuzha Street, Jeddah"
,Yousef Al-Hashemi,يوسف الهاشمي,Male,2019-05-01,Saudi Arabia,National ID,1862635746,,,Muslim,Riyadh,BRITISH,KG2,A,2024-25,085,Regular (Continuing),Regular Mode,Regular,2023-09-01,Yes,Adel Al-Hashemi,Aljawhara Al-Hashemi,+966559526050,yousef.alhashemi85@parent.com,"191 Al-Nuzha Street, Jeddah"
,Rohan Ali,روهان علي,Male,2020-10-21,Egypt,Iqama,,2366160889,,Muslim,Cairo,BRITISH,Grade 1,A,2024-25,086,Regular (Continuing),Regular Mode,Regular,2024-09-01,Yes,David Ali,Anvi Ali,+966570480692,rohan.ali86@parent.com,"130 Al-Nuzha Street, Jeddah"
,Aliya Smith,عالية سميث,Female,2019-12-25,United Kingdom,Passport,,,HM0777245,Muslim,Amman,BRITISH,Grade 2,A,2024-25,087,Transfer,Seasonal Mode,Transfer,2024-09-01,Yes,David Smith,Saanvi Smith,+966543745507,aliya.smith87@parent.com,"218 Al-Nuzha Street, Jeddah"
,Zayn Khan,زين خان,Male,2018-06-13,Pakistan,Iqama,,2558447648,,Non-Muslim,Karachi,BRITISH,Grade 3,A,2024-25,088,New Student,Online Mode,New,2024-09-01,Yes,Kabir Khan,Zoe Khan,+966545460267,zayn.khan88@parent.com,"6 Al-Nuzha Street, Jeddah"
,Michael Hussain,مايكل حسين,Male,2017-11-09,Syria,Iqama,,2479965464,,Muslim,London,BRITISH,Grade 4,A,2024-25,089,Transfer,Seasonal Mode,Transfer,2024-09-01,Yes,Junaid Hussain,Mariam Hussain,+966539826071,michael.hussain89@parent.com,"300 Al-Nuzha Street, Jeddah"
,Riya Ibrahim,ريا إبراهيم,Female,2016-04-17,Syria,Iqama,,2908887316,,Non-Muslim,Damascus,BRITISH,Grade 5,A,2024-25,090,Regular (Continuing),Regular Mode,Regular,2023-09-01,Yes,Vihaan Ibrahim,Anika Ibrahim,+966540528952,riya.ibrahim90@parent.com,"18 Al-Nuzha Street, Jeddah"
,Reem Al-Fayez,ريم الفايز,Female,2015-08-02,Saudi Arabia,National ID,1494105689,,,Muslim,Riyadh,BRITISH,Grade 6,A,2024-25,091,Regular (Continuing),Regular Mode,Regular,2022-09-01,Yes,Naif Al-Fayez,Lama Al-Fayez,+966506481689,reem.alfayez91@parent.com,"34 Al-Nuzha Street, Jeddah"
,Fatima Hassan,فاطمة حسن,Female,2014-03-09,Sudan,Iqama,,2201836575,,Muslim,Sanaa,BRITISH,Grade 7,A,2024-25,092,Regular (Continuing),Regular Mode,Regular,2023-09-01,Yes,Aryan Hassan,Zoe Hassan,+966576640059,fatima.hassan92@parent.com,"165 Al-Nuzha Street, Jeddah"
,Rohan Brown,روهان براون,Male,2013-03-26,Jordan,Iqama,,2401393444,,Muslim,Mumbai,BRITISH,Grade 8,A,2024-25,093,Regular (Continuing),Seasonal Mode,Regular,2023-09-01,Yes,Faris Brown,Mehek Brown,+966574373962,rohan.brown93@parent.com,"185 Al-Nuzha Street, Jeddah"
,Priya Ibrahim,بريا إبراهيم,Female,2012-09-15,United Kingdom,Iqama,,2791263782,,Non-Muslim,Jakarta,BRITISH,Grade 9,A,2024-25,094,New Student,Seasonal Mode,New,2024-09-01,Yes,Adam Ibrahim,Nayla Ibrahim,+966515364606,priya.ibrahim94@parent.com,"268 Al-Nuzha Street, Jeddah"
,Ayaan Wang,أيان وانج,Male,2011-01-19,Indonesia,Iqama,,2831313576,,Muslim,Sanaa,BRITISH,Grade 10,A,2024-25,095,Transfer,Seasonal Mode,Transfer,2025-09-01,Yes,Vihaan Wang,Aisha Wang,+966534368349,ayaan.wang95@parent.com,"299 Al-Nuzha Street, Jeddah"
,Hanan Al-Hashemi,حنان الهاشمي,Female,2010-12-11,Saudi Arabia,National ID,1802591723,,,Muslim,Madinah,BRITISH,Grade 11,A,2024-25,096,Regular (Continuing),Seasonal Mode,Regular,2022-09-01,Yes,Khalid Al-Hashemi,Hessa Al-Hashemi,+966511620955,hanan.alhashemi96@parent.com,"86 Al-Nuzha Street, Jeddah"
,Jana Al-Mutairi,جنى المطيري,Female,2009-07-02,Saudi Arabia,National ID,1294984822,,,Muslim,Dammam,BRITISH,Grade 12,A,2024-25,097,Regular (Continuing),Seasonal Mode,Regular,2024-09-01,Yes,Hamad Al-Mutairi,Aljawhara Al-Mutairi,+966522860711,jana.almutairi97@parent.com,"276 Al-Nuzha Street, Jeddah"
,Bilal Sheikh,بلال شيخ,Male,2020-10-17,Egypt,Passport,,,NC9815185,Muslim,Karachi,BRITISH,KG1,A,2024-25,098,Regular (Continuing),Regular Mode,Regular,2025-09-01,Yes,David Sheikh,Diya Sheikh,+966544866763,bilal.sheikh98@parent.com,"270 Al-Nuzha Street, Jeddah"
,Diya Mahmood,ديا محمود,Female,2019-09-28,Jordan,Iqama,,2295023547,,Non-Muslim,Manila,BRITISH,KG2,A,2024-25,099,Regular (Continuing),Seasonal Mode,Regular,2022-09-01,Yes,James Mahmood,Zainab Mahmood,+966572124983,diya.mahmood99@parent.com,"245 Al-Nuzha Street, Jeddah"
,Mariam Al-Mutairi,مريم المطيري,Female,2020-09-02,Saudi Arabia,National ID,1499719266,,,Muslim,Dammam,BRITISH,Grade 1,A,2024-25,100,New Student,Seasonal Mode,New,2023-09-01,Yes,Raed Al-Mutairi,Joud Al-Mutairi,+966573550619,mariam.almutairi100@parent.com,"22 Al-Nuzha Street, Jeddah"
,Mariam Al-Zahrani,مريم الزهراني,Female,2019-09-13,Saudi Arabia,National ID,1500926789,,,Muslim,Mecca,BRITISH,Grade 2,A,2024-25,101,Transfer,Online Mode,Transfer,2024-09-01,Yes,Khalid Al-Zahrani,Tala Al-Zahrani,+966596720006,mariam.alzahrani101@parent.com,"296 Al-Nuzha Street, Jeddah"
,Anaya Smith,أنايا سميث,Female,2018-11-20,Philippines,Passport,,,BK3467585,Muslim,Khartoum,BRITISH,Grade 3,A,2024-25,102,Regular (Continuing),Regular Mode,Regular,2023-09-01,Yes,Zain Smith,Anaya Smith,+966523888887,anaya.smith102@parent.com,"78 Al-Nuzha Street, Jeddah"
,Nawaf Al-Fayez,نواف الفايز,Male,2017-07-07,Saudi Arabia,National ID,1603136130,,,Muslim,Mecca,BRITISH,Grade 4,A,2024-25,103,Regular (Continuing),Online Mode,Regular,2022-09-01,Yes,Saud Al-Fayez,Aljawhara Al-Fayez,+966556938153,nawaf.alfayez103@parent.com,"29 Al-Nuzha Street, Jeddah"
,Anas Al-Rashid,أنس الراشد,Male,2016-11-01,Saudi Arabia,National ID,1257083944,,,Non-Muslim,Madinah,BRITISH,Grade 5,A,2024-25,104,New Student,Regular Mode,New,2022-09-01,Yes,Faisal Al-Rashid,Aljawhara Al-Rashid,+966535943613,anas.alrashid104@parent.com,"278 Al-Nuzha Street, Jeddah"
,Manal Al-Harbi,منال الحربي,Female,2015-11-01,Saudi Arabia,National ID,1341448338,,,Muslim,Jeddah,BRITISH,Grade 6,A,2024-25,105,Transfer,Online Mode,Transfer,2023-09-01,Yes,Ali Al-Harbi,Mariam Al-Harbi,+966593082384,manal.alharbi105@parent.com,"199 Al-Nuzha Street, Jeddah"
,Lujain Al-Qahtani,لجين القحطاني,Female,2014-11-24,Saudi Arabia,National ID,1327677686,,,Muslim,Riyadh,BRITISH,Grade 7,A,2024-25,106,Regular (Continuing),Online Mode,Regular,2023-09-01,Yes,Saif Al-Qahtani,Sara Al-Qahtani,+966514803180,lujain.alqahtani106@parent.com,"23 Al-Nuzha Street, Jeddah"
,Mehek Mansoor,مهك منصور,Female,2013-03-22,Jordan,Iqama,,2415992198,,Muslim,Sanaa,BRITISH,Grade 8,A,2024-25,107,Transfer,Seasonal Mode,Transfer,2022-09-01,Yes,Junaid Mansoor,Layla Mansoor,+966564467221,mehek.mansoor107@parent.com,"181 Al-Nuzha Street, Jeddah"
,Anika Wang,أنيكة وانج,Female,2012-09-21,United Kingdom,Iqama,,2094985837,,Muslim,Sanaa,BRITISH,Grade 9,A,2024-25,108,New Student,Regular Mode,New,2022-09-01,Yes,Adam Wang,Mariam Wang,+966543678222,anika.wang108@parent.com,"163 Al-Nuzha Street, Jeddah"
,Faisal Al-Mutairi,فيصل المطيري,Male,2011-04-23,Saudi Arabia,National ID,1429110042,,,Muslim,Khobar,BRITISH,Grade 10,A,2024-25,109,Regular (Continuing),Regular Mode,Regular,2025-09-01,Yes,Omar Al-Mutairi,Reema Al-Mutairi,+966562007120,faisal.almutairi109@parent.com,"130 Al-Nuzha Street, Jeddah"
,Khadija Garcia,خديجة جارسيا,Female,2010-06-09,Pakistan,Passport,,,ML8908592,Muslim,Jakarta,BRITISH,Grade 11,A,2024-25,110,Regular (Continuing),Online Mode,Regular,2023-09-01,Yes,Ismail Garcia,Maya Garcia,+966552267948,khadija.garcia110@parent.com,"243 Al-Nuzha Street, Jeddah"
,Sultan Al-Sulami,سلطان السلمي,Male,2009-01-18,Saudi Arabia,National ID,1208082284,,,Non-Muslim,Riyadh,BRITISH,Grade 12,A,2024-25,111,Regular (Continuing),Seasonal Mode,Regular,2022-09-01,Yes,Nawaf Al-Sulami,Tala Al-Sulami,+966544302231,sultan.alsulami111@parent.com,"24 Al-Nuzha Street, Jeddah"
,Nawaf Al-Yamani,نواف اليماني,Male,2020-01-13,Saudi Arabia,National ID,1702958391,,,Muslim,Abha,BRITISH,KG1,A,2024-25,112,Regular (Continuing),Regular Mode,Regular,2023-09-01,Yes,Majed Al-Yamani,Ghada Al-Yamani,+966591709283,nawaf.alyamani112@parent.com,"256 Al-Nuzha Street, Jeddah"
,Yusuf Malik,يوسف مالك,Male,2019-07-28,Bangladesh,Iqama,,2179971593,,Muslim,Manila,BRITISH,KG2,A,2024-25,113,New Student,Online Mode,New,2023-09-01,Yes,Daniel Malik,Anvi Malik,+966517870092,yusuf.malik113@parent.com,"226 Al-Nuzha Street, Jeddah"
,Saanvi Malik,سانفي مالك,Female,2020-11-22,Yemen,Iqama,,2950270176,,Muslim,Karachi,BRITISH,Grade 1,A,2024-25,114,Regular (Continuing),Seasonal Mode,Regular,2025-09-01,Yes,Daniel Malik,Zoe Malik,+966567018567,saanvi.malik114@parent.com,"162 Al-Nuzha Street, Jeddah"
,Olivia Gupta,أوليفيا جوبتا,Female,2019-09-16,Jordan,Passport,,,LK5262622,Muslim,Cairo,BRITISH,Grade 2,A,2024-25,115,Regular (Continuing),Regular Mode,Regular,2025-09-01,Yes,Kabir Gupta,Hira Gupta,+966505820731,olivia.gupta115@parent.com,"51 Al-Nuzha Street, Jeddah"
,Zoe Smith,زوي سميث,Female,2018-10-12,Bangladesh,Iqama,,2338322500,,Muslim,Khartoum,BRITISH,Grade 3,A,2024-25,116,Regular (Continuing),Seasonal Mode,Regular,2023-09-01,Yes,James Smith,Anika Smith,+966565895754,zoe.smith116@parent.com,"190 Al-Nuzha Street, Jeddah"
,Ibrahim Al-Rashid,إبراهيم الراشد,Male,2017-02-13,Saudi Arabia,National ID,1018212596,,,Non-Muslim,Tabuk,BRITISH,Grade 4,A,2024-25,117,New Student,Regular Mode,New,2024-09-01,Yes,Khalid Al-Rashid,Shaden Al-Rashid,+966543351735,ibrahim.alrashid117@parent.com,"38 Al-Nuzha Street, Jeddah"
,John Patel,جون باتل,Male,2016-11-01,Egypt,Iqama,,2863809948,,Muslim,Mumbai,BRITISH,Grade 5,A,2024-25,118,New Student,Seasonal Mode,New,2025-09-01,Yes,Vihaan Patel,Fatima Patel,+966539843590,john.patel118@parent.com,"291 Al-Nuzha Street, Jeddah"
,Joud Al-Yamani,جود اليماني,Female,2015-09-19,Saudi Arabia,National ID,1012977894,,,Muslim,Buraidah,BRITISH,Grade 6,A,2024-25,119,Regular (Continuing),Online Mode,Regular,2022-09-01,Yes,Saif Al-Yamani,Manal Al-Yamani,+966552875567,joud.alyamani119@parent.com,"287 Al-Nuzha Street, Jeddah"
,Bader Al-Saud,بدر آل سعود,Male,2014-09-20,Saudi Arabia,National ID,1281736916,,,Muslim,Tabuk,BRITISH,Grade 7,A,2024-25,120,New Student,Seasonal Mode,New,2023-09-01,Yes,Anas Al-Saud,Aljawhara Al-Saud,+966546552880,bader.alsaud120@parent.com,"112 Al-Nuzha Street, Jeddah"
,Mariam Ahmed,مريم أحمد,Female,2013-12-18,India,Iqama,,2218545606,,Muslim,Jakarta,BRITISH,Grade 8,A,2024-25,121,Transfer,Seasonal Mode,Transfer,2023-09-01,Yes,Rohan Ahmed,Nayla Ahmed,+966523305020,mariam.ahmed121@parent.com,"23 Al-Nuzha Street, Jeddah"
,Aliya Chen,عالية تشين,Female,2012-08-11,India,Iqama,,2932219182,,Non-Muslim,Jakarta,BRITISH,Grade 9,A,2024-25,122,Regular (Continuing),Regular Mode,Regular,2024-09-01,Yes,Mustafa Chen,Zainab Chen,+966514033255,aliya.chen122@parent.com,"5 Al-Nuzha Street, Jeddah"
,Maha Al-Rashid,مها الراشد,Female,2011-06-10,Saudi Arabia,National ID,1720441650,,,Muslim,Tabuk,BRITISH,Grade 10,A,2024-25,123,Transfer,Online Mode,Transfer,2025-09-01,Yes,Fahad Al-Rashid,Maha Al-Rashid,+966515022447,maha.alrashid123@parent.com,"54 Al-Nuzha Street, Jeddah"
,Ismail Sheikh,إسماعيل شيخ,Male,2010-11-11,Syria,Iqama,,2135189295,,Muslim,New York,BRITISH,Grade 11,A,2024-25,124,Regular (Continuing),Regular Mode,Regular,2023-09-01,Yes,Daniel Sheikh,Mehek Sheikh,+966599572828,ismail.sheikh124@parent.com,"221 Al-Nuzha Street, Jeddah"
,Emma Mansoor,إيما منصور,Female,2009-03-28,Pakistan,Passport,,,BB8429119,Non-Muslim,Sanaa,BRITISH,Grade 12,A,2024-25,125,Transfer,Regular Mode,Transfer,2025-09-01,Yes,John Mansoor,Layla Mansoor,+966521877994,emma.mansoor125@parent.com,"123 Al-Nuzha Street, Jeddah"
,Jana Al-Shehri,جنى الشهري,Female,2020-01-04,Saudi Arabia,National ID,1185427396,,,Non-Muslim,Abha,BRITISH,KG1,A,2024-25,126,New Student,Regular Mode,New,2025-09-01,Yes,Yazeed Al-Shehri,Noura Al-Shehri,+966582504556,jana.alshehri126@parent.com,"40 Al-Nuzha Street, Jeddah"
,Imran Rahman,عمران رحمن,Male,2019-07-05,Indonesia,Iqama,,2116930125,,Muslim,Cairo,BRITISH,KG2,A,2024-25,127,New Student,Seasonal Mode,New,2024-09-01,Yes,Mustafa Rahman,Sadia Rahman,+966512920182,imran.rahman127@parent.com,"111 Al-Nuzha Street, Jeddah"
,Jana Al-Ghamdi,جنى الغامدي,Female,2020-03-08,Saudi Arabia,National ID,1135527155,,,Muslim,Abha,BRITISH,Grade 1,A,2024-25,128,Regular (Continuing),Regular Mode,Regular,2023-09-01,Yes,Nawaf Al-Ghamdi,Aljawhara Al-Ghamdi,+966540363394,jana.alghamdi128@parent.com,"238 Al-Nuzha Street, Jeddah"
,Hessa Al-Saud,حصة آل سعود,Female,2019-08-01,Saudi Arabia,National ID,1245391500,,,Non-Muslim,Khobar,BRITISH,Grade 2,A,2024-25,129,Regular (Continuing),Seasonal Mode,Regular,2023-09-01,Yes,Naif Al-Saud,Shaden Al-Saud,+966563185116,hessa.alsaud129@parent.com,"166 Al-Nuzha Street, Jeddah"
,Aisha Al-Sabah,عائشة الصباح,Female,2018-01-10,Saudi Arabia,National ID,1599373808,,,Muslim,Tabuk,BRITISH,Grade 3,A,2024-25,130,Regular (Continuing),Seasonal Mode,Regular,2023-09-01,Yes,Sultan Al-Sabah,Tala Al-Sabah,+966513197640,aisha.alsabah130@parent.com,"116 Al-Nuzha Street, Jeddah"
,Sofia Sheikh,صوفيا شيخ,Female,2017-12-01,India,Iqama,,2151589857,,Non-Muslim,Jakarta,BRITISH,Grade 4,A,2024-25,131,New Student,Regular Mode,New,2025-09-01,Yes,Michael Sheikh,Sadia Sheikh,+966551879098,sofia.sheikh131@parent.com,"118 Al-Nuzha Street, Jeddah"
,Wafa Al-Saud,وفاء آل سعود,Female,2016-12-06,Saudi Arabia,National ID,1977968275,,,Muslim,Abha,BRITISH,Grade 5,A,2024-25,132,New Student,Seasonal Mode,New,2024-09-01,Yes,Turki Al-Saud,Tala Al-Saud,+966572612977,wafa.alsaud132@parent.com,"109 Al-Nuzha Street, Jeddah"
,Yousef Al-Sulami,يوسف السلمي,Male,2015-04-04,Saudi Arabia,National ID,1974465691,,,Muslim,Khobar,BRITISH,Grade 6,A,2024-25,133,Transfer,Regular Mode,Transfer,2025-09-01,Yes,Anas Al-Sulami,Aljawhara Al-Sulami,+966502134550,yousef.alsulami133@parent.com,"141 Al-Nuzha Street, Jeddah"
,Olivia Malik,أوليفيا مالك,Female,2014-04-07,Indonesia,Iqama,,2846203109,,Non-Muslim,London,BRITISH,Grade 7,A,2024-25,134,New Student,Regular Mode,New,2023-09-01,Yes,Rohan Malik,Nayla Malik,+966525742923,olivia.malik134@parent.com,"162 Al-Nuzha Street, Jeddah"
,Zain Kumar,زين كومار,Male,2013-09-16,Philippines,Passport,,,JA6480847,Muslim,Cairo,BRITISH,Grade 8,A,2024-25,135,Transfer,Seasonal Mode,Transfer,2022-09-01,Yes,John Kumar,Nayla Kumar,+966524484206,zain.kumar135@parent.com,"15 Al-Nuzha Street, Jeddah"
,Mustafa Shaikh,مصطفى شيخ,Male,2012-12-05,Yemen,Iqama,,2627330972,,Muslim,Dhaka,BRITISH,Grade 9,A,2024-25,136,New Student,Regular Mode,New,2023-09-01,Yes,Bilal Shaikh,Mariam Shaikh,+966575184521,mustafa.shaikh136@parent.com,"217 Al-Nuzha Street, Jeddah"
,Mariam Singh,مريم سينغ,Female,2011-06-12,Yemen,Iqama,,2404369823,,Muslim,Karachi,BRITISH,Grade 10,A,2024-25,137,New Student,Online Mode,New,2023-09-01,Yes,Zain Singh,Aisha Singh,+966563969161,mariam.singh137@parent.com,"238 Al-Nuzha Street, Jeddah"
,Hira Saleh,هيرا صالح,Female,2010-06-27,India,Passport,,,FN5317393,Muslim,Karachi,BRITISH,Grade 11,A,2024-25,138,Transfer,Online Mode,Transfer,2023-09-01,Yes,Talha Saleh,Sophia Saleh,+966502437845,hira.saleh138@parent.com,"162 Al-Nuzha Street, Jeddah"
,Ahmed Sharma,أحمد شارما,Male,2009-06-25,Jordan,Iqama,,2338769131,,Muslim,Amman,BRITISH,Grade 12,A,2024-25,139,New Student,Online Mode,New,2024-09-01,Yes,Faris Sharma,Mehek Sharma,+966542600765,ahmed.sharma139@parent.com,"253 Al-Nuzha Street, Jeddah"
,Latifa Al-Sabah,لطيفة الصباح,Female,2020-03-15,Saudi Arabia,National ID,1229644095,,,Non-Muslim,Tabuk,BRITISH,KG1,A,2024-25,140,Regular (Continuing),Seasonal Mode,Regular,2022-09-01,Yes,Mohammed Al-Sabah,Manal Al-Sabah,+966547478497,latifa.alsabah140@parent.com,"256 Al-Nuzha Street, Jeddah"
,Olivia Habib,أوليفيا حبيب,Female,2019-08-15,Egypt,Passport,,,LA1609375,Non-Muslim,Dhaka,BRITISH,KG2,A,2024-25,141,New Student,Regular Mode,New,2024-09-01,Yes,Hamza Habib,Anika Habib,+966562229374,olivia.habib141@parent.com,"256 Al-Nuzha Street, Jeddah"
,Salman Al-Dosari,سلمان الدوسري,Male,2020-11-15,Saudi Arabia,National ID,1856950334,,,Muslim,Abha,BRITISH,Grade 1,A,2024-25,142,Regular (Continuing),Regular Mode,Regular,2024-09-01,Yes,Hassan Al-Dosari,Layla Al-Dosari,+966579713528,salman.aldosari142@parent.com,"108 Al-Nuzha Street, Jeddah"
,Ammar Al-Sulami,عمار السلمي,Male,2019-03-02,Saudi Arabia,National ID,1849168859,,,Muslim,Tabuk,BRITISH,Grade 2,A,2024-25,143,Transfer,Online Mode,Transfer,2023-09-01,Yes,Adel Al-Sulami,Reem Al-Sulami,+966577800642,ammar.alsulami143@parent.com,"39 Al-Nuzha Street, Jeddah"
,Sophia Rahman,سوفيا رحمن,Female,2018-09-13,Bangladesh,Passport,,,HA6719511,Muslim,Jakarta,BRITISH,Grade 3,A,2024-25,144,Regular (Continuing),Regular Mode,Regular,2022-09-01,Yes,Ayaan Rahman,Anaya Rahman,+966590933444,sophia.rahman144@parent.com,"134 Al-Nuzha Street, Jeddah"
,Maya Hassan,مايا حسن,Female,2017-01-04,Yemen,Passport,,,HK1177077,Muslim,Mumbai,BRITISH,Grade 4,A,2024-25,145,Regular (Continuing),Online Mode,Regular,2022-09-01,Yes,Bilal Hassan,Aisha Hassan,+966532545814,maya.hassan145@parent.com,"195 Al-Nuzha Street, Jeddah"
,Ammar Al-Sulami,عمار السلمي,Male,2016-03-10,Saudi Arabia,National ID,1657367528,,,Muslim,Abha,BRITISH,Grade 5,A,2024-25,146,Transfer,Seasonal Mode,Transfer,2025-09-01,Yes,Sultan Al-Sulami,Noura Al-Sulami,+966593756396,ammar.alsulami146@parent.com,"162 Al-Nuzha Street, Jeddah"
,Yusuf Hassan,يوسف حسن,Male,2015-01-15,Philippines,Iqama,,2067879902,,Muslim,New York,BRITISH,Grade 6,A,2024-25,147,New Student,Online Mode,New,2024-09-01,Yes,Junaid Hassan,Fatima Hassan,+966541583466,yusuf.hassan147@parent.com,"15 Al-Nuzha Street, Jeddah"
,Layla Singh,ليلى سينغ,Female,2014-11-08,Philippines,Iqama,,2918374594,,Non-Muslim,New York,BRITISH,Grade 7,A,2024-25,148,New Student,Online Mode,New,2025-09-01,Yes,Talha Singh,Anaya Singh,+966509892225,layla.singh148@parent.com,"218 Al-Nuzha Street, Jeddah"
,Tala Al-Hashemi,تالا الهاشمي,Female,2013-05-01,Saudi Arabia,National ID,1743123752,,,Muslim,Riyadh,BRITISH,Grade 8,A,2024-25,149,Regular (Continuing),Online Mode,Regular,2024-09-01,Yes,Yousef Al-Hashemi,Noura Al-Hashemi,+966570121664,tala.alhashemi149@parent.com,"222 Al-Nuzha Street, Jeddah"
,Anvi Patel,أنفي باتل,Female,2012-10-12,United Kingdom,Iqama,,2622801388,,Muslim,Manila,BRITISH,Grade 9,A,2024-25,150,New Student,Seasonal Mode,New,2023-09-01,Yes,Daniel Patel,Khadija Patel,+966524752818,anvi.patel150@parent.com,"77 Al-Nuzha Street, Jeddah"
,Emma Ahmed,إيما أحمد,Female,2011-12-18,India,Iqama,,2211487790,,Muslim,London,BRITISH,Grade 10,A,2024-25,151,Transfer,Seasonal Mode,Transfer,2025-09-01,Yes,Mustafa Ahmed,Sophia Ahmed,+966553959178,emma.ahmed151@parent.com,"49 Al-Nuzha Street, Jeddah"
,Mariam Al-Shehri,مريم الشهري,Female,2010-05-18,Saudi Arabia,National ID,1880898314,,,Muslim,Tabuk,BRITISH,Grade 11,A,2024-25,152,Regular (Continuing),Online Mode,Regular,2022-09-01,Yes,Saud Al-Shehri,Noura Al-Shehri,+966565214579,mariam.alshehri152@parent.com,"155 Al-Nuzha Street, Jeddah"
,Kabir Habib,كبير حبيب,Male,2009-11-14,Jordan,Passport,,,BL7704025,Muslim,New York,BRITISH,Grade 12,A,2024-25,153,Regular (Continuing),Seasonal Mode,Regular,2022-09-01,Yes,Adam Habib,Layla Habib,+966530114037,kabir.habib153@parent.com,"189 Al-Nuzha Street, Jeddah"
,Hassan Sharma,حسن شارما,Male,2020-12-01,Syria,Passport,,,KJ4347525,Muslim,London,BRITISH,KG1,A,2024-25,154,Regular (Continuing),Seasonal Mode,Regular,2022-09-01,Yes,Zayn Sharma,Mehek Sharma,+966561565355,hassan.sharma154@parent.com,"135 Al-Nuzha Street, Jeddah"
,Sana Khan,سناء خان,Female,2019-09-21,Bangladesh,Passport,,,GF1621869,Muslim,Damascus,BRITISH,KG2,A,2024-25,155,Transfer,Regular Mode,Transfer,2025-09-01,Yes,Hassan Khan,Diya Khan,+966586619951,sana.khan155@parent.com,"299 Al-Nuzha Street, Jeddah"
,Yazeed Al-Maliki,يزيد المالكي,Male,2020-08-05,Saudi Arabia,National ID,1852416505,,,Muslim,Mecca,BRITISH,Grade 1,A,2024-25,156,Regular (Continuing),Online Mode,Regular,2025-09-01,Yes,Salman Al-Maliki,Sara Al-Maliki,+966540833860,yazeed.almaliki156@parent.com,"239 Al-Nuzha Street, Jeddah"
,Ammar Al-Hashemi,عمار الهاشمي,Male,2019-04-09,Saudi Arabia,National ID,1491545648,,,Muslim,Buraidah,BRITISH,Grade 2,A,2024-25,157,Regular (Continuing),Regular Mode,Regular,2024-09-01,Yes,Bandar Al-Hashemi,Lujain Al-Hashemi,+966513785266,ammar.alhashemi157@parent.com,"105 Al-Nuzha Street, Jeddah"
,Talal Al-Anazi,طلال العنزي,Male,2018-03-28,Saudi Arabia,National ID,1580661543,,,Muslim,Buraidah,BRITISH,Grade 3,A,2024-25,158,New Student,Online Mode,New,2025-09-01,Yes,Khalid Al-Anazi,Shaden Al-Anazi,+966583302887,talal.alanazi158@parent.com,"118 Al-Nuzha Street, Jeddah"
,Anas Al-Ghamdi,أنس الغامدي,Male,2017-04-03,Saudi Arabia,National ID,1535161097,,,Non-Muslim,Abha,BRITISH,Grade 4,A,2024-25,159,Transfer,Seasonal Mode,Transfer,2023-09-01,Yes,Turki Al-Ghamdi,Ghada Al-Ghamdi,+966583982981,anas.alghamdi159@parent.com,"219 Al-Nuzha Street, Jeddah"
,Waleed Al-Hashemi,وليد الهاشمي,Male,2016-09-10,Saudi Arabia,National ID,1090288361,,,Muslim,Madinah,BRITISH,Grade 5,A,2024-25,160,Regular (Continuing),Seasonal Mode,Regular,2022-09-01,Yes,Anas Al-Hashemi,Asma Al-Hashemi,+966587273827,waleed.alhashemi160@parent.com,"33 Al-Nuzha Street, Jeddah"
,Riya Sharma,ريا شارما,Female,2015-08-19,Sudan,Passport,,,CB8042204,Muslim,Karachi,BRITISH,Grade 6,A,2024-25,161,New Student,Regular Mode,New,2023-09-01,Yes,Michael Sharma,Diya Sharma,+966561407472,riya.sharma161@parent.com,"90 Al-Nuzha Street, Jeddah"
,Hatim Al-Dosari,حاتم الدوسري,Male,2014-02-12,Saudi Arabia,National ID,1391657837,,,Muslim,Buraidah,BRITISH,Grade 7,A,2024-25,162,Transfer,Regular Mode,Transfer,2023-09-01,Yes,Bandar Al-Dosari,Tala Al-Dosari,+966534788876,hatim.aldosari162@parent.com,"18 Al-Nuzha Street, Jeddah"
,Reem Al-Fayez,ريم الفايز,Female,2013-03-04,Saudi Arabia,National ID,1544148084,,,Non-Muslim,Abha,BRITISH,Grade 8,A,2024-25,163,Regular (Continuing),Online Mode,Regular,2024-09-01,Yes,Nawaf Al-Fayez,Joud Al-Fayez,+966571287193,reem.alfayez163@parent.com,"235 Al-Nuzha Street, Jeddah"
,Anas Al-Hussein,أنس الحسين,Male,2012-10-07,Saudi Arabia,National ID,1490157202,,,Muslim,Riyadh,BRITISH,Grade 9,A,2024-25,164,Transfer,Seasonal Mode,Transfer,2023-09-01,Yes,Salman Al-Hussein,Sara Al-Hussein,+966538600102,anas.alhussein164@parent.com,"12 Al-Nuzha Street, Jeddah"
,Zoe Malik,زوي مالك,Female,2011-12-21,Yemen,Iqama,,2353752042,,Non-Muslim,Karachi,BRITISH,Grade 10,A,2024-25,165,Transfer,Seasonal Mode,Transfer,2025-09-01,Yes,Kabir Malik,Fatima Malik,+966507442513,zoe.malik165@parent.com,"171 Al-Nuzha Street, Jeddah"
,Nawaf Al-Maliki,نواف المالكي,Male,2010-11-25,Saudi Arabia,National ID,1577275505,,,Muslim,Madinah,BRITISH,Grade 11,A,2024-25,166,New Student,Online Mode,New,2024-09-01,Yes,Bader Al-Maliki,Hanan Al-Maliki,+966586251282,nawaf.almaliki166@parent.com,"296 Al-Nuzha Street, Jeddah"
,Omar Al-Hashemi,عمر الهاشمي,Male,2009-04-23,Saudi Arabia,National ID,1501183579,,,Muslim,Abha,BRITISH,Grade 12,A,2024-25,167,Transfer,Regular Mode,Transfer,2025-09-01,Yes,Ibrahim Al-Hashemi,Aisha Al-Hashemi,+966548343049,omar.alhashemi167@parent.com,"141 Al-Nuzha Street, Jeddah"
,Saanvi Hussain,سانفي حسين,Female,2020-09-20,Egypt,Passport,,,AE5733526,Muslim,Manila,BRITISH,KG1,A,2024-25,168,Regular (Continuing),Regular Mode,Regular,2024-09-01,Yes,John Hussain,Nour Hussain,+966509919711,saanvi.hussain168@parent.com,"42 Al-Nuzha Street, Jeddah"
,Salma Al-Dosari,سلمى الدوسري,Female,2019-01-09,Saudi Arabia,National ID,1563538926,,,Muslim,Dammam,BRITISH,KG2,A,2024-25,169,Regular (Continuing),Regular Mode,Regular,2022-09-01,Yes,Adel Al-Dosari,Aljawhara Al-Dosari,+966518683463,salma.aldosari169@parent.com,"297 Al-Nuzha Street, Jeddah"
,Sophia Shaikh,سوفيا شيخ,Female,2020-12-13,Jordan,Iqama,,2662676973,,Muslim,Sanaa,BRITISH,Grade 1,A,2024-25,170,Regular (Continuing),Regular Mode,Regular,2023-09-01,Yes,Vihaan Shaikh,Riya Shaikh,+966547255608,sophia.shaikh170@parent.com,"205 Al-Nuzha Street, Jeddah"
,Saanvi Reddy,سانفي ريدي,Female,2019-11-28,Syria,Iqama,,2307149640,,Muslim,Manila,BRITISH,Grade 2,A,2024-25,171,Transfer,Regular Mode,Transfer,2025-09-01,Yes,Imran Reddy,Zoe Reddy,+966555048049,saanvi.reddy171@parent.com,"81 Al-Nuzha Street, Jeddah"
,Khadija Wang,خديجة وانج,Female,2018-04-20,Bangladesh,Iqama,,2898240371,,Muslim,Khartoum,BRITISH,Grade 3,A,2024-25,172,Regular (Continuing),Online Mode,Regular,2023-09-01,Yes,Zayn Wang,Anaya Wang,+966598228149,khadija.wang172@parent.com,"79 Al-Nuzha Street, Jeddah"
,Anas Al-Saud,أنس آل سعود,Male,2017-09-08,Saudi Arabia,National ID,1860810067,,,Muslim,Mecca,BRITISH,Grade 4,A,2024-25,173,Regular (Continuing),Regular Mode,Regular,2022-09-01,Yes,Saud Al-Saud,Raghad Al-Saud,+966549910639,anas.alsaud173@parent.com,"205 Al-Nuzha Street, Jeddah"
,Saud Al-Sabah,سعود الصباح,Male,2016-07-26,Saudi Arabia,National ID,1481463399,,,Muslim,Madinah,BRITISH,Grade 5,A,2024-25,174,Regular (Continuing),Seasonal Mode,Regular,2025-09-01,Yes,Hatim Al-Sabah,Manal Al-Sabah,+966534506965,saud.alsabah174@parent.com,"252 Al-Nuzha Street, Jeddah"
,Maya Kim,مايا كيم,Female,2015-03-21,Jordan,Iqama,,2993593465,,Muslim,Damascus,BRITISH,Grade 6,A,2024-25,175,New Student,Seasonal Mode,New,2023-09-01,Yes,Adam Kim,Sana Kim,+966503003125,maya.kim175@parent.com,"278 Al-Nuzha Street, Jeddah"
,Diya Patel,ديا باتل,Female,2014-01-12,Pakistan,Iqama,,2294235444,,Muslim,Amman,BRITISH,Grade 7,A,2024-25,176,Regular (Continuing),Online Mode,Regular,2022-09-01,Yes,Mustafa Patel,Sana Patel,+966508574356,diya.patel176@parent.com,"32 Al-Nuzha Street, Jeddah"
,Ammar Al-Dosari,عمار الدوسري,Male,2013-09-07,Saudi Arabia,National ID,1481646444,,,Muslim,Mecca,BRITISH,Grade 8,A,2024-25,177,Regular (Continuing),Regular Mode,Regular,2023-09-01,Yes,Hassan Al-Dosari,Jana Al-Dosari,+966510477763,ammar.aldosari177@parent.com,"123 Al-Nuzha Street, Jeddah"
,Sana Siddiqui,سناء صديقي,Female,2012-08-02,Indonesia,Passport,,,AF8131369,Muslim,Manila,BRITISH,Grade 9,A,2024-25,178,Regular (Continuing),Online Mode,Regular,2023-09-01,Yes,Ayaan Siddiqui,Layla Siddiqui,+966589317567,sana.siddiqui178@parent.com,"80 Al-Nuzha Street, Jeddah"
,Priya Ali,بريا علي,Female,2011-11-20,Indonesia,Iqama,,2274368673,,Non-Muslim,Dhaka,BRITISH,Grade 10,A,2024-25,179,Transfer,Online Mode,Transfer,2023-09-01,Yes,Hamza Ali,Sophia Ali,+966514199434,priya.ali179@parent.com,"110 Al-Nuzha Street, Jeddah"
,Salma Al-Harbi,سلمى الحربي,Female,2010-10-12,Saudi Arabia,National ID,1403836478,,,Muslim,Riyadh,BRITISH,Grade 11,A,2024-25,180,Regular (Continuing),Seasonal Mode,Regular,2022-09-01,Yes,Ammar Al-Harbi,Fatima Al-Harbi,+966595975866,salma.alharbi180@parent.com,"213 Al-Nuzha Street, Jeddah"
,Layla Al-Hussein,ليلى الحسين,Female,2009-09-10,Saudi Arabia,National ID,1866714987,,,Non-Muslim,Abha,BRITISH,Grade 12,A,2024-25,181,Transfer,Online Mode,Transfer,2023-09-01,Yes,Saud Al-Hussein,Jana Al-Hussein,+966581062159,layla.alhussein181@parent.com,"207 Al-Nuzha Street, Jeddah"
,Ammar Al-Hashemi,عمار الهاشمي,Male,2020-09-14,Saudi Arabia,National ID,1059136503,,,Muslim,Tabuk,BRITISH,KG1,A,2024-25,182,New Student,Seasonal Mode,New,2023-09-01,Yes,Anas Al-Hashemi,Salma Al-Hashemi,+966570732356,ammar.alhashemi182@parent.com,"177 Al-Nuzha Street, Jeddah"
,Hamad Al-Ghamdi,حمد الغامدي,Male,2019-05-08,Saudi Arabia,National ID,1156937523,,,Muslim,Khobar,BRITISH,KG2,A,2024-25,183,New Student,Seasonal Mode,New,2024-09-01,Yes,Fahad Al-Ghamdi,Tala Al-Ghamdi,+966546773029,hamad.alghamdi183@parent.com,"90 Al-Nuzha Street, Jeddah"
,Sara Al-Rashid,سارة الراشد,Female,2020-05-17,Saudi Arabia,National ID,1070631970,,,Muslim,Abha,BRITISH,Grade 1,A,2024-25,184,New Student,Online Mode,New,2023-09-01,Yes,Majed Al-Rashid,Salma Al-Rashid,+966536922763,sara.alrashid184@parent.com,"212 Al-Nuzha Street, Jeddah"
,Layla Hussain,ليلى حسين,Female,2019-02-25,Bangladesh,Iqama,,2052299227,,Non-Muslim,Amman,BRITISH,Grade 2,A,2024-25,185,Regular (Continuing),Regular Mode,Regular,2023-09-01,Yes,Imran Hussain,Layla Hussain,+966582619184,layla.hussain185@parent.com,"208 Al-Nuzha Street, Jeddah"
,Hassan Shaikh,حسن شيخ,Male,2018-12-28,Sudan,Passport,,,AD9988725,Muslim,Dhaka,BRITISH,Grade 3,A,2024-25,186,Regular (Continuing),Online Mode,Regular,2024-09-01,Yes,Adam Shaikh,Saanvi Shaikh,+966546865266,hassan.shaikh186@parent.com,"276 Al-Nuzha Street, Jeddah"
,Layla Brown,ليلى براون,Female,2017-03-07,Egypt,Passport,,,FF7387626,Muslim,Mumbai,BRITISH,Grade 4,A,2024-25,187,New Student,Online Mode,New,2024-09-01,Yes,Adam Brown,Sadia Brown,+966554849400,layla.brown187@parent.com,"53 Al-Nuzha Street, Jeddah"
,Shaden Al-Yamani,شادن اليماني,Female,2016-04-10,Saudi Arabia,National ID,1996822839,,,Muslim,Dammam,BRITISH,Grade 5,A,2024-25,188,New Student,Regular Mode,New,2023-09-01,Yes,Turki Al-Yamani,Fatima Al-Yamani,+966595885297,shaden.alyamani188@parent.com,"215 Al-Nuzha Street, Jeddah"
,Hessa Al-Hussein,حصة الحسين,Female,2015-05-08,Saudi Arabia,National ID,1795664929,,,Muslim,Khobar,BRITISH,Grade 6,A,2024-25,189,Regular (Continuing),Online Mode,Regular,2024-09-01,Yes,Yousef Al-Hussein,Tala Al-Hussein,+966593506487,hessa.alhussein189@parent.com,"265 Al-Nuzha Street, Jeddah"
,Hessa Al-Yamani,حصة اليماني,Female,2014-11-19,Saudi Arabia,National ID,1892540394,,,Non-Muslim,Khobar,BRITISH,Grade 7,A,2024-25,190,Transfer,Seasonal Mode,Transfer,2025-09-01,Yes,Saud Al-Yamani,Manal Al-Yamani,+966561576682,hessa.alyamani190@parent.com,"221 Al-Nuzha Street, Jeddah"
,Maha Al-Anazi,مها العنزي,Female,2013-01-16,Saudi Arabia,National ID,1233391312,,,Muslim,Tabuk,BRITISH,Grade 8,A,2024-25,191,New Student,Seasonal Mode,New,2022-09-01,Yes,Saif Al-Anazi,Wafa Al-Anazi,+966551291762,maha.alanazi191@parent.com,"229 Al-Nuzha Street, Jeddah"
,Salma Al-Sudais,سلمى السديس,Female,2012-08-18,Saudi Arabia,National ID,1098722802,,,Muslim,Khobar,BRITISH,Grade 9,A,2024-25,192,Regular (Continuing),Seasonal Mode,Regular,2024-09-01,Yes,Ammar Al-Sudais,Manal Al-Sudais,+966510667642,salma.alsudais192@parent.com,"287 Al-Nuzha Street, Jeddah"
,Omar Al-Hussein,عمر الحسين,Male,2011-10-22,Saudi Arabia,National ID,1162121269,,,Muslim,Riyadh,BRITISH,Grade 10,A,2024-25,193,Regular (Continuing),Online Mode,Regular,2024-09-01,Yes,Ammar Al-Hussein,Aisha Al-Hussein,+966555138629,omar.alhussein193@parent.com,"204 Al-Nuzha Street, Jeddah"
,Reem Al-Saud,ريم آل سعود,Female,2010-05-15,Saudi Arabia,National ID,1261783196,,,Muslim,Riyadh,BRITISH,Grade 11,A,2024-25,194,New Student,Regular Mode,New,2025-09-01,Yes,Omar Al-Saud,Shaden Al-Saud,+966521605486,reem.alsaud194@parent.com,"269 Al-Nuzha Street, Jeddah"
,Latifa Al-Sudais,لطيفة السديس,Female,2009-03-06,Saudi Arabia,National ID,1655914868,,,Non-Muslim,Khobar,BRITISH,Grade 12,A,2024-25,195,Regular (Continuing),Regular Mode,Regular,2024-09-01,Yes,Saud Al-Sudais,Sara Al-Sudais,+966549528387,latifa.alsudais195@parent.com,"53 Al-Nuzha Street, Jeddah"
,Saif Al-Yamani,سيف اليماني,Male,2020-05-28,Saudi Arabia,National ID,1275272326,,,Non-Muslim,Riyadh,BRITISH,KG1,A,2024-25,196,Transfer,Seasonal Mode,Transfer,2023-09-01,Yes,Saif Al-Yamani,Renad Al-Yamani,+966509531401,saif.alyamani196@parent.com,"253 Al-Nuzha Street, Jeddah"
,Lama Al-Qahtani,لمى القحطاني,Female,2019-11-16,Saudi Arabia,National ID,1394873203,,,Non-Muslim,Buraidah,BRITISH,KG2,A,2024-25,197,Regular (Continuing),Online Mode,Regular,2023-09-01,Yes,Raed Al-Qahtani,Latifa Al-Qahtani,+966516004006,lama.alqahtani197@parent.com,"76 Al-Nuzha Street, Jeddah"
,Junaid Saleh,جنيد صالح,Male,2020-02-03,India,Iqama,,2436032069,,Muslim,Cairo,BRITISH,Grade 1,A,2024-25,198,New Student,Regular Mode,New,2023-09-01,Yes,Aryan Saleh,Anvi Saleh,+966590793381,junaid.saleh198@parent.com,"161 Al-Nuzha Street, Jeddah"
,Sara Al-Qahtani,سارة القحطاني,Female,2019-11-10,Saudi Arabia,National ID,1528625720,,,Muslim,Madinah,BRITISH,Grade 2,A,2024-25,199,Regular (Continuing),Seasonal Mode,Regular,2025-09-01,Yes,Yousef Al-Qahtani,Aisha Al-Qahtani,+966598634296,sara.alqahtani199@parent.com,"10 Al-Nuzha Street, Jeddah"
,Junaid Gupta,جنيد جوبتا,Male,2018-01-19,India,Iqama,,2866026088,,Muslim,London,BRITISH,Grade 3,A,2024-25,200,Regular (Continuing),Regular Mode,Regular,2025-09-01,Yes,Bilal Gupta,Nour Gupta,+966585454254,junaid.gupta200@parent.com,"44 Al-Nuzha Street, Jeddah"
,Aisha Mansoor,عائشة منصور,Female,2017-08-10,India,Iqama,,2491945573,,Muslim,Karachi,BRITISH,Grade 4,A,2024-25,201,Regular (Continuing),Seasonal Mode,Regular,2023-09-01,Yes,Aryan Mansoor,Zoe Mansoor,+966516844499,aisha.mansoor201@parent.com,"109 Al-Nuzha Street, Jeddah"
,Faisal Al-Yamani,فيصل اليماني,Male,2016-10-21,Saudi Arabia,National ID,1349134636,,,Non-Muslim,Abha,BRITISH,Grade 5,A,2024-25,202,Regular (Continuing),Seasonal Mode,Regular,2025-09-01,Yes,Hamad Al-Yamani,Aisha Al-Yamani,+966570708490,faisal.alyamani202@parent.com,"245 Al-Nuzha Street, Jeddah"
,Adel Al-Otaibi,عادل العتيبي,Male,2015-12-09,Saudi Arabia,National ID,1269666211,,,Muslim,Tabuk,BRITISH,Grade 6,A,2024-25,203,Regular (Continuing),Seasonal Mode,Regular,2022-09-01,Yes,Yousef Al-Otaibi,Tala Al-Otaibi,+966544809937,adel.alotaibi203@parent.com,"223 Al-Nuzha Street, Jeddah"
,Fahad Al-Yamani,فهد اليماني,Male,2014-03-16,Saudi Arabia,National ID,1775289670,,,Muslim,Khobar,BRITISH,Grade 7,A,2024-25,204,Regular (Continuing),Online Mode,Regular,2025-09-01,Yes,Ibrahim Al-Yamani,Reem Al-Yamani,+966578520785,fahad.alyamani204@parent.com,"43 Al-Nuzha Street, Jeddah"
,Wafa Al-Qahtani,وفاء القحطاني,Female,2013-06-25,Saudi Arabia,National ID,1477805154,,,Muslim,Dammam,BRITISH,Grade 8,A,2024-25,205,Transfer,Online Mode,Transfer,2025-09-01,Yes,Raed Al-Qahtani,Aisha Al-Qahtani,+966524234453,wafa.alqahtani205@parent.com,"29 Al-Nuzha Street, Jeddah"
,Emma Sharma,إيما شارما,Female,2012-02-22,India,Iqama,,2674988115,,Muslim,Amman,BRITISH,Grade 9,A,2024-25,206,Regular (Continuing),Regular Mode,Regular,2022-09-01,Yes,Hamza Sharma,Nayla Sharma,+966590658604,emma.sharma206@parent.com,"14 Al-Nuzha Street, Jeddah"
,Majed Al-Saud,ماجد آل سعود,Male,2011-08-12,Saudi Arabia,National ID,1900914032,,,Muslim,Jeddah,BRITISH,Grade 10,A,2024-25,207,Transfer,Regular Mode,Transfer,2022-09-01,Yes,Naif Al-Saud,Raghad Al-Saud,+966572715418,majed.alsaud207@parent.com,"136 Al-Nuzha Street, Jeddah"
,Omar Al-Saud,عمر آل سعود,Male,2010-06-15,Saudi Arabia,National ID,1784172770,,,Muslim,Jeddah,BRITISH,Grade 11,A,2024-25,208,Regular (Continuing),Online Mode,Regular,2025-09-01,Yes,Khalid Al-Saud,Ghada Al-Saud,+966591015682,omar.alsaud208@parent.com,"57 Al-Nuzha Street, Jeddah"
,Dana Al-Maliki,دانا المالكي,Female,2009-11-28,Saudi Arabia,National ID,1240114842,,,Muslim,Khobar,BRITISH,Grade 12,A,2024-25,209,Regular (Continuing),Regular Mode,Regular,2023-09-01,Yes,Faisal Al-Maliki,Manal Al-Maliki,+966530443708,dana.almaliki209@parent.com,"41 Al-Nuzha Street, Jeddah"
,Ismail Sheikh,إسماعيل شيخ,Male,2020-02-01,Sudan,Passport,,,LM3180753,Muslim,Amman,BRITISH,KG1,A,2024-25,210,New Student,Regular Mode,New,2022-09-01,Yes,Ahmed Sheikh,Priya Sheikh,+966516006260,ismail.sheikh210@parent.com,"81 Al-Nuzha Street, Jeddah"
,Bilal Sheikh,بلال شيخ,Male,2019-08-08,Philippines,Iqama,,2356968248,,Muslim,Dhaka,BRITISH,KG2,A,2024-25,211,Regular (Continuing),Seasonal Mode,Regular,2025-09-01,Yes,Aryan Sheikh,Olivia Sheikh,+966547502190,bilal.sheikh211@parent.com,"276 Al-Nuzha Street, Jeddah"
,Asma Al-Sulami,أسماء السلمي,Female,2020-08-06,Saudi Arabia,National ID,1408094429,,,Muslim,Jeddah,BRITISH,Grade 1,A,2024-25,212,New Student,Seasonal Mode,New,2023-09-01,Yes,Nawaf Al-Sulami,Mariam Al-Sulami,+966534914036,asma.alsulami212@parent.com,"207 Al-Nuzha Street, Jeddah"
,Wafa Al-Ghamdi,وفاء الغامدي,Female,2019-07-22,Saudi Arabia,National ID,1836402593,,,Non-Muslim,Khobar,BRITISH,Grade 2,A,2024-25,213,New Student,Seasonal Mode,New,2024-09-01,Yes,Omar Al-Ghamdi,Dana Al-Ghamdi,+966542924657,wafa.alghamdi213@parent.com,"191 Al-Nuzha Street, Jeddah"
,Dana Al-Dosari,دانا الدوسري,Female,2018-10-03,Saudi Arabia,National ID,1594805764,,,Muslim,Mecca,BRITISH,Grade 3,A,2024-25,214,Regular (Continuing),Seasonal Mode,Regular,2025-09-01,Yes,Bandar Al-Dosari,Lujain Al-Dosari,+966585042255,dana.aldosari214@parent.com,"298 Al-Nuzha Street, Jeddah"
,Nawaf Al-Hashemi,نواف الهاشمي,Male,2017-06-24,Saudi Arabia,National ID,1335899460,,,Non-Muslim,Dammam,BRITISH,Grade 4,A,2024-25,215,Regular (Continuing),Online Mode,Regular,2022-09-01,Yes,Faisal Al-Hashemi,Joud Al-Hashemi,+966508231135,nawaf.alhashemi215@parent.com,"200 Al-Nuzha Street, Jeddah"
,Jana Al-Rashid,جنى الراشد,Female,2016-04-13,Saudi Arabia,National ID,1210147158,,,Muslim,Jeddah,BRITISH,Grade 5,A,2024-25,216,New Student,Seasonal Mode,New,2022-09-01,Yes,Omar Al-Rashid,Noura Al-Rashid,+966540566895,jana.alrashid216@parent.com,"110 Al-Nuzha Street, Jeddah"
,Dana Al-Hashemi,دانا الهاشمي,Female,2015-02-13,Saudi Arabia,National ID,1753634778,,,Muslim,Tabuk,BRITISH,Grade 6,A,2024-25,217,Regular (Continuing),Seasonal Mode,Regular,2025-09-01,Yes,Hassan Al-Hashemi,Ghada Al-Hashemi,+966550796333,dana.alhashemi217@parent.com,"29 Al-Nuzha Street, Jeddah"
,Olivia Saleh,أوليفيا صالح,Female,2014-04-11,Egypt,Iqama,,2604235387,,Non-Muslim,Dhaka,BRITISH,Grade 7,A,2024-25,218,Regular (Continuing),Regular Mode,Regular,2023-09-01,Yes,Zain Saleh,Maya Saleh,+966504947014,olivia.saleh218@parent.com,"40 Al-Nuzha Street, Jeddah"
,Ismail Siddiqui,إسماعيل صديقي,Male,2013-02-14,Egypt,Passport,,,HN0950855,Non-Muslim,Dhaka,BRITISH,Grade 8,A,2024-25,219,New Student,Regular Mode,New,2024-09-01,Yes,Kabir Siddiqui,Sophia Siddiqui,+966549691923,ismail.siddiqui219@parent.com,"266 Al-Nuzha Street, Jeddah"
,Ibrahim Al-Qahtani,إبراهيم القحطاني,Male,2012-06-19,Saudi Arabia,National ID,1806341594,,,Non-Muslim,Abha,BRITISH,Grade 9,A,2024-25,220,Regular (Continuing),Online Mode,Regular,2025-09-01,Yes,Mohammed Al-Qahtani,Aljawhara Al-Qahtani,+966570685505,ibrahim.alqahtani220@parent.com,"295 Al-Nuzha Street, Jeddah"
,Nayla Kumar,نايلة كومار,Female,2011-06-11,Bangladesh,Iqama,,2662978447,,Non-Muslim,Amman,BRITISH,Grade 10,A,2024-25,221,Regular (Continuing),Online Mode,Regular,2023-09-01,Yes,Bilal Kumar,Khadija Kumar,+966523642065,nayla.kumar221@parent.com,"54 Al-Nuzha Street, Jeddah"
,Aisha Al-Qahtani,عائشة القحطاني,Female,2010-06-01,Saudi Arabia,National ID,1699736719,,,Muslim,Mecca,BRITISH,Grade 11,A,2024-25,222,Regular (Continuing),Regular Mode,Regular,2022-09-01,Yes,Nawaf Al-Qahtani,Hessa Al-Qahtani,+966509578894,aisha.alqahtani222@parent.com,"136 Al-Nuzha Street, Jeddah"
,Saud Al-Tamimi,سعود التميمي,Male,2009-08-22,Saudi Arabia,National ID,1494578108,,,Muslim,Riyadh,BRITISH,Grade 12,A,2024-25,223,New Student,Seasonal Mode,New,2022-09-01,Yes,Naif Al-Tamimi,Renad Al-Tamimi,+966527092971,saud.altamimi223@parent.com,"278 Al-Nuzha Street, Jeddah"
,Aisha Shaikh,عائشة شيخ,Female,2020-12-18,Syria,Iqama,,2232446686,,Muslim,Jakarta,BRITISH,KG1,A,2024-25,224,Regular (Continuing),Regular Mode,Regular,2025-09-01,Yes,Hamza Shaikh,Sophia Shaikh,+966539849754,aisha.shaikh224@parent.com,"264 Al-Nuzha Street, Jeddah"
,Maya Hassan,مايا حسن,Female,2019-08-10,Indonesia,Iqama,,2037819240,,Muslim,Cairo,BRITISH,KG2,A,2024-25,225,Regular (Continuing),Online Mode,Regular,2022-09-01,Yes,Kabir Hassan,Sofia Hassan,+966511348783,maya.hassan225@parent.com,"23 Al-Nuzha Street, Jeddah"
,Salman Al-Sulami,سلمان السلمي,Male,2020-01-14,Saudi Arabia,National ID,1132985295,,,Muslim,Jeddah,BRITISH,Grade 1,A,2024-25,226,Transfer,Regular Mode,Transfer,2023-09-01,Yes,Waleed Al-Sulami,Dana Al-Sulami,+966553011512,salman.alsulami226@parent.com,"127 Al-Nuzha Street, Jeddah"
,Riya Wang,ريا وانج,Female,2019-09-23,Indonesia,Iqama,,2246888792,,Muslim,Mumbai,BRITISH,Grade 2,A,2024-25,227,New Student,Seasonal Mode,New,2024-09-01,Yes,John Wang,Mariam Wang,+966506555966,riya.wang227@parent.com,"147 Al-Nuzha Street, Jeddah"
,Waleed Al-Otaibi,وليد العتيبي,Male,2018-09-13,Saudi Arabia,National ID,1636825867,,,Muslim,Dammam,BRITISH,Grade 3,A,2024-25,228,Transfer,Seasonal Mode,Transfer,2025-09-01,Yes,Khalid Al-Otaibi,Joud Al-Otaibi,+966531843677,waleed.alotaibi228@parent.com,"177 Al-Nuzha Street, Jeddah"
,Rohan Hassan,روهان حسن,Male,2017-11-01,Bangladesh,Iqama,,2440245883,,Muslim,Amman,BRITISH,Grade 4,A,2024-25,229,Regular (Continuing),Seasonal Mode,Regular,2025-09-01,Yes,Talha Hassan,Emma Hassan,+966516993864,rohan.hassan229@parent.com,"28 Al-Nuzha Street, Jeddah"
,Anas Al-Tamimi,أنس التميمي,Male,2016-12-15,Saudi Arabia,National ID,1754637829,,,Muslim,Dammam,BRITISH,Grade 5,A,2024-25,230,New Student,Seasonal Mode,New,2022-09-01,Yes,Abdullah Al-Tamimi,Shaden Al-Tamimi,+966576398584,anas.altamimi230@parent.com,"1 Al-Nuzha Street, Jeddah"
,Yazeed Al-Saud,يزيد آل سعود,Male,2015-03-09,Saudi Arabia,National ID,1731314866,,,Non-Muslim,Khobar,BRITISH,Grade 6,A,2024-25,231,Regular (Continuing),Regular Mode,Regular,2023-09-01,Yes,Nawaf Al-Saud,Lujain Al-Saud,+966520630218,yazeed.alsaud231@parent.com,"182 Al-Nuzha Street, Jeddah"
,Anas Al-Saud,أنس آل سعود,Male,2014-01-09,Saudi Arabia,National ID,1003443574,,,Muslim,Madinah,BRITISH,Grade 7,A,2024-25,232,New Student,Online Mode,New,2022-09-01,Yes,Omar Al-Saud,Renad Al-Saud,+966583189030,anas.alsaud232@parent.com,"176 Al-Nuzha Street, Jeddah"
,Anaya Sheikh,أنايا شيخ,Female,2013-07-06,Philippines,Iqama,,2945919215,,Muslim,Manila,BRITISH,Grade 8,A,2024-25,233,Regular (Continuing),Regular Mode,Regular,2025-09-01,Yes,Talha Sheikh,Mariam Sheikh,+966586976301,anaya.sheikh233@parent.com,"130 Al-Nuzha Street, Jeddah"
,Shaden Al-Zahrani,شادن الزهراني,Female,2012-10-26,Saudi Arabia,National ID,1196726336,,,Muslim,Khobar,BRITISH,Grade 9,A,2024-25,234,Regular (Continuing),Online Mode,Regular,2023-09-01,Yes,Naif Al-Zahrani,Noura Al-Zahrani,+966549597258,shaden.alzahrani234@parent.com,"76 Al-Nuzha Street, Jeddah"
,Aliya Rahman,عالية رحمن,Female,2011-06-03,Syria,Iqama,,2281948469,,Muslim,Damascus,BRITISH,Grade 10,A,2024-25,235,Transfer,Online Mode,Transfer,2025-09-01,Yes,Ismail Rahman,Emma Rahman,+966561500189,aliya.rahman235@parent.com,"198 Al-Nuzha Street, Jeddah"
,Adel Al-Rashid,عادل الراشد,Male,2010-03-02,Saudi Arabia,National ID,1139929923,,,Muslim,Abha,BRITISH,Grade 11,A,2024-25,236,Regular (Continuing),Online Mode,Regular,2022-09-01,Yes,Anas Al-Rashid,Asma Al-Rashid,+966561587934,adel.alrashid236@parent.com,"287 Al-Nuzha Street, Jeddah"
,Ismail Shaikh,إسماعيل شيخ,Male,2009-03-18,United Kingdom,Passport,,,KF7967086,Non-Muslim,Jakarta,BRITISH,Grade 12,A,2024-25,237,New Student,Regular Mode,New,2024-09-01,Yes,Daniel Shaikh,Anika Shaikh,+966554485433,ismail.shaikh237@parent.com,"253 Al-Nuzha Street, Jeddah"
,Ali Al-Yamani,علي اليماني,Male,2020-09-08,Saudi Arabia,National ID,1281844186,,,Non-Muslim,Dammam,BRITISH,KG1,A,2024-25,238,Transfer,Regular Mode,Transfer,2024-09-01,Yes,Nawaf Al-Yamani,Salma Al-Yamani,+966546901721,ali.alyamani238@parent.com,"188 Al-Nuzha Street, Jeddah"
,Maya Siddiqui,مايا صديقي,Female,2019-07-01,United States,Iqama,,2788443491,,Muslim,Karachi,BRITISH,KG2,A,2024-25,239,New Student,Online Mode,New,2022-09-01,Yes,Kabir Siddiqui,Aliya Siddiqui,+966572589210,maya.siddiqui239@parent.com,"211 Al-Nuzha Street, Jeddah"
,Noura Al-Harbi,نورة الحربي,Female,2020-05-26,Saudi Arabia,National ID,1335798248,,,Muslim,Riyadh,BRITISH,Grade 1,A,2024-25,240,New Student,Seasonal Mode,New,2023-09-01,Yes,Ziyad Al-Harbi,Lama Al-Harbi,+966537403454,noura.alharbi240@parent.com,"34 Al-Nuzha Street, Jeddah"
,Maha Al-Fayez,مها الفايز,Female,2019-05-03,Saudi Arabia,National ID,1717041194,,,Muslim,Madinah,BRITISH,Grade 2,A,2024-25,241,Transfer,Seasonal Mode,Transfer,2024-09-01,Yes,Abdullah Al-Fayez,Wafa Al-Fayez,+966587949883,maha.alfayez241@parent.com,"60 Al-Nuzha Street, Jeddah"
,Dana Al-Otaibi,دانا العتيبي,Female,2018-11-08,Saudi Arabia,National ID,1382692577,,,Muslim,Abha,BRITISH,Grade 3,A,2024-25,242,Transfer,Online Mode,Transfer,2025-09-01,Yes,Mohammed Al-Otaibi,Reem Al-Otaibi,+966509602828,dana.alotaibi242@parent.com,"161 Al-Nuzha Street, Jeddah"
,Amal Al-Saud,أمل آل سعود,Female,2017-08-10,Saudi Arabia,National ID,1942702458,,,Muslim,Riyadh,BRITISH,Grade 4,A,2024-25,243,New Student,Regular Mode,New,2024-09-01,Yes,Saud Al-Saud,Jana Al-Saud,+966530121920,amal.alsaud243@parent.com,"110 Al-Nuzha Street, Jeddah"
,Diya Chen,ديا تشين,Female,2016-03-19,India,Iqama,,2959748497,,Muslim,Jakarta,BRITISH,Grade 5,A,2024-25,244,Regular (Continuing),Seasonal Mode,Regular,2025-09-01,Yes,Zayn Chen,Nayla Chen,+966530498334,diya.chen244@parent.com,"297 Al-Nuzha Street, Jeddah"
,Ahmed Hassan,أحمد حسن,Male,2015-04-10,Indonesia,Iqama,,2389053616,,Muslim,Jakarta,BRITISH,Grade 6,A,2024-25,245,Regular (Continuing),Regular Mode,Regular,2022-09-01,Yes,James Hassan,Sana Hassan,+966562273697,ahmed.hassan245@parent.com,"229 Al-Nuzha Street, Jeddah"
,Anvi Malik,أنفي مالك,Female,2014-10-17,Bangladesh,Iqama,,2141808734,,Muslim,London,BRITISH,Grade 7,A,2024-25,246,Regular (Continuing),Regular Mode,Regular,2025-09-01,Yes,Mustafa Malik,Emma Malik,+966544120924,anvi.malik246@parent.com,"226 Al-Nuzha Street, Jeddah"
,Kabir Ali,كبير علي,Male,2013-03-24,India,Passport,,,GK1165617,Non-Muslim,Sanaa,BRITISH,Grade 8,A,2024-25,247,Regular (Continuing),Seasonal Mode,Regular,2022-09-01,Yes,Mustafa Ali,Anvi Ali,+966585797890,kabir.ali247@parent.com,"130 Al-Nuzha Street, Jeddah"
,Sana Ahmed,سناء أحمد,Female,2012-01-23,India,Iqama,,2205986658,,Muslim,Manila,BRITISH,Grade 9,A,2024-25,248,Regular (Continuing),Seasonal Mode,Regular,2025-09-01,Yes,David Ahmed,Olivia Ahmed,+966546069984,sana.ahmed248@parent.com,"10 Al-Nuzha Street, Jeddah"
,Naif Al-Fayez,نايف الفايز,Male,2011-10-13,Saudi Arabia,National ID,1004786713,,,Muslim,Dammam,BRITISH,Grade 10,A,2024-25,249,Regular (Continuing),Regular Mode,Regular,2022-09-01,Yes,Naif Al-Fayez,Reema Al-Fayez,+966576999896,naif.alfayez249@parent.com,"10 Al-Nuzha Street, Jeddah"
,Dana Al-Shehri,دانا الشهري,Female,2010-09-18,Saudi Arabia,National ID,1526107068,,,Muslim,Abha,BRITISH,Grade 11,A,2024-25,250,Transfer,Seasonal Mode,Transfer,2023-09-01,Yes,Faisal Al-Shehri,Sara Al-Shehri,+966526929250,dana.alshehri250@parent.com,"68 Al-Nuzha Street, Jeddah"
,Hatim Al-Hussein,حاتم الحسين,Male,2009-02-21,Saudi Arabia,National ID,1334907397,,,Muslim,Dammam,BRITISH,Grade 12,A,2024-25,251,New Student,Seasonal Mode,New,2024-09-01,Yes,Ibrahim Al-Hussein,Amal Al-Hussein,+966529928178,hatim.alhussein251@parent.com,"254 Al-Nuzha Street, Jeddah"
,Yazeed Al-Fayez,يزيد الفايز,Male,2020-01-05,Saudi Arabia,National ID,1291162149,,,Non-Muslim,Madinah,BRITISH,KG1,A,2024-25,252,New Student,Online Mode,New,2024-09-01,Yes,Turki Al-Fayez,Dana Al-Fayez,+966596028369,yazeed.alfayez252@parent.com,"145 Al-Nuzha Street, Jeddah"
,Hamza Garcia,حمزة جارسيا,Male,2019-11-13,India,Iqama,,2602020608,,Muslim,Sanaa,BRITISH,KG2,A,2024-25,253,New Student,Online Mode,New,2022-09-01,Yes,Rohan Garcia,Zainab Garcia,+966545736567,hamza.garcia253@parent.com,"220 Al-Nuzha Street, Jeddah"
,Ismail Brown,إسماعيل براون,Male,2020-10-16,Pakistan,Iqama,,2705482452,,Non-Muslim,New York,BRITISH,Grade 1,A,2024-25,254,Regular (Continuing),Regular Mode,Regular,2023-09-01,Yes,Imran Brown,Fatima Brown,+966573554166,ismail.brown254@parent.com,"16 Al-Nuzha Street, Jeddah"
,Salma Al-Sulami,سلمى السلمي,Female,2019-09-21,Saudi Arabia,National ID,1605528006,,,Muslim,Buraidah,BRITISH,Grade 2,A,2024-25,255,Regular (Continuing),Regular Mode,Regular,2023-09-01,Yes,Abdullah Al-Sulami,Dana Al-Sulami,+966584586530,salma.alsulami255@parent.com,"38 Al-Nuzha Street, Jeddah"
,Rohan Ali,روهان علي,Male,2018-10-24,Yemen,Passport,,,CG0041479,Muslim,Cairo,BRITISH,Grade 3,A,2024-25,256,Transfer,Online Mode,Transfer,2023-09-01,Yes,Hamza Ali,Fatima Ali,+966500766054,rohan.ali256@parent.com,"249 Al-Nuzha Street, Jeddah"
,Aisha Siddiqui,عائشة صديقي,Female,2017-12-22,United Kingdom,Iqama,,2405291138,,Non-Muslim,Dhaka,BRITISH,Grade 4,A,2024-25,257,Regular (Continuing),Regular Mode,Regular,2023-09-01,Yes,Faris Siddiqui,Mehek Siddiqui,+966531108434,aisha.siddiqui257@parent.com,"22 Al-Nuzha Street, Jeddah"
,Hassan Al-Shehri,حسن الشهري,Male,2016-10-18,Saudi Arabia,National ID,1209007959,,,Muslim,Jeddah,BRITISH,Grade 5,A,2024-25,258,Regular (Continuing),Online Mode,Regular,2023-09-01,Yes,Raed Al-Shehri,Reema Al-Shehri,+966509931650,hassan.alshehri258@parent.com,"120 Al-Nuzha Street, Jeddah"
,Imran Reddy,عمران ريدي,Male,2015-11-15,India,Iqama,,2660044212,,Non-Muslim,Amman,BRITISH,Grade 6,A,2024-25,259,Regular (Continuing),Seasonal Mode,Regular,2022-09-01,Yes,Mustafa Reddy,Zainab Reddy,+966515995637,imran.reddy259@parent.com,"135 Al-Nuzha Street, Jeddah"
,Priya Gupta,بريا جوبتا,Female,2014-08-13,United States,Iqama,,2154188120,,Non-Muslim,London,BRITISH,Grade 7,A,2024-25,260,Regular (Continuing),Seasonal Mode,Regular,2024-09-01,Yes,Yusuf Gupta,Zoe Gupta,+966504229641,priya.gupta260@parent.com,"160 Al-Nuzha Street, Jeddah"
,Waleed Al-Sulami,وليد السلمي,Male,2013-05-16,Saudi Arabia,National ID,1684439126,,,Muslim,Jeddah,BRITISH,Grade 8,A,2024-25,261,Regular (Continuing),Seasonal Mode,Regular,2023-09-01,Yes,Majed Al-Sulami,Shaden Al-Sulami,+966516734082,waleed.alsulami261@parent.com,"224 Al-Nuzha Street, Jeddah"
,David Ahmed,ديفيد أحمد,Male,2012-06-17,United States,Iqama,,2135225216,,Muslim,Mumbai,BRITISH,Grade 9,A,2024-25,262,Transfer,Online Mode,Transfer,2022-09-01,Yes,Zayn Ahmed,Saanvi Ahmed,+966509250120,david.ahmed262@parent.com,"22 Al-Nuzha Street, Jeddah"
,Noura Al-Maliki,نورة المالكي,Female,2011-11-04,Saudi Arabia,National ID,1311281755,,,Muslim,Jeddah,BRITISH,Grade 10,A,2024-25,263,Regular (Continuing),Seasonal Mode,Regular,2022-09-01,Yes,Mohammed Al-Maliki,Jana Al-Maliki,+966519260434,noura.almaliki263@parent.com,"25 Al-Nuzha Street, Jeddah"
,Anika Kumar,أنيكة كومار,Female,2010-04-06,Egypt,Passport,,,DF4046149,Non-Muslim,Karachi,BRITISH,Grade 11,A,2024-25,264,Regular (Continuing),Online Mode,Regular,2024-09-01,Yes,Tariq Kumar,Sofia Kumar,+966508910869,anika.kumar264@parent.com,"96 Al-Nuzha Street, Jeddah"
,Noura Al-Fayez,نورة الفايز,Female,2009-03-12,Saudi Arabia,National ID,1784817404,,,Muslim,Mecca,BRITISH,Grade 12,A,2024-25,265,Regular (Continuing),Online Mode,Regular,2025-09-01,Yes,Bandar Al-Fayez,Aljawhara Al-Fayez,+966539620783,noura.alfayez265@parent.com,"254 Al-Nuzha Street, Jeddah"
,Saanvi Rahman,سانفي رحمن,Female,2020-12-11,Yemen,Iqama,,2067901318,,Muslim,Manila,BRITISH,KG1,A,2024-25,266,Regular (Continuing),Seasonal Mode,Regular,2023-09-01,Yes,Adam Rahman,Saanvi Rahman,+966542729528,saanvi.rahman266@parent.com,"84 Al-Nuzha Street, Jeddah"
,Sultan Al-Saud,سلطان آل سعود,Male,2019-09-09,Saudi Arabia,National ID,1168627402,,,Non-Muslim,Dammam,BRITISH,KG2,A,2024-25,267,Regular (Continuing),Seasonal Mode,Regular,2023-09-01,Yes,Yousef Al-Saud,Layla Al-Saud,+966529104491,sultan.alsaud267@parent.com,"172 Al-Nuzha Street, Jeddah"
,Anika Wang,أنيكة وانج,Female,2020-11-11,Pakistan,Iqama,,2172349661,,Muslim,Dhaka,BRITISH,Grade 1,A,2024-25,268,Transfer,Regular Mode,Transfer,2025-09-01,Yes,Zain Wang,Nayla Wang,+966548408525,anika.wang268@parent.com,"105 Al-Nuzha Street, Jeddah"
,Kabir Wang,كبير وانج,Male,2019-03-01,Jordan,Passport,,,NN7860250,Muslim,Manila,BRITISH,Grade 2,A,2024-25,269,Transfer,Regular Mode,Transfer,2022-09-01,Yes,Hassan Wang,Nayla Wang,+966590061464,kabir.wang269@parent.com,"260 Al-Nuzha Street, Jeddah"
,Ali Al-Anazi,علي العنزي,Male,2018-10-22,Saudi Arabia,National ID,1293117385,,,Non-Muslim,Riyadh,BRITISH,Grade 3,A,2024-25,270,Regular (Continuing),Online Mode,Regular,2024-09-01,Yes,Saud Al-Anazi,Jana Al-Anazi,+966584119438,ali.alanazi270@parent.com,"250 Al-Nuzha Street, Jeddah"
,Saud Al-Sulami,سعود السلمي,Male,2017-08-07,Saudi Arabia,National ID,1084179841,,,Non-Muslim,Dammam,BRITISH,Grade 4,A,2024-25,271,Regular (Continuing),Regular Mode,Regular,2025-09-01,Yes,Anas Al-Sulami,Reem Al-Sulami,+966526662730,saud.alsulami271@parent.com,"121 Al-Nuzha Street, Jeddah"
,Maya Khan,مايا خان,Female,2016-05-01,Bangladesh,Iqama,,2401809812,,Non-Muslim,Jakarta,BRITISH,Grade 5,A,2024-25,272,New Student,Online Mode,New,2023-09-01,Yes,Yusuf Khan,Sofia Khan,+966566429078,maya.khan272@parent.com,"235 Al-Nuzha Street, Jeddah"
,Junaid Garcia,جنيد جارسيا,Male,2015-05-11,Indonesia,Iqama,,2143633297,,Muslim,Mumbai,BRITISH,Grade 6,A,2024-25,273,Regular (Continuing),Online Mode,Regular,2024-09-01,Yes,Aryan Garcia,Emma Garcia,+966556876754,junaid.garcia273@parent.com,"145 Al-Nuzha Street, Jeddah"
,Hamza Sharma,حمزة شارما,Male,2014-01-02,Syria,Iqama,,2479520710,,Muslim,Cairo,BRITISH,Grade 7,A,2024-25,274,Regular (Continuing),Seasonal Mode,Regular,2025-09-01,Yes,Talha Sharma,Zoe Sharma,+966508651393,hamza.sharma274@parent.com,"35 Al-Nuzha Street, Jeddah"
,Ayaan Chen,أيان تشين,Male,2013-08-25,Philippines,Passport,,,BN1560761,Non-Muslim,Dhaka,BRITISH,Grade 8,A,2024-25,275,Transfer,Online Mode,Transfer,2022-09-01,Yes,Kabir Chen,Olivia Chen,+966559630264,ayaan.chen275@parent.com,"193 Al-Nuzha Street, Jeddah"
,Raghad Al-Fayez,رغد الفايز,Female,2012-10-23,Saudi Arabia,National ID,1026574549,,,Muslim,Jeddah,BRITISH,Grade 9,A,2024-25,276,Regular (Continuing),Seasonal Mode,Regular,2025-09-01,Yes,Saif Al-Fayez,Fatima Al-Fayez,+966573443918,raghad.alfayez276@parent.com,"292 Al-Nuzha Street, Jeddah"
,James Malik,جيمس مالك,Male,2011-08-25,India,Passport,,,NL0089499,Non-Muslim,Jakarta,BRITISH,Grade 10,A,2024-25,277,Regular (Continuing),Seasonal Mode,Regular,2022-09-01,Yes,John Malik,Nour Malik,+966567147012,james.malik277@parent.com,"225 Al-Nuzha Street, Jeddah"
,Khadija Ali,خديجة علي,Female,2010-09-05,Bangladesh,Iqama,,2692914414,,Muslim,Amman,BRITISH,Grade 11,A,2024-25,278,Regular (Continuing),Online Mode,Regular,2025-09-01,Yes,Mustafa Ali,Emma Ali,+966559027257,khadija.ali278@parent.com,"206 Al-Nuzha Street, Jeddah"
,Anaya Sharma,أنايا شارما,Female,2009-02-21,Bangladesh,Passport,,,FE3871652,Non-Muslim,Khartoum,BRITISH,Grade 12,A,2024-25,279,New Student,Regular Mode,New,2024-09-01,Yes,John Sharma,Sofia Sharma,+966559471585,anaya.sharma279@parent.com,"244 Al-Nuzha Street, Jeddah"
,Yousef Al-Anazi,يوسف العنزي,Male,2020-01-01,Saudi Arabia,National ID,1394100853,,,Muslim,Khobar,BRITISH,KG1,A,2024-25,280,New Student,Online Mode,New,2022-09-01,Yes,Bader Al-Anazi,Manal Al-Anazi,+966574072650,yousef.alanazi280@parent.com,"129 Al-Nuzha Street, Jeddah"
,Asma Al-Rashid,أسماء الراشد,Female,2019-07-20,Saudi Arabia,National ID,1603922803,,,Non-Muslim,Riyadh,BRITISH,KG2,A,2024-25,281,New Student,Online Mode,New,2024-09-01,Yes,Ammar Al-Rashid,Noura Al-Rashid,+966506103998,asma.alrashid281@parent.com,"162 Al-Nuzha Street, Jeddah"
,Salma Al-Fayez,سلمى الفايز,Female,2020-10-27,Saudi Arabia,National ID,1094274762,,,Muslim,Riyadh,BRITISH,Grade 1,A,2024-25,282,Regular (Continuing),Online Mode,Regular,2022-09-01,Yes,Talal Al-Fayez,Ghada Al-Fayez,+966539042882,salma.alfayez282@parent.com,"135 Al-Nuzha Street, Jeddah"
,Naif Al-Sulami,نايف السلمي,Male,2019-08-22,Saudi Arabia,National ID,1594920077,,,Muslim,Dammam,BRITISH,Grade 2,A,2024-25,283,Transfer,Seasonal Mode,Transfer,2023-09-01,Yes,Ibrahim Al-Sulami,Sara Al-Sulami,+966559915558,naif.alsulami283@parent.com,"18 Al-Nuzha Street, Jeddah"
,Olivia Gupta,أوليفيا جوبتا,Female,2018-08-17,Jordan,Passport,,,EM3721825,Muslim,London,BRITISH,Grade 3,A,2024-25,284,Transfer,Regular Mode,Transfer,2024-09-01,Yes,Kabir Gupta,Hira Gupta,+966570923300,olivia.gupta284@parent.com,"153 Al-Nuzha Street, Jeddah"
,Nour Ahmed,نور أحمد,Female,2017-10-15,Sudan,Passport,,,HD8041215,Muslim,Karachi,BRITISH,Grade 4,A,2024-25,285,Regular (Continuing),Seasonal Mode,Regular,2024-09-01,Yes,Bilal Ahmed,Sadia Ahmed,+966530818030,nour.ahmed285@parent.com,"200 Al-Nuzha Street, Jeddah"
,Sophia Ibrahim,سوفيا إبراهيم,Female,2016-04-13,United Kingdom,Iqama,,2611991605,,Muslim,Sanaa,BRITISH,Grade 5,A,2024-25,286,Regular (Continuing),Online Mode,Regular,2025-09-01,Yes,Hamza Ibrahim,Mehek Ibrahim,+966565078923,sophia.ibrahim286@parent.com,"224 Al-Nuzha Street, Jeddah"
,Saud Al-Anazi,سعود العنزي,Male,2015-04-03,Saudi Arabia,National ID,1258925278,,,Muslim,Mecca,BRITISH,Grade 6,A,2024-25,287,Regular (Continuing),Online Mode,Regular,2023-09-01,Yes,Raed Al-Anazi,Renad Al-Anazi,+966535746976,saud.alanazi287@parent.com,"247 Al-Nuzha Street, Jeddah"
,Adel Al-Sulami,عادل السلمي,Male,2014-04-25,Saudi Arabia,National ID,1652898022,,,Muslim,Jeddah,BRITISH,Grade 7,A,2024-25,288,Regular (Continuing),Seasonal Mode,Regular,2024-09-01,Yes,Ali Al-Sulami,Lujain Al-Sulami,+966530523205,adel.alsulami288@parent.com,"295 Al-Nuzha Street, Jeddah"
,Reema Al-Yamani,ريما اليماني,Female,2013-01-14,Saudi Arabia,National ID,1030479746,,,Muslim,Dammam,BRITISH,Grade 8,A,2024-25,289,Regular (Continuing),Seasonal Mode,Regular,2025-09-01,Yes,Turki Al-Yamani,Tala Al-Yamani,+966519372752,reema.alyamani289@parent.com,"215 Al-Nuzha Street, Jeddah"
,Majed Al-Ghamdi,ماجد الغامدي,Male,2012-10-20,Saudi Arabia,National ID,1076819015,,,Non-Muslim,Abha,BRITISH,Grade 9,A,2024-25,290,Regular (Continuing),Seasonal Mode,Regular,2025-09-01,Yes,Abdullah Al-Ghamdi,Dalal Al-Ghamdi,+966524721989,majed.alghamdi290@parent.com,"256 Al-Nuzha Street, Jeddah"
,Emma Hussain,إيما حسين,Female,2011-08-02,Indonesia,Iqama,,2432275086,,Non-Muslim,London,BRITISH,Grade 10,A,2024-25,291,New Student,Regular Mode,New,2025-09-01,Yes,Ismail Hussain,Nour Hussain,+966514372877,emma.hussain291@parent.com,"230 Al-Nuzha Street, Jeddah"
,Latifa Al-Dosari,لطيفة الدوسري,Female,2010-01-27,Saudi Arabia,National ID,1180265573,,,Muslim,Riyadh,BRITISH,Grade 11,A,2024-25,292,New Student,Seasonal Mode,New,2022-09-01,Yes,Abdullah Al-Dosari,Fatima Al-Dosari,+966505862174,latifa.aldosari292@parent.com,"77 Al-Nuzha Street, Jeddah"
,Mehek Siddiqui,مهك صديقي,Female,2009-09-21,Egypt,Iqama,,2926770408,,Non-Muslim,Manila,BRITISH,Grade 12,A,2024-25,293,New Student,Regular Mode,New,2023-09-01,Yes,John Siddiqui,Zoe Siddiqui,+966529171556,mehek.siddiqui293@parent.com,"262 Al-Nuzha Street, Jeddah"
,Zayn Patel,زين باتل,Male,2020-03-19,Syria,Iqama,,2770720545,,Muslim,London,BRITISH,KG1,A,2024-25,294,New Student,Regular Mode,New,2023-09-01,Yes,Vihaan Patel,Anaya Patel,+966573506525,zayn.patel294@parent.com,"242 Al-Nuzha Street, Jeddah"
,Rohan Saleh,روهان صالح,Male,2019-09-13,Sudan,Passport,,,GA4344022,Muslim,Damascus,BRITISH,KG2,A,2024-25,295,New Student,Online Mode,New,2025-09-01,Yes,Tariq Saleh,Zoe Saleh,+966590326929,rohan.saleh295@parent.com,"165 Al-Nuzha Street, Jeddah"
,Reem Al-Maliki,ريم المالكي,Female,2020-04-10,Saudi Arabia,National ID,1654491827,,,Muslim,Abha,BRITISH,Grade 1,A,2024-25,296,Transfer,Regular Mode,Transfer,2022-09-01,Yes,Hatim Al-Maliki,Wafa Al-Maliki,+966522561086,reem.almaliki296@parent.com,"278 Al-Nuzha Street, Jeddah"
,Aisha Kumar,عائشة كومار,Female,2019-01-06,Pakistan,Iqama,,2000555084,,Muslim,Cairo,BRITISH,Grade 2,A,2024-25,297,Regular (Continuing),Seasonal Mode,Regular,2023-09-01,Yes,John Kumar,Hira Kumar,+966531292169,aisha.kumar297@parent.com,"52 Al-Nuzha Street, Jeddah"
,Shaden Al-Fayez,شادن الفايز,Female,2018-01-27,Saudi Arabia,National ID,1236326193,,,Muslim,Tabuk,BRITISH,Grade 3,A,2024-25,298,New Student,Seasonal Mode,New,2023-09-01,Yes,Omar Al-Fayez,Fatima Al-Fayez,+966556373629,shaden.alfayez298@parent.com,"188 Al-Nuzha Street, Jeddah"
,Hassan Al-Anazi,حسن العنزي,Male,2017-02-27,Saudi Arabia,National ID,1802483793,,,Muslim,Buraidah,BRITISH,Grade 4,A,2024-25,299,Regular (Continuing),Seasonal Mode,Regular,2024-09-01,Yes,Turki Al-Anazi,Amal Al-Anazi,+966552939925,hassan.alanazi299@parent.com,"187 Al-Nuzha Street, Jeddah"
,Olivia Mansoor,أوليفيا منصور,Female,2016-12-03,Egypt,Iqama,,2591242157,,Muslim,Damascus,BRITISH,Grade 5,A,2024-25,300,Regular (Continuing),Regular Mode,Regular,2022-09-01,Yes,Tariq Mansoor,Aliya Mansoor,+966582542314,olivia.mansoor300@parent.com,"72 Al-Nuzha Street, Jeddah"
,Nawaf Al-Anazi,نواف العنزي,Male,2015-02-25,Saudi Arabia,National ID,1897565785,,,Non-Muslim,Khobar,BRITISH,Grade 6,A,2024-25,301,Regular (Continuing),Seasonal Mode,Regular,2022-09-01,Yes,Hamad Al-Anazi,Raghad Al-Anazi,+966505162413,nawaf.alanazi301@parent.com,"242 Al-Nuzha Street, Jeddah"
,Ammar Al-Sulami,عمار السلمي,Male,2014-08-27,Saudi Arabia,National ID,1312130235,,,Muslim,Dammam,BRITISH,Grade 7,A,2024-25,302,Regular (Continuing),Regular Mode,Regular,2022-09-01,Yes,Saif Al-Sulami,Dana Al-Sulami,+966588918336,ammar.alsulami302@parent.com,"227 Al-Nuzha Street, Jeddah"
,Ibrahim Al-Sulami,إبراهيم السلمي,Male,2013-04-25,Saudi Arabia,National ID,1499700897,,,Muslim,Mecca,BRITISH,Grade 8,A,2024-25,303,Regular (Continuing),Seasonal Mode,Regular,2023-09-01,Yes,Bader Al-Sulami,Tala Al-Sulami,+966524523461,ibrahim.alsulami303@parent.com,"39 Al-Nuzha Street, Jeddah"
,Ghada Al-Zahrani,غادة الزهراني,Female,2012-12-02,Saudi Arabia,National ID,1518694956,,,Muslim,Riyadh,BRITISH,Grade 9,A,2024-25,304,Regular (Continuing),Regular Mode,Regular,2023-09-01,Yes,Yousef Al-Zahrani,Tala Al-Zahrani,+966573066345,ghada.alzahrani304@parent.com,"20 Al-Nuzha Street, Jeddah"
,Saanvi Mansoor,سانفي منصور,Female,2011-09-23,Pakistan,Iqama,,2333620238,,Non-Muslim,Dhaka,BRITISH,Grade 10,A,2024-25,305,New Student,Seasonal Mode,New,2023-09-01,Yes,Zain Mansoor,Sofia Mansoor,+966585929563,saanvi.mansoor305@parent.com,"7 Al-Nuzha Street, Jeddah"
,Hamad Al-Hussein,حمد الحسين,Male,2010-07-02,Saudi Arabia,National ID,1106577264,,,Muslim,Tabuk,BRITISH,Grade 11,A,2024-25,306,New Student,Regular Mode,New,2024-09-01,Yes,Omar Al-Hussein,Hanan Al-Hussein,+966586659085,hamad.alhussein306@parent.com,"32 Al-Nuzha Street, Jeddah"
,Talal Al-Hussein,طلال الحسين,Male,2009-02-14,Saudi Arabia,National ID,1108223219,,,Muslim,Buraidah,BRITISH,Grade 12,A,2024-25,307,Regular (Continuing),Seasonal Mode,Regular,2022-09-01,Yes,Ibrahim Al-Hussein,Noura Al-Hussein,+966522179303,talal.alhussein307@parent.com,"229 Al-Nuzha Street, Jeddah"
,Rohan Garcia,روهان جارسيا,Male,2020-08-16,Indonesia,Passport,,,CC2908676,Muslim,Damascus,BRITISH,KG1,A,2024-25,308,Regular (Continuing),Online Mode,Regular,2024-09-01,Yes,Yusuf Garcia,Aliya Garcia,+966533381918,rohan.garcia308@parent.com,"231 Al-Nuzha Street, Jeddah"
,Faris Hassan,فارس حسن,Male,2019-04-11,Egypt,Passport,,,FC6910043,Muslim,Damascus,BRITISH,KG2,A,2024-25,309,New Student,Seasonal Mode,New,2022-09-01,Yes,Yusuf Hassan,Olivia Hassan,+966538498083,faris.hassan309@parent.com,"228 Al-Nuzha Street, Jeddah"
,Talal Al-Tamimi,طلال التميمي,Male,2020-01-01,Saudi Arabia,National ID,1359013201,,,Muslim,Jeddah,BRITISH,Grade 1,A,2024-25,310,Transfer,Regular Mode,Transfer,2025-09-01,Yes,Yazeed Al-Tamimi,Tala Al-Tamimi,+966508686576,talal.altamimi310@parent.com,"237 Al-Nuzha Street, Jeddah"
,Hessa Al-Yamani,حصة اليماني,Female,2019-01-03,Saudi Arabia,National ID,1534142037,,,Muslim,Tabuk,BRITISH,Grade 2,A,2024-25,311,Regular (Continuing),Seasonal Mode,Regular,2025-09-01,Yes,Nawaf Al-Yamani,Mariam Al-Yamani,+966521360232,hessa.alyamani311@parent.com,"86 Al-Nuzha Street, Jeddah"
,Ibrahim Al-Mutairi,إبراهيم المطيري,Male,2018-03-03,Saudi Arabia,National ID,1035190667,,,Muslim,Riyadh,BRITISH,Grade 3,A,2024-25,312,Regular (Continuing),Regular Mode,Regular,2024-09-01,Yes,Hassan Al-Mutairi,Reem Al-Mutairi,+966594143464,ibrahim.almutairi312@parent.com,"66 Al-Nuzha Street, Jeddah"
,Fatima Hussain,فاطمة حسين,Female,2017-09-13,India,Iqama,,2202442480,,Muslim,Mumbai,BRITISH,Grade 4,A,2024-25,313,Transfer,Online Mode,Transfer,2023-09-01,Yes,John Hussain,Anika Hussain,+966550794201,fatima.hussain313@parent.com,"286 Al-Nuzha Street, Jeddah"
,Hamad Al-Dosari,حمد الدوسري,Male,2016-07-27,Saudi Arabia,National ID,1459008664,,,Muslim,Tabuk,BRITISH,Grade 5,A,2024-25,314,New Student,Regular Mode,New,2024-09-01,Yes,Abdullah Al-Dosari,Lujain Al-Dosari,+966588617851,hamad.aldosari314@parent.com,"40 Al-Nuzha Street, Jeddah"
,Omar Al-Rashid,عمر الراشد,Male,2015-09-21,Saudi Arabia,National ID,1336888807,,,Muslim,Riyadh,BRITISH,Grade 6,A,2024-25,315,Transfer,Online Mode,Transfer,2023-09-01,Yes,Adel Al-Rashid,Reema Al-Rashid,+966589605587,omar.alrashid315@parent.com,"212 Al-Nuzha Street, Jeddah"
,Aliya Ali,عالية علي,Female,2014-01-25,Philippines,Iqama,,2937932796,,Muslim,Amman,BRITISH,Grade 7,A,2024-25,316,Transfer,Online Mode,Transfer,2022-09-01,Yes,Michael Ali,Mehek Ali,+966525179213,aliya.ali316@parent.com,"129 Al-Nuzha Street, Jeddah"
,Ziyad Al-Hashemi,زياد الهاشمي,Male,2013-02-03,Saudi Arabia,National ID,1915799187,,,Muslim,Madinah,BRITISH,Grade 8,A,2024-25,317,New Student,Seasonal Mode,New,2022-09-01,Yes,Bader Al-Hashemi,Dalal Al-Hashemi,+966588064457,ziyad.alhashemi317@parent.com,"58 Al-Nuzha Street, Jeddah"
,Waleed Al-Zahrani,وليد الزهراني,Male,2012-11-28,Saudi Arabia,National ID,1737055536,,,Muslim,Tabuk,BRITISH,Grade 9,A,2024-25,318,New Student,Regular Mode,New,2022-09-01,Yes,Ibrahim Al-Zahrani,Aljawhara Al-Zahrani,+966570787516,waleed.alzahrani318@parent.com,"18 Al-Nuzha Street, Jeddah"
,Khalid Al-Mutairi,خالد المطيري,Male,2011-03-28,Saudi Arabia,National ID,1870243113,,,Muslim,Riyadh,BRITISH,Grade 10,A,2024-25,319,New Student,Online Mode,New,2023-09-01,Yes,Ziyad Al-Mutairi,Manal Al-Mutairi,+966574736757,khalid.almutairi319@parent.com,"282 Al-Nuzha Street, Jeddah"
,Raed Al-Maliki,رائد المالكي,Male,2010-05-25,Saudi Arabia,National ID,1045607237,,,Muslim,Abha,BRITISH,Grade 11,A,2024-25,320,New Student,Seasonal Mode,New,2024-09-01,Yes,Fahad Al-Maliki,Manal Al-Maliki,+966575017856,raed.almaliki320@parent.com,"234 Al-Nuzha Street, Jeddah"
,Lama Al-Fayez,لمى الفايز,Female,2009-04-22,Saudi Arabia,National ID,1030409972,,,Muslim,Buraidah,BRITISH,Grade 12,A,2024-25,321,New Student,Seasonal Mode,New,2023-09-01,Yes,Sultan Al-Fayez,Noura Al-Fayez,+966535614701,lama.alfayez321@parent.com,"210 Al-Nuzha Street, Jeddah"
,Rohan Brown,روهان براون,Male,2020-04-05,India,Iqama,,2241193727,,Muslim,Jakarta,BRITISH,KG1,A,2024-25,322,Regular (Continuing),Seasonal Mode,Regular,2023-09-01,Yes,Ayaan Brown,Zoe Brown,+966588945020,rohan.brown322@parent.com,"69 Al-Nuzha Street, Jeddah"
,Reem Al-Qahtani,ريم القحطاني,Female,2019-04-02,Saudi Arabia,National ID,1023483133,,,Non-Muslim,Khobar,BRITISH,KG2,A,2024-25,323,New Student,Online Mode,New,2024-09-01,Yes,Nawaf Al-Qahtani,Raghad Al-Qahtani,+966598893578,reem.alqahtani323@parent.com,"122 Al-Nuzha Street, Jeddah"
,Fatima Mansoor,فاطمة منصور,Female,2020-11-20,Jordan,Iqama,,2769901193,,Muslim,Amman,BRITISH,Grade 1,A,2024-25,324,New Student,Regular Mode,New,2025-09-01,Yes,Vihaan Mansoor,Sofia Mansoor,+966548834311,fatima.mansoor324@parent.com,"255 Al-Nuzha Street, Jeddah"
,Khalid Al-Yamani,خالد اليماني,Male,2019-07-07,Saudi Arabia,National ID,1205893267,,,Muslim,Buraidah,BRITISH,Grade 2,A,2024-25,325,New Student,Regular Mode,New,2025-09-01,Yes,Waleed Al-Yamani,Mariam Al-Yamani,+966523257276,khalid.alyamani325@parent.com,"274 Al-Nuzha Street, Jeddah"
,Bilal Wang,بلال وانج,Male,2018-11-04,Philippines,Iqama,,2933656980,,Muslim,Khartoum,BRITISH,Grade 3,A,2024-25,326,New Student,Seasonal Mode,New,2025-09-01,Yes,Talha Wang,Fatima Wang,+966510421422,bilal.wang326@parent.com,"194 Al-Nuzha Street, Jeddah"
,Bilal Sharma,بلال شارما,Male,2017-08-02,United Kingdom,Passport,,,EB4425390,Muslim,Mumbai,BRITISH,Grade 4,A,2024-25,327,Regular (Continuing),Seasonal Mode,Regular,2025-09-01,Yes,Junaid Sharma,Saanvi Sharma,+966520137614,bilal.sharma327@parent.com,"48 Al-Nuzha Street, Jeddah"
,Maya Ali,مايا علي,Female,2016-05-07,Syria,Passport,,,BC2217845,Muslim,Cairo,BRITISH,Grade 5,A,2024-25,328,Regular (Continuing),Online Mode,Regular,2024-09-01,Yes,Imran Ali,Mehek Ali,+966552965268,maya.ali328@parent.com,"180 Al-Nuzha Street, Jeddah"
,Ahmed Patel,أحمد باتل,Male,2015-02-05,Jordan,Iqama,,2338067994,,Muslim,Sanaa,BRITISH,Grade 6,A,2024-25,329,Regular (Continuing),Online Mode,Regular,2022-09-01,Yes,Daniel Patel,Zoe Patel,+966537381410,ahmed.patel329@parent.com,"103 Al-Nuzha Street, Jeddah"
,Yousef Al-Shehri,يوسف الشهري,Male,2014-02-15,Saudi Arabia,National ID,1683305323,,,Muslim,Madinah,BRITISH,Grade 7,A,2024-25,330,Regular (Continuing),Regular Mode,Regular,2022-09-01,Yes,Turki Al-Shehri,Hanan Al-Shehri,+966589204752,yousef.alshehri330@parent.com,"185 Al-Nuzha Street, Jeddah"
,Amal Al-Hussein,أمل الحسين,Female,2013-03-28,Saudi Arabia,National ID,1823015194,,,Muslim,Dammam,BRITISH,Grade 8,A,2024-25,331,New Student,Seasonal Mode,New,2023-09-01,Yes,Bader Al-Hussein,Hessa Al-Hussein,+966563824639,amal.alhussein331@parent.com,"161 Al-Nuzha Street, Jeddah"
,Bader Al-Harbi,بدر الحربي,Male,2012-04-04,Saudi Arabia,National ID,1277409424,,,Muslim,Buraidah,BRITISH,Grade 9,A,2024-25,332,Regular (Continuing),Regular Mode,Regular,2024-09-01,Yes,Salman Al-Harbi,Lujain Al-Harbi,+966596303855,bader.alharbi332@parent.com,"143 Al-Nuzha Street, Jeddah"
,Hamza Gupta,حمزة جوبتا,Male,2011-11-27,Pakistan,Iqama,,2043223381,,Muslim,Mumbai,BRITISH,Grade 10,A,2024-25,333,New Student,Seasonal Mode,New,2025-09-01,Yes,David Gupta,Anaya Gupta,+966536356763,hamza.gupta333@parent.com,"141 Al-Nuzha Street, Jeddah"
,Kabir Sheikh,كبير شيخ,Male,2010-01-06,Egypt,Iqama,,2407425177,,Muslim,London,BRITISH,Grade 11,A,2024-25,334,Regular (Continuing),Online Mode,Regular,2022-09-01,Yes,Zain Sheikh,Diya Sheikh,+966540407165,kabir.sheikh334@parent.com,"284 Al-Nuzha Street, Jeddah"
,Ayaan Ahmed,أيان أحمد,Male,2009-09-11,Indonesia,Passport,,,AC0910732,Muslim,Dhaka,BRITISH,Grade 12,A,2024-25,335,Regular (Continuing),Online Mode,Regular,2022-09-01,Yes,Zain Ahmed,Sofia Ahmed,+966528243320,ayaan.ahmed335@parent.com,"280 Al-Nuzha Street, Jeddah"
,Asma Al-Yamani,أسماء اليماني,Female,2020-02-15,Saudi Arabia,National ID,1067434323,,,Muslim,Abha,BRITISH,KG1,A,2024-25,336,Regular (Continuing),Regular Mode,Regular,2022-09-01,Yes,Hamad Al-Yamani,Fatima Al-Yamani,+966517550434,asma.alyamani336@parent.com,"143 Al-Nuzha Street, Jeddah"
,Dana Al-Rashid,دانا الراشد,Female,2019-05-23,Saudi Arabia,National ID,1623073907,,,Non-Muslim,Abha,BRITISH,KG2,A,2024-25,337,Transfer,Regular Mode,Transfer,2024-09-01,Yes,Bader Al-Rashid,Salma Al-Rashid,+966504007094,dana.alrashid337@parent.com,"129 Al-Nuzha Street, Jeddah"
,Manal Al-Mutairi,منال المطيري,Female,2020-09-21,Saudi Arabia,National ID,1904357563,,,Non-Muslim,Riyadh,BRITISH,Grade 1,A,2024-25,338,New Student,Regular Mode,New,2023-09-01,Yes,Hatim Al-Mutairi,Reema Al-Mutairi,+966520259394,manal.almutairi338@parent.com,"148 Al-Nuzha Street, Jeddah"
,Amal Al-Anazi,أمل العنزي,Female,2019-09-22,Saudi Arabia,National ID,1649418319,,,Muslim,Mecca,BRITISH,Grade 2,A,2024-25,339,Regular (Continuing),Online Mode,Regular,2022-09-01,Yes,Saif Al-Anazi,Amal Al-Anazi,+966545786003,amal.alanazi339@parent.com,"189 Al-Nuzha Street, Jeddah"
,Nawaf Al-Anazi,نواف العنزي,Male,2018-04-04,Saudi Arabia,National ID,1625419601,,,Muslim,Madinah,BRITISH,Grade 3,A,2024-25,340,Transfer,Seasonal Mode,Transfer,2024-09-01,Yes,Bandar Al-Anazi,Reem Al-Anazi,+966549864235,nawaf.alanazi340@parent.com,"111 Al-Nuzha Street, Jeddah"
,Olivia Mahmood,أوليفيا محمود,Female,2017-05-14,India,Iqama,,2717536227,,Muslim,New York,BRITISH,Grade 4,A,2024-25,341,Transfer,Seasonal Mode,Transfer,2024-09-01,Yes,Ismail Mahmood,Mehek Mahmood,+966534828500,olivia.mahmood341@parent.com,"178 Al-Nuzha Street, Jeddah"
,Hira Hassan,هيرا حسن,Female,2016-09-17,Pakistan,Iqama,,2479012383,,Muslim,Damascus,BRITISH,Grade 5,A,2024-25,342,Regular (Continuing),Online Mode,Regular,2024-09-01,Yes,Yusuf Hassan,Sofia Hassan,+966519689319,hira.hassan342@parent.com,"264 Al-Nuzha Street, Jeddah"
,Talal Al-Shehri,طلال الشهري,Male,2015-12-23,Saudi Arabia,National ID,1129834252,,,Muslim,Madinah,BRITISH,Grade 6,A,2024-25,343,Regular (Continuing),Regular Mode,Regular,2025-09-01,Yes,Abdullah Al-Shehri,Layla Al-Shehri,+966583076236,talal.alshehri343@parent.com,"15 Al-Nuzha Street, Jeddah"
,Dalal Al-Harbi,دلال الحربي,Female,2014-04-05,Saudi Arabia,National ID,1677825356,,,Muslim,Buraidah,BRITISH,Grade 7,A,2024-25,344,Regular (Continuing),Seasonal Mode,Regular,2022-09-01,Yes,Hatim Al-Harbi,Manal Al-Harbi,+966501299114,dalal.alharbi344@parent.com,"65 Al-Nuzha Street, Jeddah"
,Anas Al-Anazi,أنس العنزي,Male,2013-04-28,Saudi Arabia,National ID,1080845223,,,Muslim,Jeddah,BRITISH,Grade 8,A,2024-25,345,Transfer,Online Mode,Transfer,2023-09-01,Yes,Waleed Al-Anazi,Shaden Al-Anazi,+966592702435,anas.alanazi345@parent.com,"158 Al-Nuzha Street, Jeddah"
,Khadija Ibrahim,خديجة إبراهيم,Female,2012-02-16,Indonesia,Passport,,,HF4580058,Muslim,Dhaka,BRITISH,Grade 9,A,2024-25,346,Regular (Continuing),Online Mode,Regular,2025-09-01,Yes,Rohan Ibrahim,Maya Ibrahim,+966517717275,khadija.ibrahim346@parent.com,"110 Al-Nuzha Street, Jeddah"
,Salma Al-Maliki,سلمى المالكي,Female,2011-06-05,Saudi Arabia,National ID,1668504019,,,Muslim,Dammam,BRITISH,Grade 10,A,2024-25,347,Regular (Continuing),Seasonal Mode,Regular,2025-09-01,Yes,Anas Al-Maliki,Mariam Al-Maliki,+966585079217,salma.almaliki347@parent.com,"205 Al-Nuzha Street, Jeddah"
,Amal Al-Sudais,أمل السديس,Female,2010-05-12,Saudi Arabia,National ID,1501953658,,,Non-Muslim,Riyadh,BRITISH,Grade 11,A,2024-25,348,New Student,Seasonal Mode,New,2025-09-01,Yes,Turki Al-Sudais,Dalal Al-Sudais,+966515165519,amal.alsudais348@parent.com,"220 Al-Nuzha Street, Jeddah"
,Zoe Habib,زوي حبيب,Female,2009-11-25,United States,Iqama,,2423676974,,Muslim,Amman,BRITISH,Grade 12,A,2024-25,349,New Student,Online Mode,New,2022-09-01,Yes,Hassan Habib,Anaya Habib,+966562700619,zoe.habib349@parent.com,"13 Al-Nuzha Street, Jeddah"
,Sofia Sharma,صوفيا شارما,Female,2020-05-25,Jordan,Passport,,,ED1214059,Muslim,Sanaa,BRITISH,KG1,A,2024-25,350,New Student,Online Mode,New,2022-09-01,Yes,Aryan Sharma,Nour Sharma,+966541302111,sofia.sharma350@parent.com,"150 Al-Nuzha Street, Jeddah"
,Aliya Mahmood,عالية محمود,Female,2019-10-21,Indonesia,Passport,,,KJ9543342,Muslim,Jakarta,BRITISH,KG2,A,2024-25,351,Regular (Continuing),Online Mode,Regular,2023-09-01,Yes,Vihaan Mahmood,Diya Mahmood,+966517965076,aliya.mahmood351@parent.com,"191 Al-Nuzha Street, Jeddah"
,Saanvi Smith,سانفي سميث,Female,2020-08-16,Pakistan,Iqama,,2183836990,,Non-Muslim,Cairo,BRITISH,Grade 1,A,2024-25,352,Regular (Continuing),Seasonal Mode,Regular,2023-09-01,Yes,Imran Smith,Sana Smith,+966588981636,saanvi.smith352@parent.com,"29 Al-Nuzha Street, Jeddah"
,Majed Al-Mutairi,ماجد المطيري,Male,2019-12-22,Saudi Arabia,National ID,1955816361,,,Muslim,Jeddah,BRITISH,Grade 2,A,2024-25,353,Regular (Continuing),Regular Mode,Regular,2025-09-01,Yes,Ziyad Al-Mutairi,Asma Al-Mutairi,+966582673915,majed.almutairi353@parent.com,"249 Al-Nuzha Street, Jeddah"
,Bilal Khan,بلال خان,Male,2018-01-21,Yemen,Iqama,,2744758507,,Muslim,New York,BRITISH,Grade 3,A,2024-25,354,Regular (Continuing),Seasonal Mode,Regular,2024-09-01,Yes,Talha Khan,Khadija Khan,+966532828553,bilal.khan354@parent.com,"230 Al-Nuzha Street, Jeddah"
,Ghada Al-Rashid,غادة الراشد,Female,2017-04-15,Saudi Arabia,National ID,1276561840,,,Non-Muslim,Buraidah,BRITISH,Grade 4,A,2024-25,355,Regular (Continuing),Regular Mode,Regular,2025-09-01,Yes,Bandar Al-Rashid,Dana Al-Rashid,+966513376082,ghada.alrashid355@parent.com,"134 Al-Nuzha Street, Jeddah"
,Adam Khan,آدم خان,Male,2016-08-13,Philippines,Iqama,,2986235076,,Non-Muslim,Khartoum,BRITISH,Grade 5,A,2024-25,356,Regular (Continuing),Regular Mode,Regular,2024-09-01,Yes,Mustafa Khan,Riya Khan,+966597656468,adam.khan356@parent.com,"12 Al-Nuzha Street, Jeddah"
,Nawaf Al-Fayez,نواف الفايز,Male,2015-12-10,Saudi Arabia,National ID,1691548790,,,Muslim,Riyadh,BRITISH,Grade 6,A,2024-25,357,Regular (Continuing),Regular Mode,Regular,2022-09-01,Yes,Sultan Al-Fayez,Raghad Al-Fayez,+966536407168,nawaf.alfayez357@parent.com,"244 Al-Nuzha Street, Jeddah"
,Mehek Reddy,مهك ريدي,Female,2014-08-07,United Kingdom,Passport,,,GK7961423,Muslim,Karachi,BRITISH,Grade 7,A,2024-25,358,Transfer,Online Mode,Transfer,2024-09-01,Yes,John Reddy,Nayla Reddy,+966567004562,mehek.reddy358@parent.com,"228 Al-Nuzha Street, Jeddah"
,Salman Al-Yamani,سلمان اليماني,Male,2013-08-13,Saudi Arabia,National ID,1979112613,,,Muslim,Mecca,BRITISH,Grade 8,A,2024-25,359,Regular (Continuing),Regular Mode,Regular,2023-09-01,Yes,Ziyad Al-Yamani,Raghad Al-Yamani,+966533247794,salman.alyamani359@parent.com,"245 Al-Nuzha Street, Jeddah"
,Ziyad Al-Sudais,زياد السديس,Male,2012-09-26,Saudi Arabia,National ID,1460413762,,,Muslim,Riyadh,BRITISH,Grade 9,A,2024-25,360,Transfer,Seasonal Mode,Transfer,2024-09-01,Yes,Bandar Al-Sudais,Noura Al-Sudais,+966560536889,ziyad.alsudais360@parent.com,"120 Al-Nuzha Street, Jeddah"
,Joud Al-Qahtani,جود القحطاني,Female,2011-09-28,Saudi Arabia,National ID,1032863162,,,Muslim,Riyadh,BRITISH,Grade 10,A,2024-25,361,Regular (Continuing),Seasonal Mode,Regular,2025-09-01,Yes,Ammar Al-Qahtani,Sara Al-Qahtani,+966558307375,joud.alqahtani361@parent.com,"112 Al-Nuzha Street, Jeddah"
,Ziyad Al-Shehri,زياد الشهري,Male,2010-01-03,Saudi Arabia,National ID,1016730099,,,Muslim,Mecca,BRITISH,Grade 11,A,2024-25,362,Transfer,Seasonal Mode,Transfer,2023-09-01,Yes,Salman Al-Shehri,Fatima Al-Shehri,+966502952130,ziyad.alshehri362@parent.com,"56 Al-Nuzha Street, Jeddah"
,Ghada Al-Harbi,غادة الحربي,Female,2009-05-04,Saudi Arabia,National ID,1644088789,,,Muslim,Madinah,BRITISH,Grade 12,A,2024-25,363,New Student,Online Mode,New,2023-09-01,Yes,Saud Al-Harbi,Dana Al-Harbi,+966512200158,ghada.alharbi363@parent.com,"112 Al-Nuzha Street, Jeddah"
,Jana Al-Shehri,جنى الشهري,Female,2020-01-20,Saudi Arabia,National ID,1008008672,,,Non-Muslim,Mecca,BRITISH,KG1,A,2024-25,364,New Student,Regular Mode,New,2025-09-01,Yes,Majed Al-Shehri,Maha Al-Shehri,+966595163206,jana.alshehri364@parent.com,"52 Al-Nuzha Street, Jeddah"
,Naif Al-Ghamdi,نايف الغامدي,Male,2019-08-22,Saudi Arabia,National ID,1500694041,,,Muslim,Dammam,BRITISH,KG2,A,2024-25,365,Regular (Continuing),Online Mode,Regular,2025-09-01,Yes,Khalid Al-Ghamdi,Reem Al-Ghamdi,+966521806714,naif.alghamdi365@parent.com,"80 Al-Nuzha Street, Jeddah"
,Manal Al-Zahrani,منال الزهراني,Female,2020-09-25,Saudi Arabia,National ID,1668522987,,,Muslim,Madinah,BRITISH,Grade 1,A,2024-25,366,Regular (Continuing),Online Mode,Regular,2025-09-01,Yes,Talal Al-Zahrani,Sara Al-Zahrani,+966570713587,manal.alzahrani366@parent.com,"74 Al-Nuzha Street, Jeddah"
,Joud Al-Dosari,جود الدوسري,Female,2019-01-25,Saudi Arabia,National ID,1315733377,,,Muslim,Riyadh,BRITISH,Grade 2,A,2024-25,367,Regular (Continuing),Seasonal Mode,Regular,2025-09-01,Yes,Raed Al-Dosari,Jana Al-Dosari,+966583716747,joud.aldosari367@parent.com,"210 Al-Nuzha Street, Jeddah"
,Vihaan Smith,فيهان سميث,Male,2018-08-04,Indonesia,Iqama,,2771534147,,Muslim,Amman,BRITISH,Grade 3,A,2024-25,368,New Student,Regular Mode,New,2025-09-01,Yes,Hassan Smith,Anika Smith,+966518894571,vihaan.smith368@parent.com,"113 Al-Nuzha Street, Jeddah"
,Lujain Al-Sabah,لجين الصباح,Female,2017-08-22,Saudi Arabia,National ID,1451933903,,,Muslim,Riyadh,BRITISH,Grade 4,A,2024-25,369,New Student,Seasonal Mode,New,2025-09-01,Yes,Mohammed Al-Sabah,Wafa Al-Sabah,+966567448774,lujain.alsabah369@parent.com,"202 Al-Nuzha Street, Jeddah"
,Mustafa Rahman,مصطفى رحمن,Male,2016-06-08,Pakistan,Iqama,,2705351740,,Muslim,Cairo,BRITISH,Grade 5,A,2024-25,370,New Student,Seasonal Mode,New,2024-09-01,Yes,Imran Rahman,Sadia Rahman,+966577881940,mustafa.rahman370@parent.com,"209 Al-Nuzha Street, Jeddah"
,Kabir Gupta,كبير جوبتا,Male,2015-10-11,Egypt,Passport,,,EB9494199,Muslim,Karachi,BRITISH,Grade 6,A,2024-25,371,Regular (Continuing),Seasonal Mode,Regular,2024-09-01,Yes,Faris Gupta,Fatima Gupta,+966568133687,kabir.gupta371@parent.com,"129 Al-Nuzha Street, Jeddah"
,Dana Al-Anazi,دانا العنزي,Female,2014-12-27,Saudi Arabia,National ID,1289311046,,,Muslim,Tabuk,BRITISH,Grade 7,A,2024-25,372,Regular (Continuing),Regular Mode,Regular,2023-09-01,Yes,Salman Al-Anazi,Raghad Al-Anazi,+966589691255,dana.alanazi372@parent.com,"10 Al-Nuzha Street, Jeddah"
,Reem Al-Mutairi,ريم المطيري,Female,2013-05-03,Saudi Arabia,National ID,1997589229,,,Muslim,Madinah,BRITISH,Grade 8,A,2024-25,373,Regular (Continuing),Online Mode,Regular,2022-09-01,Yes,Ali Al-Mutairi,Salma Al-Mutairi,+966567151446,reem.almutairi373@parent.com,"40 Al-Nuzha Street, Jeddah"
,Faris Ahmed,فارس أحمد,Male,2012-07-16,Philippines,Iqama,,2663363826,,Muslim,Jakarta,BRITISH,Grade 9,A,2024-25,374,Regular (Continuing),Online Mode,Regular,2022-09-01,Yes,John Ahmed,Saanvi Ahmed,+966552633826,faris.ahmed374@parent.com,"112 Al-Nuzha Street, Jeddah"
,Sara Al-Sabah,سارة الصباح,Female,2011-10-25,Saudi Arabia,National ID,1125278540,,,Muslim,Riyadh,BRITISH,Grade 10,A,2024-25,375,Regular (Continuing),Seasonal Mode,Regular,2022-09-01,Yes,Hatim Al-Sabah,Norah Al-Sabah,+966521529759,sara.alsabah375@parent.com,"207 Al-Nuzha Street, Jeddah"
,Mehek Hussain,مهك حسين,Female,2010-09-26,India,Iqama,,2627263217,,Muslim,Amman,BRITISH,Grade 11,A,2024-25,376,Transfer,Online Mode,Transfer,2023-09-01,Yes,Yusuf Hussain,Riya Hussain,+966561087666,mehek.hussain376@parent.com,"141 Al-Nuzha Street, Jeddah"
,Nayla Kim,نايلة كيم,Female,2009-11-09,Indonesia,Iqama,,2228719217,,Non-Muslim,Cairo,BRITISH,Grade 12,A,2024-25,377,Transfer,Online Mode,Transfer,2024-09-01,Yes,John Kim,Aliya Kim,+966565726424,nayla.kim377@parent.com,"194 Al-Nuzha Street, Jeddah"
,Fahad Al-Saud,فهد آل سعود,Male,2020-12-23,Saudi Arabia,National ID,1649524143,,,Muslim,Madinah,BRITISH,KG1,A,2024-25,378,New Student,Online Mode,New,2025-09-01,Yes,Bandar Al-Saud,Hessa Al-Saud,+966566483233,fahad.alsaud378@parent.com,"203 Al-Nuzha Street, Jeddah"
,Dana Al-Sulami,دانا السلمي,Female,2019-05-15,Saudi Arabia,National ID,1631295491,,,Non-Muslim,Dammam,BRITISH,KG2,A,2024-25,379,Regular (Continuing),Seasonal Mode,Regular,2023-09-01,Yes,Omar Al-Sulami,Shaden Al-Sulami,+966580184303,dana.alsulami379@parent.com,"259 Al-Nuzha Street, Jeddah"
,Jana Al-Anazi,جنى العنزي,Female,2020-12-13,Saudi Arabia,National ID,1721109946,,,Non-Muslim,Tabuk,BRITISH,Grade 1,A,2024-25,380,Transfer,Regular Mode,Transfer,2024-09-01,Yes,Omar Al-Anazi,Reem Al-Anazi,+966559430893,jana.alanazi380@parent.com,"259 Al-Nuzha Street, Jeddah"
,Anvi Ali,أنفي علي,Female,2019-04-19,Pakistan,Iqama,,2965193748,,Muslim,London,BRITISH,Grade 2,A,2024-25,381,New Student,Seasonal Mode,New,2024-09-01,Yes,Yusuf Ali,Sophia Ali,+966554774039,anvi.ali381@parent.com,"170 Al-Nuzha Street, Jeddah"
,Adel Al-Qahtani,عادل القحطاني,Male,2018-10-28,Saudi Arabia,National ID,1956520830,,,Muslim,Khobar,BRITISH,Grade 3,A,2024-25,382,New Student,Seasonal Mode,New,2024-09-01,Yes,Bader Al-Qahtani,Dana Al-Qahtani,+966520792419,adel.alqahtani382@parent.com,"159 Al-Nuzha Street, Jeddah"
,Yazeed Al-Sabah,يزيد الصباح,Male,2017-08-20,Saudi Arabia,National ID,1913144610,,,Muslim,Jeddah,BRITISH,Grade 4,A,2024-25,383,New Student,Regular Mode,New,2024-09-01,Yes,Omar Al-Sabah,Mariam Al-Sabah,+966590877994,yazeed.alsabah383@parent.com,"269 Al-Nuzha Street, Jeddah"
,Aisha Al-Fayez,عائشة الفايز,Female,2016-04-05,Saudi Arabia,National ID,1919036776,,,Muslim,Jeddah,BRITISH,Grade 5,A,2024-25,384,Transfer,Regular Mode,Transfer,2024-09-01,Yes,Ali Al-Fayez,Aljawhara Al-Fayez,+966542819284,aisha.alfayez384@parent.com,"214 Al-Nuzha Street, Jeddah"
,Aliya Sheikh,عالية شيخ,Female,2015-06-16,Bangladesh,Iqama,,2088274011,,Non-Muslim,Damascus,BRITISH,Grade 6,A,2024-25,385,New Student,Online Mode,New,2023-09-01,Yes,Imran Sheikh,Saanvi Sheikh,+966518589898,aliya.sheikh385@parent.com,"248 Al-Nuzha Street, Jeddah"
,Zoe Mansoor,زوي منصور,Female,2014-02-02,Yemen,Iqama,,2630463153,,Muslim,New York,BRITISH,Grade 7,A,2024-25,386,New Student,Online Mode,New,2022-09-01,Yes,Imran Mansoor,Khadija Mansoor,+966544778706,zoe.mansoor386@parent.com,"2 Al-Nuzha Street, Jeddah"
,David Saleh,ديفيد صالح,Male,2013-11-06,Bangladesh,Iqama,,2789265283,,Muslim,Mumbai,BRITISH,Grade 8,A,2024-25,387,Regular (Continuing),Regular Mode,Regular,2022-09-01,Yes,Talha Saleh,Anaya Saleh,+966553245476,david.saleh387@parent.com,"247 Al-Nuzha Street, Jeddah"
,Mariam Wang,مريم وانج,Female,2012-06-17,Bangladesh,Iqama,,2064024917,,Non-Muslim,Damascus,BRITISH,Grade 9,A,2024-25,388,Regular (Continuing),Seasonal Mode,Regular,2024-09-01,Yes,Ayaan Wang,Riya Wang,+966508410222,mariam.wang388@parent.com,"227 Al-Nuzha Street, Jeddah"
,Kabir Reddy,كبير ريدي,Male,2011-06-03,United Kingdom,Iqama,,2262601092,,Muslim,Sanaa,BRITISH,Grade 10,A,2024-25,389,Regular (Continuing),Regular Mode,Regular,2025-09-01,Yes,Michael Reddy,Nour Reddy,+966599846884,kabir.reddy389@parent.com,"145 Al-Nuzha Street, Jeddah"
,Rohan Garcia,روهان جارسيا,Male,2010-02-23,Pakistan,Passport,,,CB2495577,Muslim,Mumbai,BRITISH,Grade 11,A,2024-25,390,Regular (Continuing),Regular Mode,Regular,2025-09-01,Yes,Ayaan Garcia,Mariam Garcia,+966552679545,rohan.garcia390@parent.com,"72 Al-Nuzha Street, Jeddah"
,Hanan Al-Qahtani,حنان القحطاني,Female,2009-06-21,Saudi Arabia,National ID,1116093529,,,Muslim,Khobar,BRITISH,Grade 12,A,2024-25,391,New Student,Online Mode,New,2023-09-01,Yes,Yazeed Al-Qahtani,Norah Al-Qahtani,+966522921163,hanan.alqahtani391@parent.com,"122 Al-Nuzha Street, Jeddah"
,Dana Al-Tamimi,دانا التميمي,Female,2020-05-16,Saudi Arabia,National ID,1987492332,,,Non-Muslim,Dammam,BRITISH,KG1,A,2024-25,392,New Student,Regular Mode,New,2023-09-01,Yes,Ammar Al-Tamimi,Amal Al-Tamimi,+966513664230,dana.altamimi392@parent.com,"215 Al-Nuzha Street, Jeddah"
,Reema Al-Sabah,ريما الصباح,Female,2019-09-24,Saudi Arabia,National ID,1184017703,,,Muslim,Dammam,BRITISH,KG2,A,2024-25,393,Regular (Continuing),Online Mode,Regular,2025-09-01,Yes,Faisal Al-Sabah,Reema Al-Sabah,+966560500218,reema.alsabah393@parent.com,"206 Al-Nuzha Street, Jeddah"
,Talal Al-Rashid,طلال الراشد,Male,2020-08-12,Saudi Arabia,National ID,1611240221,,,Muslim,Jeddah,BRITISH,Grade 1,A,2024-25,394,Regular (Continuing),Online Mode,Regular,2024-09-01,Yes,Saif Al-Rashid,Fatima Al-Rashid,+966554110080,talal.alrashid394@parent.com,"81 Al-Nuzha Street, Jeddah"
,Salma Al-Zahrani,سلمى الزهراني,Female,2019-12-27,Saudi Arabia,National ID,1148161326,,,Muslim,Abha,BRITISH,Grade 2,A,2024-25,395,Regular (Continuing),Online Mode,Regular,2023-09-01,Yes,Khalid Al-Zahrani,Dana Al-Zahrani,+966588403295,salma.alzahrani395@parent.com,"38 Al-Nuzha Street, Jeddah"
,Fahad Al-Saud,فهد آل سعود,Male,2018-09-26,Saudi Arabia,National ID,1134484715,,,Muslim,Khobar,BRITISH,Grade 3,A,2024-25,396,Transfer,Regular Mode,Transfer,2022-09-01,Yes,Majed Al-Saud,Ghada Al-Saud,+966569601309,fahad.alsaud396@parent.com,"9 Al-Nuzha Street, Jeddah"
,Shaden Al-Rashid,شادن الراشد,Female,2017-04-15,Saudi Arabia,National ID,1042795967,,,Muslim,Tabuk,BRITISH,Grade 4,A,2024-25,397,New Student,Regular Mode,New,2023-09-01,Yes,Mohammed Al-Rashid,Amal Al-Rashid,+966583992897,shaden.alrashid397@parent.com,"72 Al-Nuzha Street, Jeddah"
,Saif Al-Anazi,سيف العنزي,Male,2016-04-15,Saudi Arabia,National ID,1596508457,,,Non-Muslim,Madinah,BRITISH,Grade 5,A,2024-25,398,Transfer,Seasonal Mode,Transfer,2024-09-01,Yes,Fahad Al-Anazi,Renad Al-Anazi,+966548873411,saif.alanazi398@parent.com,"146 Al-Nuzha Street, Jeddah"
,Zoe Ibrahim,زوي إبراهيم,Female,2015-05-02,Egypt,Iqama,,2379114938,,Non-Muslim,Cairo,BRITISH,Grade 6,A,2024-25,399,New Student,Online Mode,New,2022-09-01,Yes,Ismail Ibrahim,Sadia Ibrahim,+966510729229,zoe.ibrahim399@parent.com,"206 Al-Nuzha Street, Jeddah"
,Ismail Ahmed,إسماعيل أحمد,Male,2014-05-26,Philippines,Iqama,,2985770876,,Non-Muslim,Karachi,BRITISH,Grade 7,A,2024-25,400,Transfer,Regular Mode,Transfer,2023-09-01,Yes,Zain Ahmed,Anaya Ahmed,+966515729291,ismail.ahmed400@parent.com,"158 Al-Nuzha Street, Jeddah"
,Ismail Smith,إسماعيل سميث,Male,2013-04-16,Sudan,Iqama,,2923738558,,Non-Muslim,Sanaa,BRITISH,Grade 8,A,2024-25,401,Transfer,Regular Mode,Transfer,2025-09-01,Yes,Mustafa Smith,Olivia Smith,+966575128041,ismail.smith401@parent.com,"225 Al-Nuzha Street, Jeddah"
,Tariq Kumar,طارق كومار,Male,2012-06-18,Sudan,Iqama,,2962831073,,Muslim,Jakarta,BRITISH,Grade 9,A,2024-25,402,Regular (Continuing),Online Mode,Regular,2022-09-01,Yes,Imran Kumar,Emma Kumar,+966583164648,tariq.kumar402@parent.com,"198 Al-Nuzha Street, Jeddah"
,Daniel Kumar,دانيال كومار,Male,2011-12-04,United States,Iqama,,2698540318,,Non-Muslim,Damascus,BRITISH,Grade 10,A,2024-25,403,Regular (Continuing),Seasonal Mode,Regular,2024-09-01,Yes,Mustafa Kumar,Sadia Kumar,+966589559921,daniel.kumar403@parent.com,"32 Al-Nuzha Street, Jeddah"
,Ghada Al-Shehri,غادة الشهري,Female,2010-01-14,Saudi Arabia,National ID,1357906956,,,Non-Muslim,Dammam,BRITISH,Grade 11,A,2024-25,404,Regular (Continuing),Regular Mode,Regular,2023-09-01,Yes,Naif Al-Shehri,Layla Al-Shehri,+966521784639,ghada.alshehri404@parent.com,"172 Al-Nuzha Street, Jeddah"
,Joud Al-Qahtani,جود القحطاني,Female,2009-03-03,Saudi Arabia,National ID,1937478304,,,Muslim,Abha,BRITISH,Grade 12,A,2024-25,405,New Student,Regular Mode,New,2024-09-01,Yes,Hatim Al-Qahtani,Lujain Al-Qahtani,+966595604392,joud.alqahtani405@parent.com,"292 Al-Nuzha Street, Jeddah"
,Shaden Al-Mutairi,شادن المطيري,Female,2020-12-21,Saudi Arabia,National ID,1839742926,,,Non-Muslim,Buraidah,BRITISH,KG1,A,2024-25,406,Regular (Continuing),Regular Mode,Regular,2022-09-01,Yes,Adel Al-Mutairi,Renad Al-Mutairi,+966501767334,shaden.almutairi406@parent.com,"49 Al-Nuzha Street, Jeddah"
,Majed Al-Tamimi,ماجد التميمي,Male,2019-05-19,Saudi Arabia,National ID,1540160124,,,Muslim,Abha,BRITISH,KG2,A,2024-25,407,Regular (Continuing),Online Mode,Regular,2022-09-01,Yes,Hamad Al-Tamimi,Maha Al-Tamimi,+966560880732,majed.altamimi407@parent.com,"159 Al-Nuzha Street, Jeddah"
,Omar Al-Tamimi,عمر التميمي,Male,2020-04-04,Saudi Arabia,National ID,1845072554,,,Muslim,Buraidah,BRITISH,Grade 1,A,2024-25,408,New Student,Seasonal Mode,New,2022-09-01,Yes,Ziyad Al-Tamimi,Manal Al-Tamimi,+966535243120,omar.altamimi408@parent.com,"97 Al-Nuzha Street, Jeddah"
,Talal Al-Maliki,طلال المالكي,Male,2019-10-04,Saudi Arabia,National ID,1413033925,,,Muslim,Madinah,BRITISH,Grade 2,A,2024-25,409,Transfer,Regular Mode,Transfer,2024-09-01,Yes,Majed Al-Maliki,Aljawhara Al-Maliki,+966599545782,talal.almaliki409@parent.com,"44 Al-Nuzha Street, Jeddah"
,Ibrahim Al-Shehri,إبراهيم الشهري,Male,2018-05-28,Saudi Arabia,National ID,1623305657,,,Muslim,Khobar,BRITISH,Grade 3,A,2024-25,410,New Student,Seasonal Mode,New,2024-09-01,Yes,Mohammed Al-Shehri,Layla Al-Shehri,+966565387928,ibrahim.alshehri410@parent.com,"189 Al-Nuzha Street, Jeddah"
,Nour Mahmood,نور محمود,Female,2017-12-19,Egypt,Iqama,,2714457855,,Muslim,Amman,BRITISH,Grade 4,A,2024-25,411,Regular (Continuing),Regular Mode,Regular,2022-09-01,Yes,David Mahmood,Aliya Mahmood,+966591422042,nour.mahmood411@parent.com,"37 Al-Nuzha Street, Jeddah"
,Hatim Al-Shehri,حاتم الشهري,Male,2016-07-06,Saudi Arabia,National ID,1536969650,,,Muslim,Dammam,BRITISH,Grade 5,A,2024-25,412,New Student,Seasonal Mode,New,2022-09-01,Yes,Yazeed Al-Shehri,Asma Al-Shehri,+966543914303,hatim.alshehri412@parent.com,"19 Al-Nuzha Street, Jeddah"
,Shaden Al-Saud,شادن آل سعود,Female,2015-01-04,Saudi Arabia,National ID,1677016775,,,Muslim,Mecca,BRITISH,Grade 6,A,2024-25,413,Transfer,Seasonal Mode,Transfer,2022-09-01,Yes,Hamad Al-Saud,Latifa Al-Saud,+966586582649,shaden.alsaud413@parent.com,"227 Al-Nuzha Street, Jeddah"
,Anaya Wang,أنايا وانج,Female,2014-12-20,Egypt,Iqama,,2028092260,,Muslim,Manila,BRITISH,Grade 7,A,2024-25,414,Regular (Continuing),Seasonal Mode,Regular,2025-09-01,Yes,Hamza Wang,Diya Wang,+966535136153,anaya.wang414@parent.com,"294 Al-Nuzha Street, Jeddah"
,Rohan Chen,روهان تشين,Male,2013-11-17,Egypt,Iqama,,2589848006,,Muslim,Dhaka,BRITISH,Grade 8,A,2024-25,415,New Student,Regular Mode,New,2022-09-01,Yes,Yusuf Chen,Mehek Chen,+966511374109,rohan.chen415@parent.com,"263 Al-Nuzha Street, Jeddah"
,Emma Saleh,إيما صالح,Female,2012-04-09,Pakistan,Iqama,,2064671927,,Non-Muslim,Mumbai,BRITISH,Grade 9,A,2024-25,416,Transfer,Seasonal Mode,Transfer,2024-09-01,Yes,Mustafa Saleh,Hira Saleh,+966593786812,emma.saleh416@parent.com,"77 Al-Nuzha Street, Jeddah"
,Adam Kim,آدم كيم,Male,2011-03-18,Bangladesh,Iqama,,2166389424,,Muslim,Karachi,BRITISH,Grade 10,A,2024-25,417,Regular (Continuing),Online Mode,Regular,2025-09-01,Yes,Michael Kim,Emma Kim,+966529374252,adam.kim417@parent.com,"5 Al-Nuzha Street, Jeddah"
,Manal Al-Otaibi,منال العتيبي,Female,2010-04-25,Saudi Arabia,National ID,1450429365,,,Muslim,Riyadh,BRITISH,Grade 11,A,2024-25,418,Transfer,Regular Mode,Transfer,2025-09-01,Yes,Omar Al-Otaibi,Amal Al-Otaibi,+966551377129,manal.alotaibi418@parent.com,"198 Al-Nuzha Street, Jeddah"
,Talha Malik,طلحة مالك,Male,2009-05-22,Syria,Iqama,,2975764200,,Non-Muslim,Damascus,BRITISH,Grade 12,A,2024-25,419,Regular (Continuing),Online Mode,Regular,2024-09-01,Yes,Yusuf Malik,Zainab Malik,+966509652599,talha.malik419@parent.com,"216 Al-Nuzha Street, Jeddah"
,Renad Al-Qahtani,رناد القحطاني,Female,2020-06-14,Saudi Arabia,National ID,1139578686,,,Muslim,Dammam,BRITISH,KG1,A,2024-25,420,Transfer,Online Mode,Transfer,2023-09-01,Yes,Yousef Al-Qahtani,Joud Al-Qahtani,+966594690367,renad.alqahtani420@parent.com,"24 Al-Nuzha Street, Jeddah"
,Nour Khan,نور خان,Female,2019-05-26,Sudan,Iqama,,2695548475,,Muslim,Amman,BRITISH,KG2,A,2024-25,421,New Student,Seasonal Mode,New,2024-09-01,Yes,James Khan,Zoe Khan,+966527925912,nour.khan421@parent.com,"14 Al-Nuzha Street, Jeddah"
,Michael Sheikh,مايكل شيخ,Male,2020-04-09,Egypt,Passport,,,FM9291848,Muslim,New York,BRITISH,Grade 1,A,2024-25,422,New Student,Seasonal Mode,New,2025-09-01,Yes,Zayn Sheikh,Zainab Sheikh,+966585914567,michael.sheikh422@parent.com,"265 Al-Nuzha Street, Jeddah"
,Salma Al-Tamimi,سلمى التميمي,Female,2019-11-12,Saudi Arabia,National ID,1905897158,,,Muslim,Tabuk,BRITISH,Grade 2,A,2024-25,423,Transfer,Regular Mode,Transfer,2023-09-01,Yes,Mohammed Al-Tamimi,Noura Al-Tamimi,+966537035436,salma.altamimi423@parent.com,"163 Al-Nuzha Street, Jeddah"
,Faisal Al-Hashemi,فيصل الهاشمي,Male,2018-04-06,Saudi Arabia,National ID,1244680457,,,Non-Muslim,Madinah,BRITISH,Grade 3,A,2024-25,424,Transfer,Seasonal Mode,Transfer,2024-09-01,Yes,Waleed Al-Hashemi,Renad Al-Hashemi,+966514805457,faisal.alhashemi424@parent.com,"187 Al-Nuzha Street, Jeddah"
,Yazeed Al-Rashid,يزيد الراشد,Male,2017-04-05,Saudi Arabia,National ID,1481668861,,,Non-Muslim,Abha,BRITISH,Grade 4,A,2024-25,425,New Student,Regular Mode,New,2025-09-01,Yes,Hassan Al-Rashid,Mariam Al-Rashid,+966506738455,yazeed.alrashid425@parent.com,"263 Al-Nuzha Street, Jeddah"
,Aisha Al-Saud,عائشة آل سعود,Female,2016-02-17,Saudi Arabia,National ID,1593325034,,,Muslim,Riyadh,BRITISH,Grade 5,A,2024-25,426,Transfer,Regular Mode,Transfer,2025-09-01,Yes,Nawaf Al-Saud,Tala Al-Saud,+966525796878,aisha.alsaud426@parent.com,"241 Al-Nuzha Street, Jeddah"
,Junaid Kim,جنيد كيم,Male,2015-03-18,Syria,Passport,,,LD2168643,Muslim,Amman,BRITISH,Grade 6,A,2024-25,427,Regular (Continuing),Seasonal Mode,Regular,2025-09-01,Yes,Hassan Kim,Aliya Kim,+966593312187,junaid.kim427@parent.com,"94 Al-Nuzha Street, Jeddah"
,Norah Al-Mutairi,نورة المطيري,Female,2014-05-18,Saudi Arabia,National ID,1495234068,,,Muslim,Abha,BRITISH,Grade 7,A,2024-25,428,Regular (Continuing),Regular Mode,Regular,2024-09-01,Yes,Abdullah Al-Mutairi,Shaden Al-Mutairi,+966524951452,norah.almutairi428@parent.com,"84 Al-Nuzha Street, Jeddah"
,Mohammed Al-Zahrani,محمد الزهراني,Male,2013-12-08,Saudi Arabia,National ID,1471933823,,,Muslim,Jeddah,BRITISH,Grade 8,A,2024-25,429,New Student,Online Mode,New,2024-09-01,Yes,Turki Al-Zahrani,Dana Al-Zahrani,+966561806877,mohammed.alzahrani429@parent.com,"88 Al-Nuzha Street, Jeddah"
,Reem Al-Hussein,ريم الحسين,Female,2012-11-16,Saudi Arabia,National ID,1126873194,,,Muslim,Riyadh,BRITISH,Grade 9,A,2024-25,430,Regular (Continuing),Seasonal Mode,Regular,2025-09-01,Yes,Waleed Al-Hussein,Hanan Al-Hussein,+966529143524,reem.alhussein430@parent.com,"3 Al-Nuzha Street, Jeddah"
,Vihaan Wang,فيهان وانج,Male,2011-07-12,United States,Iqama,,2448570392,,Non-Muslim,Mumbai,BRITISH,Grade 10,A,2024-25,431,New Student,Online Mode,New,2024-09-01,Yes,Zain Wang,Sadia Wang,+966571226148,vihaan.wang431@parent.com,"174 Al-Nuzha Street, Jeddah"
,Tala Al-Hussein,تالا الحسين,Female,2010-06-23,Saudi Arabia,National ID,1625919437,,,Non-Muslim,Jeddah,BRITISH,Grade 11,A,2024-25,432,Regular (Continuing),Regular Mode,Regular,2023-09-01,Yes,Salman Al-Hussein,Tala Al-Hussein,+966575039404,tala.alhussein432@parent.com,"211 Al-Nuzha Street, Jeddah"
,Nour Hussain,نور حسين,Female,2009-10-15,Yemen,Iqama,,2257985482,,Muslim,Khartoum,BRITISH,Grade 12,A,2024-25,433,New Student,Seasonal Mode,New,2023-09-01,Yes,Zain Hussain,Aisha Hussain,+966513063599,nour.hussain433@parent.com,"17 Al-Nuzha Street, Jeddah"
,Talha Habib,طلحة حبيب,Male,2020-01-11,Jordan,Iqama,,2645291369,,Non-Muslim,New York,BRITISH,KG1,A,2024-25,434,Regular (Continuing),Seasonal Mode,Regular,2022-09-01,Yes,Tariq Habib,Sadia Habib,+966598419671,talha.habib434@parent.com,"160 Al-Nuzha Street, Jeddah"
,Reema Al-Hussein,ريما الحسين,Female,2019-09-23,Saudi Arabia,National ID,1594663282,,,Muslim,Riyadh,BRITISH,KG2,A,2024-25,435,Transfer,Seasonal Mode,Transfer,2025-09-01,Yes,Raed Al-Hussein,Salma Al-Hussein,+966577168370,reema.alhussein435@parent.com,"173 Al-Nuzha Street, Jeddah"
,John Habib,جون حبيب,Male,2020-02-19,Philippines,Iqama,,2819969087,,Muslim,Mumbai,BRITISH,Grade 1,A,2024-25,436,Transfer,Regular Mode,Transfer,2022-09-01,Yes,Junaid Habib,Sophia Habib,+966535786995,john.habib436@parent.com,"203 Al-Nuzha Street, Jeddah"
,Mehek Garcia,مهك جارسيا,Female,2019-02-27,United Kingdom,Iqama,,2780598860,,Muslim,Dhaka,BRITISH,Grade 2,A,2024-25,437,Regular (Continuing),Seasonal Mode,Regular,2025-09-01,Yes,Zain Garcia,Nour Garcia,+966574516453,mehek.garcia437@parent.com,"103 Al-Nuzha Street, Jeddah"
,Fahad Al-Sudais,فهد السديس,Male,2018-07-07,Saudi Arabia,National ID,1001178622,,,Non-Muslim,Mecca,BRITISH,Grade 3,A,2024-25,438,Regular (Continuing),Seasonal Mode,Regular,2023-09-01,Yes,Yazeed Al-Sudais,Fatima Al-Sudais,+966517399687,fahad.alsudais438@parent.com,"149 Al-Nuzha Street, Jeddah"
,Sultan Al-Otaibi,سلطان العتيبي,Male,2017-09-28,Saudi Arabia,National ID,1553393814,,,Muslim,Mecca,BRITISH,Grade 4,A,2024-25,439,Transfer,Regular Mode,Transfer,2023-09-01,Yes,Salman Al-Otaibi,Aisha Al-Otaibi,+966522964645,sultan.alotaibi439@parent.com,"119 Al-Nuzha Street, Jeddah"
,Zainab Khan,زينب خان,Female,2016-12-17,Egypt,Passport,,,MN0893853,Muslim,Khartoum,BRITISH,Grade 5,A,2024-25,440,Transfer,Online Mode,Transfer,2025-09-01,Yes,Adam Khan,Anaya Khan,+966574211189,zainab.khan440@parent.com,"171 Al-Nuzha Street, Jeddah"
,Aisha Reddy,عائشة ريدي,Female,2015-10-05,Bangladesh,Iqama,,2736313444,,Non-Muslim,Khartoum,BRITISH,Grade 6,A,2024-25,441,Regular (Continuing),Seasonal Mode,Regular,2025-09-01,Yes,Ahmed Reddy,Maya Reddy,+966569301409,aisha.reddy441@parent.com,"113 Al-Nuzha Street, Jeddah"
,Reem Al-Tamimi,ريم التميمي,Female,2014-06-07,Saudi Arabia,National ID,1146414309,,,Muslim,Jeddah,BRITISH,Grade 7,A,2024-25,442,Regular (Continuing),Seasonal Mode,Regular,2024-09-01,Yes,Ibrahim Al-Tamimi,Hanan Al-Tamimi,+966522619992,reem.altamimi442@parent.com,"102 Al-Nuzha Street, Jeddah"
,Bader Al-Sabah,بدر الصباح,Male,2013-12-25,Saudi Arabia,National ID,1294662884,,,Non-Muslim,Madinah,BRITISH,Grade 8,A,2024-25,443,Regular (Continuing),Regular Mode,Regular,2022-09-01,Yes,Fahad Al-Sabah,Layla Al-Sabah,+966570177351,bader.alsabah443@parent.com,"50 Al-Nuzha Street, Jeddah"
,Yusuf Shaikh,يوسف شيخ,Male,2012-12-11,Bangladesh,Iqama,,2756506706,,Muslim,Sanaa,BRITISH,Grade 9,A,2024-25,444,Regular (Continuing),Online Mode,Regular,2025-09-01,Yes,Junaid Shaikh,Priya Shaikh,+966530280354,yusuf.shaikh444@parent.com,"279 Al-Nuzha Street, Jeddah"
,Sana Rahman,سناء رحمن,Female,2011-01-07,Bangladesh,Iqama,,2548280248,,Muslim,Dhaka,BRITISH,Grade 10,A,2024-25,445,Transfer,Online Mode,Transfer,2024-09-01,Yes,Tariq Rahman,Priya Rahman,+966594742515,sana.rahman445@parent.com,"224 Al-Nuzha Street, Jeddah"
,Faris Saleh,فارس صالح,Male,2010-08-21,Egypt,Iqama,,2639890506,,Non-Muslim,Sanaa,BRITISH,Grade 11,A,2024-25,446,Regular (Continuing),Seasonal Mode,Regular,2023-09-01,Yes,Mustafa Saleh,Anaya Saleh,+966507985746,faris.saleh446@parent.com,"200 Al-Nuzha Street, Jeddah"
,John Smith,جون سميث,Male,2009-04-09,Syria,Iqama,,2463704164,,Muslim,Manila,BRITISH,Grade 12,A,2024-25,447,New Student,Seasonal Mode,New,2022-09-01,Yes,Ismail Smith,Zoe Smith,+966506327462,john.smith447@parent.com,"41 Al-Nuzha Street, Jeddah"
,Joud Al-Tamimi,جود التميمي,Female,2020-10-02,Saudi Arabia,National ID,1956072910,,,Muslim,Mecca,BRITISH,KG1,A,2024-25,448,New Student,Regular Mode,New,2025-09-01,Yes,Hatim Al-Tamimi,Fatima Al-Tamimi,+966576963713,joud.altamimi448@parent.com,"167 Al-Nuzha Street, Jeddah"
,Ziyad Al-Anazi,زياد العنزي,Male,2019-04-25,Saudi Arabia,National ID,1225913531,,,Muslim,Dammam,BRITISH,KG2,A,2024-25,449,Regular (Continuing),Regular Mode,Regular,2023-09-01,Yes,Sultan Al-Anazi,Dalal Al-Anazi,+966573743399,ziyad.alanazi449@parent.com,"21 Al-Nuzha Street, Jeddah"
,Maha Al-Mutairi,مها المطيري,Female,2020-01-25,Saudi Arabia,National ID,1239951094,,,Muslim,Jeddah,BRITISH,Grade 1,A,2024-25,450,New Student,Regular Mode,New,2025-09-01,Yes,Saud Al-Mutairi,Ghada Al-Mutairi,+966587273793,maha.almutairi450@parent.com,"221 Al-Nuzha Street, Jeddah"
,Mohammed Al-Hashemi,محمد الهاشمي,Male,2019-06-22,Saudi Arabia,National ID,1217810295,,,Muslim,Madinah,BRITISH,Grade 2,A,2024-25,451,Transfer,Regular Mode,Transfer,2024-09-01,Yes,Fahad Al-Hashemi,Noura Al-Hashemi,+966542736166,mohammed.alhashemi451@parent.com,"188 Al-Nuzha Street, Jeddah"
,Ibrahim Al-Harbi,إبراهيم الحربي,Male,2018-08-13,Saudi Arabia,National ID,1552427418,,,Muslim,Mecca,BRITISH,Grade 3,A,2024-25,452,Regular (Continuing),Seasonal Mode,Regular,2023-09-01,Yes,Ibrahim Al-Harbi,Asma Al-Harbi,+966571732253,ibrahim.alharbi452@parent.com,"211 Al-Nuzha Street, Jeddah"
,Latifa Al-Tamimi,لطيفة التميمي,Female,2017-12-16,Saudi Arabia,National ID,1636224876,,,Non-Muslim,Madinah,BRITISH,Grade 4,A,2024-25,453,Regular (Continuing),Online Mode,Regular,2024-09-01,Yes,Raed Al-Tamimi,Aisha Al-Tamimi,+966510290194,latifa.altamimi453@parent.com,"24 Al-Nuzha Street, Jeddah"
,Salman Al-Sabah,سلمان الصباح,Male,2016-01-03,Saudi Arabia,National ID,1520015635,,,Muslim,Dammam,BRITISH,Grade 5,A,2024-25,454,Regular (Continuing),Seasonal Mode,Regular,2024-09-01,Yes,Ibrahim Al-Sabah,Maha Al-Sabah,+966595971884,salman.alsabah454@parent.com,"62 Al-Nuzha Street, Jeddah"
,Aliya Kumar,عالية كومار,Female,2015-03-02,United States,Iqama,,2523711397,,Non-Muslim,London,BRITISH,Grade 6,A,2024-25,455,New Student,Online Mode,New,2023-09-01,Yes,Daniel Kumar,Priya Kumar,+966552327187,aliya.kumar455@parent.com,"27 Al-Nuzha Street, Jeddah"
,Amal Al-Hussein,أمل الحسين,Female,2014-01-17,Saudi Arabia,National ID,1460382929,,,Muslim,Tabuk,BRITISH,Grade 7,A,2024-25,456,New Student,Seasonal Mode,New,2024-09-01,Yes,Abdullah Al-Hussein,Aljawhara Al-Hussein,+966564015492,amal.alhussein456@parent.com,"252 Al-Nuzha Street, Jeddah"
,Jana Al-Dosari,جنى الدوسري,Female,2013-09-13,Saudi Arabia,National ID,1303856057,,,Muslim,Tabuk,BRITISH,Grade 8,A,2024-25,457,Transfer,Seasonal Mode,Transfer,2022-09-01,Yes,Saif Al-Dosari,Ghada Al-Dosari,+966551078944,jana.aldosari457@parent.com,"44 Al-Nuzha Street, Jeddah"
,Imran Mansoor,عمران منصور,Male,2012-09-12,India,Iqama,,2544575461,,Muslim,Dhaka,BRITISH,Grade 9,A,2024-25,458,New Student,Seasonal Mode,New,2024-09-01,Yes,Aryan Mansoor,Hira Mansoor,+966519956820,imran.mansoor458@parent.com,"153 Al-Nuzha Street, Jeddah"
,Faisal Al-Tamimi,فيصل التميمي,Male,2011-08-01,Saudi Arabia,National ID,1126692836,,,Muslim,Tabuk,BRITISH,Grade 10,A,2024-25,459,New Student,Regular Mode,New,2024-09-01,Yes,Salman Al-Tamimi,Tala Al-Tamimi,+966592792866,faisal.altamimi459@parent.com,"293 Al-Nuzha Street, Jeddah"
,Talal Al-Sabah,طلال الصباح,Male,2010-06-05,Saudi Arabia,National ID,1006509262,,,Muslim,Buraidah,BRITISH,Grade 11,A,2024-25,460,Regular (Continuing),Regular Mode,Regular,2024-09-01,Yes,Yazeed Al-Sabah,Hanan Al-Sabah,+966513399298,talal.alsabah460@parent.com,"282 Al-Nuzha Street, Jeddah"
,Hassan Al-Saud,حسن آل سعود,Male,2009-05-16,Saudi Arabia,National ID,1823239412,,,Muslim,Abha,BRITISH,Grade 12,A,2024-25,461,Transfer,Seasonal Mode,Transfer,2024-09-01,Yes,Ibrahim Al-Saud,Joud Al-Saud,+966502545653,hassan.alsaud461@parent.com,"283 Al-Nuzha Street, Jeddah"
,Tariq Chen,طارق تشين,Male,2020-08-12,Pakistan,Passport,,,KB1533939,Non-Muslim,Sanaa,BRITISH,KG1,A,2024-25,462,Regular (Continuing),Online Mode,Regular,2025-09-01,Yes,Hassan Chen,Khadija Chen,+966522963747,tariq.chen462@parent.com,"20 Al-Nuzha Street, Jeddah"
,Kabir Chen,كبير تشين,Male,2019-07-16,Yemen,Iqama,,2959268045,,Non-Muslim,Manila,BRITISH,KG2,A,2024-25,463,Regular (Continuing),Seasonal Mode,Regular,2025-09-01,Yes,Daniel Chen,Maya Chen,+966596424372,kabir.chen463@parent.com,"215 Al-Nuzha Street, Jeddah"
,Imran Hussain,عمران حسين,Male,2020-09-15,Indonesia,Iqama,,2364017781,,Muslim,London,BRITISH,Grade 1,A,2024-25,464,Regular (Continuing),Online Mode,Regular,2022-09-01,Yes,Daniel Hussain,Fatima Hussain,+966596602130,imran.hussain464@parent.com,"287 Al-Nuzha Street, Jeddah"
,Vihaan Garcia,فيهان جارسيا,Male,2019-02-05,Pakistan,Iqama,,2294346658,,Muslim,Damascus,BRITISH,Grade 2,A,2024-25,465,Regular (Continuing),Seasonal Mode,Regular,2023-09-01,Yes,Adam Garcia,Nayla Garcia,+966560103105,vihaan.garcia465@parent.com,"218 Al-Nuzha Street, Jeddah"
,Salman Al-Qahtani,سلمان القحطاني,Male,2018-01-26,Saudi Arabia,National ID,1051158051,,,Muslim,Madinah,BRITISH,Grade 3,A,2024-25,466,Regular (Continuing),Regular Mode,Regular,2023-09-01,Yes,Hassan Al-Qahtani,Jana Al-Qahtani,+966590924832,salman.alqahtani466@parent.com,"209 Al-Nuzha Street, Jeddah"
,Anvi Reddy,أنفي ريدي,Female,2017-08-22,India,Iqama,,2297135212,,Non-Muslim,London,BRITISH,Grade 4,A,2024-25,467,New Student,Seasonal Mode,New,2022-09-01,Yes,Tariq Reddy,Khadija Reddy,+966525855862,anvi.reddy467@parent.com,"298 Al-Nuzha Street, Jeddah"
,Khadija Sheikh,خديجة شيخ,Female,2016-11-19,Indonesia,Iqama,,2245380321,,Muslim,Damascus,BRITISH,Grade 5,A,2024-25,468,Transfer,Regular Mode,Transfer,2025-09-01,Yes,Imran Sheikh,Zainab Sheikh,+966506008249,khadija.sheikh468@parent.com,"51 Al-Nuzha Street, Jeddah"
,Sofia Mansoor,صوفيا منصور,Female,2015-12-27,Sudan,Iqama,,2009810052,,Muslim,Mumbai,BRITISH,Grade 6,A,2024-25,469,New Student,Online Mode,New,2024-09-01,Yes,Kabir Mansoor,Olivia Mansoor,+966522516743,sofia.mansoor469@parent.com,"123 Al-Nuzha Street, Jeddah"
,Aliya Kumar,عالية كومار,Female,2014-08-26,Philippines,Iqama,,2520538529,,Muslim,Amman,BRITISH,Grade 7,A,2024-25,470,Regular (Continuing),Online Mode,Regular,2024-09-01,Yes,Hassan Kumar,Aisha Kumar,+966558484099,aliya.kumar470@parent.com,"4 Al-Nuzha Street, Jeddah"
,Tala Al-Shehri,تالا الشهري,Female,2013-10-14,Saudi Arabia,National ID,1647508476,,,Muslim,Mecca,BRITISH,Grade 8,A,2024-25,471,Regular (Continuing),Seasonal Mode,Regular,2022-09-01,Yes,Naif Al-Shehri,Shaden Al-Shehri,+966550520867,tala.alshehri471@parent.com,"259 Al-Nuzha Street, Jeddah"
,Ghada Al-Hussein,غادة الحسين,Female,2012-12-23,Saudi Arabia,National ID,1986443984,,,Muslim,Jeddah,BRITISH,Grade 9,A,2024-25,472,New Student,Online Mode,New,2022-09-01,Yes,Talal Al-Hussein,Raghad Al-Hussein,+966580605885,ghada.alhussein472@parent.com,"41 Al-Nuzha Street, Jeddah"
,Fatima Al-Rashid,فاطمة الراشد,Female,2011-09-21,Saudi Arabia,National ID,1639397096,,,Non-Muslim,Tabuk,BRITISH,Grade 10,A,2024-25,473,New Student,Online Mode,New,2023-09-01,Yes,Saif Al-Rashid,Manal Al-Rashid,+966503003173,fatima.alrashid473@parent.com,"172 Al-Nuzha Street, Jeddah"
,Wafa Al-Rashid,وفاء الراشد,Female,2010-05-09,Saudi Arabia,National ID,1079667433,,,Non-Muslim,Tabuk,BRITISH,Grade 11,A,2024-25,474,Regular (Continuing),Seasonal Mode,Regular,2022-09-01,Yes,Faisal Al-Rashid,Hanan Al-Rashid,+966512272719,wafa.alrashid474@parent.com,"298 Al-Nuzha Street, Jeddah"
,Bader Al-Shehri,بدر الشهري,Male,2009-12-25,Saudi Arabia,National ID,1766835989,,,Muslim,Riyadh,BRITISH,Grade 12,A,2024-25,475,New Student,Online Mode,New,2022-09-01,Yes,Mohammed Al-Shehri,Dalal Al-Shehri,+966546351789,bader.alshehri475@parent.com,"117 Al-Nuzha Street, Jeddah"
,Fatima Al-Otaibi,فاطمة العتيبي,Female,2020-07-23,Saudi Arabia,National ID,1187969347,,,Muslim,Dammam,BRITISH,KG1,A,2024-25,476,Regular (Continuing),Online Mode,Regular,2024-09-01,Yes,Bader Al-Otaibi,Amal Al-Otaibi,+966599969803,fatima.alotaibi476@parent.com,"249 Al-Nuzha Street, Jeddah"
,Lama Al-Dosari,لمى الدوسري,Female,2019-09-06,Saudi Arabia,National ID,1419586305,,,Non-Muslim,Buraidah,BRITISH,KG2,A,2024-25,477,Transfer,Online Mode,Transfer,2022-09-01,Yes,Salman Al-Dosari,Lama Al-Dosari,+966579706378,lama.aldosari477@parent.com,"225 Al-Nuzha Street, Jeddah"
,Saif Al-Qahtani,سيف القحطاني,Male,2020-01-10,Saudi Arabia,National ID,1829591594,,,Non-Muslim,Abha,BRITISH,Grade 1,A,2024-25,478,New Student,Regular Mode,New,2022-09-01,Yes,Waleed Al-Qahtani,Joud Al-Qahtani,+966517155627,saif.alqahtani478@parent.com,"144 Al-Nuzha Street, Jeddah"
,Riya Garcia,ريا جارسيا,Female,2019-05-25,Indonesia,Iqama,,2332414111,,Muslim,Manila,BRITISH,Grade 2,A,2024-25,479,Transfer,Seasonal Mode,Transfer,2024-09-01,Yes,Vihaan Garcia,Anvi Garcia,+966511581504,riya.garcia479@parent.com,"254 Al-Nuzha Street, Jeddah"
,Asma Al-Shehri,أسماء الشهري,Female,2018-10-16,Saudi Arabia,National ID,1692808820,,,Muslim,Buraidah,BRITISH,Grade 3,A,2024-25,480,Regular (Continuing),Seasonal Mode,Regular,2023-09-01,Yes,Salman Al-Shehri,Noura Al-Shehri,+966508620741,asma.alshehri480@parent.com,"244 Al-Nuzha Street, Jeddah"
,Anika Gupta,أنيكة جوبتا,Female,2017-02-20,Bangladesh,Iqama,,2160554578,,Muslim,Manila,BRITISH,Grade 4,A,2024-25,481,Transfer,Online Mode,Transfer,2025-09-01,Yes,Imran Gupta,Priya Gupta,+966545875713,anika.gupta481@parent.com,"152 Al-Nuzha Street, Jeddah"
,James Reddy,جيمس ريدي,Male,2016-11-18,Syria,Iqama,,2945588562,,Muslim,New York,BRITISH,Grade 5,A,2024-25,482,Regular (Continuing),Online Mode,Regular,2022-09-01,Yes,Hassan Reddy,Zainab Reddy,+966525178638,james.reddy482@parent.com,"13 Al-Nuzha Street, Jeddah"
,Noura Al-Qahtani,نورة القحطاني,Female,2015-08-06,Saudi Arabia,National ID,1800259087,,,Muslim,Jeddah,BRITISH,Grade 6,A,2024-25,483,Transfer,Seasonal Mode,Transfer,2022-09-01,Yes,Omar Al-Qahtani,Noura Al-Qahtani,+966555373082,noura.alqahtani483@parent.com,"233 Al-Nuzha Street, Jeddah"
,Yusuf Ahmed,يوسف أحمد,Male,2014-02-12,Syria,Iqama,,2680649523,,Muslim,Manila,BRITISH,Grade 7,A,2024-25,484,Transfer,Regular Mode,Transfer,2022-09-01,Yes,Tariq Ahmed,Olivia Ahmed,+966566500569,yusuf.ahmed484@parent.com,"128 Al-Nuzha Street, Jeddah"
,Salma Al-Ghamdi,سلمى الغامدي,Female,2013-10-17,Saudi Arabia,National ID,1843252835,,,Muslim,Madinah,BRITISH,Grade 8,A,2024-25,485,Regular (Continuing),Online Mode,Regular,2024-09-01,Yes,Hamad Al-Ghamdi,Shaden Al-Ghamdi,+966506263682,salma.alghamdi485@parent.com,"118 Al-Nuzha Street, Jeddah"
,Faisal Al-Sudais,فيصل السديس,Male,2012-10-09,Saudi Arabia,National ID,1670779755,,,Non-Muslim,Abha,BRITISH,Grade 9,A,2024-25,486,Regular (Continuing),Regular Mode,Regular,2023-09-01,Yes,Mohammed Al-Sudais,Dana Al-Sudais,+966580572106,faisal.alsudais486@parent.com,"141 Al-Nuzha Street, Jeddah"
,Sana Hassan,سناء حسن,Female,2011-02-27,United Kingdom,Iqama,,2668903410,,Muslim,Khartoum,BRITISH,Grade 10,A,2024-25,487,Transfer,Regular Mode,Transfer,2022-09-01,Yes,Talha Hassan,Sadia Hassan,+966590321850,sana.hassan487@parent.com,"35 Al-Nuzha Street, Jeddah"
,Riya Gupta,ريا جوبتا,Female,2010-03-22,Yemen,Passport,,,BK0109696,Muslim,Jakarta,BRITISH,Grade 11,A,2024-25,488,Regular (Continuing),Seasonal Mode,Regular,2022-09-01,Yes,Adam Gupta,Zainab Gupta,+966510357567,riya.gupta488@parent.com,"146 Al-Nuzha Street, Jeddah"
,Anika Patel,أنيكة باتل,Female,2009-11-10,India,Iqama,,2527683188,,Muslim,Sanaa,BRITISH,Grade 12,A,2024-25,489,Regular (Continuing),Regular Mode,Regular,2025-09-01,Yes,Talha Patel,Anaya Patel,+966536018563,anika.patel489@parent.com,"44 Al-Nuzha Street, Jeddah"
,Norah Al-Shehri,نورة الشهري,Female,2020-11-07,Saudi Arabia,National ID,1913837814,,,Muslim,Madinah,BRITISH,KG1,A,2024-25,490,Regular (Continuing),Seasonal Mode,Regular,2025-09-01,Yes,Raed Al-Shehri,Wafa Al-Shehri,+966519214165,norah.alshehri490@parent.com,"282 Al-Nuzha Street, Jeddah"
,Diya Ali,ديا علي,Female,2019-06-15,Philippines,Iqama,,2316850528,,Muslim,Dhaka,BRITISH,KG2,A,2024-25,491,Transfer,Online Mode,Transfer,2025-09-01,Yes,Rohan Ali,Olivia Ali,+966511215546,diya.ali491@parent.com,"277 Al-Nuzha Street, Jeddah"
,Sana Shaikh,سناء شيخ,Female,2020-01-10,United Kingdom,Iqama,,2937785201,,Non-Muslim,Dhaka,BRITISH,Grade 1,A,2024-25,492,New Student,Regular Mode,New,2025-09-01,Yes,Aryan Shaikh,Sofia Shaikh,+966547373820,sana.shaikh492@parent.com,"80 Al-Nuzha Street, Jeddah"
,Layla Al-Sulami,ليلى السلمي,Female,2019-02-11,Saudi Arabia,National ID,1770646347,,,Muslim,Mecca,BRITISH,Grade 2,A,2024-25,493,Regular (Continuing),Seasonal Mode,Regular,2025-09-01,Yes,Ali Al-Sulami,Aisha Al-Sulami,+966504446918,layla.alsulami493@parent.com,"228 Al-Nuzha Street, Jeddah"
,Noura Al-Tamimi,نورة التميمي,Female,2018-02-12,Saudi Arabia,National ID,1369853933,,,Muslim,Khobar,BRITISH,Grade 3,A,2024-25,494,New Student,Seasonal Mode,New,2025-09-01,Yes,Yazeed Al-Tamimi,Jana Al-Tamimi,+966551941782,noura.altamimi494@parent.com,"205 Al-Nuzha Street, Jeddah"
,Manal Al-Saud,منال آل سعود,Female,2017-09-26,Saudi Arabia,National ID,1274695000,,,Muslim,Tabuk,BRITISH,Grade 4,A,2024-25,495,New Student,Seasonal Mode,New,2024-09-01,Yes,Naif Al-Saud,Mariam Al-Saud,+966535969104,manal.alsaud495@parent.com,"198 Al-Nuzha Street, Jeddah"
,Aljawhara Al-Qahtani,الجوهرة القحطاني,Female,2016-10-13,Saudi Arabia,National ID,1360279964,,,Non-Muslim,Khobar,BRITISH,Grade 5,A,2024-25,496,Transfer,Seasonal Mode,Transfer,2023-09-01,Yes,Majed Al-Qahtani,Dana Al-Qahtani,+966576615720,aljawhara.alqahtani496@parent.com,"45 Al-Nuzha Street, Jeddah"
,Zayn Smith,زين سميث,Male,2015-07-01,Egypt,Iqama,,2323240947,,Muslim,Cairo,BRITISH,Grade 6,A,2024-25,497,New Student,Regular Mode,New,2022-09-01,Yes,Hamza Smith,Anika Smith,+966560167323,zayn.smith497@parent.com,"249 Al-Nuzha Street, Jeddah"
,Sara Al-Fayez,سارة الفايز,Female,2014-06-27,Saudi Arabia,National ID,1986310542,,,Non-Muslim,Mecca,BRITISH,Grade 7,A,2024-25,498,New Student,Regular Mode,New,2023-09-01,Yes,Salman Al-Fayez,Dalal Al-Fayez,+966508764438,sara.alfayez498@parent.com,"265 Al-Nuzha Street, Jeddah"
,Mustafa Wang,مصطفى وانج,Male,2013-06-18,Jordan,Passport,,,LM4021470,Muslim,Khartoum,BRITISH,Grade 8,A,2024-25,499,Regular (Continuing),Regular Mode,Regular,2023-09-01,Yes,Adam Wang,Anaya Wang,+966505880876,mustafa.wang499@parent.com,"252 Al-Nuzha Street, Jeddah"
,Yusuf Brown,يوسف براون,Male,2012-10-18,Sudan,Iqama,,2110942438,,Muslim,New York,BRITISH,Grade 9,A,2024-25,500,Regular (Continuing),Online Mode,Regular,2025-09-01,Yes,Michael Brown,Diya Brown,+966523655195,yusuf.brown500@parent.com,"89 Al-Nuzha Street, Jeddah"
,Majed Al-Qahtani,ماجد القحطاني,Male,2011-07-27,Saudi Arabia,National ID,1925299390,,,Muslim,Jeddah,BRITISH,Grade 10,A,2024-25,501,Regular (Continuing),Seasonal Mode,Regular,2023-09-01,Yes,Anas Al-Qahtani,Raghad Al-Qahtani,+966553480850,majed.alqahtani501@parent.com,"130 Al-Nuzha Street, Jeddah"
,Dalal Al-Sudais,دلال السديس,Female,2010-11-22,Saudi Arabia,National ID,1653481505,,,Muslim,Riyadh,BRITISH,Grade 11,A,2024-25,502,New Student,Regular Mode,New,2022-09-01,Yes,Hassan Al-Sudais,Dalal Al-Sudais,+966540037599,dalal.alsudais502@parent.com,"201 Al-Nuzha Street, Jeddah"
,Sara Al-Dosari,سارة الدوسري,Female,2009-05-20,Saudi Arabia,National ID,1065560255,,,Muslim,Dammam,BRITISH,Grade 12,A,2024-25,503,Regular (Continuing),Online Mode,Regular,2023-09-01,Yes,Salman Al-Dosari,Asma Al-Dosari,+966576578944,sara.aldosari503@parent.com,"190 Al-Nuzha Street, Jeddah"
,Hassan Reddy,حسن ريدي,Male,2020-03-05,Sudan,Passport,,,LE2224598,Muslim,Karachi,BRITISH,KG1,A,2024-25,504,Regular (Continuing),Seasonal Mode,Regular,2024-09-01,Yes,Faris Reddy,Olivia Reddy,+966583487624,hassan.reddy504@parent.com,"142 Al-Nuzha Street, Jeddah"
,Hamza Wang,حمزة وانج,Male,2019-03-15,Pakistan,Passport,,,HN0997955,Muslim,Mumbai,BRITISH,KG2,A,2024-25,505,Transfer,Regular Mode,Transfer,2023-09-01,Yes,Vihaan Wang,Priya Wang,+966563796540,hamza.wang505@parent.com,"159 Al-Nuzha Street, Jeddah"
,Mohammed Al-Fayez,محمد الفايز,Male,2020-07-19,Saudi Arabia,National ID,1923373345,,,Muslim,Khobar,BRITISH,Grade 1,A,2024-25,506,Regular (Continuing),Regular Mode,Regular,2022-09-01,Yes,Fahad Al-Fayez,Amal Al-Fayez,+966554304036,mohammed.alfayez506@parent.com,"267 Al-Nuzha Street, Jeddah"
,Layla Sheikh,ليلى شيخ,Female,2019-08-04,Jordan,Iqama,,2395164202,,Muslim,Karachi,BRITISH,Grade 2,A,2024-25,507,New Student,Regular Mode,New,2025-09-01,Yes,Bilal Sheikh,Nayla Sheikh,+966573064038,layla.sheikh507@parent.com,"53 Al-Nuzha Street, Jeddah"
,Hessa Al-Tamimi,حصة التميمي,Female,2018-04-21,Saudi Arabia,National ID,1060069413,,,Muslim,Buraidah,BRITISH,Grade 3,A,2024-25,508,Regular (Continuing),Online Mode,Regular,2025-09-01,Yes,Khalid Al-Tamimi,Ghada Al-Tamimi,+966507253865,hessa.altamimi508@parent.com,"142 Al-Nuzha Street, Jeddah"
,Anvi Patel,أنفي باتل,Female,2017-05-22,Jordan,Iqama,,2038508047,,Muslim,Amman,BRITISH,Grade 4,A,2024-25,509,Regular (Continuing),Seasonal Mode,Regular,2022-09-01,Yes,Rohan Patel,Mehek Patel,+966564161671,anvi.patel509@parent.com,"224 Al-Nuzha Street, Jeddah"
,Ghada Al-Tamimi,غادة التميمي,Female,2016-08-15,Saudi Arabia,National ID,1414217139,,,Muslim,Madinah,BRITISH,Grade 5,A,2024-25,510,New Student,Regular Mode,New,2022-09-01,Yes,Abdullah Al-Tamimi,Norah Al-Tamimi,+966516053109,ghada.altamimi510@parent.com,"130 Al-Nuzha Street, Jeddah"
,Bilal Shaikh,بلال شيخ,Male,2015-12-27,United States,Passport,,,FM9499929,Muslim,Sanaa,BRITISH,Grade 6,A,2024-25,511,Regular (Continuing),Online Mode,Regular,2022-09-01,Yes,Hassan Shaikh,Olivia Shaikh,+966557177675,bilal.shaikh511@parent.com,"26 Al-Nuzha Street, Jeddah"
,James Sheikh,جيمس شيخ,Male,2014-11-20,Sudan,Iqama,,2404705557,,Muslim,Damascus,BRITISH,Grade 7,A,2024-25,512,New Student,Seasonal Mode,New,2025-09-01,Yes,Hamza Sheikh,Emma Sheikh,+966550877860,james.sheikh512@parent.com,"142 Al-Nuzha Street, Jeddah"
,Layla Al-Hussein,ليلى الحسين,Female,2013-08-15,Saudi Arabia,National ID,1585847462,,,Muslim,Dammam,BRITISH,Grade 8,A,2024-25,513,Regular (Continuing),Online Mode,Regular,2022-09-01,Yes,Saud Al-Hussein,Shaden Al-Hussein,+966503193031,layla.alhussein513@parent.com,"48 Al-Nuzha Street, Jeddah"
,Ammar Al-Ghamdi,عمار الغامدي,Male,2012-11-02,Saudi Arabia,National ID,1247099659,,,Muslim,Mecca,BRITISH,Grade 9,A,2024-25,514,Transfer,Online Mode,Transfer,2024-09-01,Yes,Fahad Al-Ghamdi,Layla Al-Ghamdi,+966587799663,ammar.alghamdi514@parent.com,"149 Al-Nuzha Street, Jeddah"
,Lujain Al-Dosari,لجين الدوسري,Female,2011-11-01,Saudi Arabia,National ID,1837113862,,,Muslim,Dammam,BRITISH,Grade 10,A,2024-25,515,Transfer,Regular Mode,Transfer,2024-09-01,Yes,Saud Al-Dosari,Dalal Al-Dosari,+966566551871,lujain.aldosari515@parent.com,"225 Al-Nuzha Street, Jeddah"
,Aliya Mahmood,عالية محمود,Female,2010-11-12,Bangladesh,Iqama,,2367947165,,Muslim,Dhaka,BRITISH,Grade 11,A,2024-25,516,Regular (Continuing),Online Mode,Regular,2025-09-01,Yes,Junaid Mahmood,Zoe Mahmood,+966502529893,aliya.mahmood516@parent.com,"235 Al-Nuzha Street, Jeddah"
,Ibrahim Al-Ghamdi,إبراهيم الغامدي,Male,2009-05-10,Saudi Arabia,National ID,1434703633,,,Muslim,Abha,BRITISH,Grade 12,A,2024-25,517,New Student,Seasonal Mode,New,2022-09-01,Yes,Naif Al-Ghamdi,Reema Al-Ghamdi,+966536193388,ibrahim.alghamdi517@parent.com,"175 Al-Nuzha Street, Jeddah"
,Raed Al-Otaibi,رائد العتيبي,Male,2020-09-03,Saudi Arabia,National ID,1035369598,,,Muslim,Riyadh,BRITISH,KG1,A,2024-25,518,Transfer,Regular Mode,Transfer,2022-09-01,Yes,Adel Al-Otaibi,Ghada Al-Otaibi,+966592939075,raed.alotaibi518@parent.com,"166 Al-Nuzha Street, Jeddah"
,Talha Saleh,طلحة صالح,Male,2019-05-01,United Kingdom,Passport,,,EA6968004,Muslim,Khartoum,BRITISH,KG2,A,2024-25,519,Transfer,Online Mode,Transfer,2023-09-01,Yes,Junaid Saleh,Mehek Saleh,+966559000047,talha.saleh519@parent.com,"166 Al-Nuzha Street, Jeddah"
,Waleed Al-Yamani,وليد اليماني,Male,2020-11-23,Saudi Arabia,National ID,1180848969,,,Muslim,Abha,BRITISH,Grade 1,A,2024-25,520,New Student,Online Mode,New,2023-09-01,Yes,Nawaf Al-Yamani,Aljawhara Al-Yamani,+966564093725,waleed.alyamani520@parent.com,"64 Al-Nuzha Street, Jeddah"
,Salma Al-Ghamdi,سلمى الغامدي,Female,2019-04-12,Saudi Arabia,National ID,1363244106,,,Muslim,Khobar,BRITISH,Grade 2,A,2024-25,521,Transfer,Online Mode,Transfer,2025-09-01,Yes,Hatim Al-Ghamdi,Hanan Al-Ghamdi,+966503959087,salma.alghamdi521@parent.com,"222 Al-Nuzha Street, Jeddah"
,Dana Al-Yamani,دانا اليماني,Female,2018-02-28,Saudi Arabia,National ID,1169329721,,,Non-Muslim,Khobar,BRITISH,Grade 3,A,2024-25,522,Regular (Continuing),Online Mode,Regular,2024-09-01,Yes,Khalid Al-Yamani,Ghada Al-Yamani,+966571660366,dana.alyamani522@parent.com,"72 Al-Nuzha Street, Jeddah"
,Mohammed Al-Yamani,محمد اليماني,Male,2017-05-14,Saudi Arabia,National ID,1046921343,,,Muslim,Abha,BRITISH,Grade 4,A,2024-25,523,New Student,Regular Mode,New,2024-09-01,Yes,Bader Al-Yamani,Dana Al-Yamani,+966563359066,mohammed.alyamani523@parent.com,"156 Al-Nuzha Street, Jeddah"
,Zain Chen,زين تشين,Male,2016-07-12,Sudan,Iqama,,2744353037,,Muslim,Cairo,BRITISH,Grade 5,A,2024-25,524,New Student,Seasonal Mode,New,2023-09-01,Yes,Ahmed Chen,Nayla Chen,+966539626333,zain.chen524@parent.com,"256 Al-Nuzha Street, Jeddah"
,Diya Smith,ديا سميث,Female,2015-09-13,Pakistan,Iqama,,2666193346,,Non-Muslim,Mumbai,BRITISH,Grade 6,A,2024-25,525,Regular (Continuing),Online Mode,Regular,2022-09-01,Yes,Aryan Smith,Priya Smith,+966505545798,diya.smith525@parent.com,"155 Al-Nuzha Street, Jeddah"
,Shaden Al-Hussein,شادن الحسين,Female,2014-08-10,Saudi Arabia,National ID,1619571991,,,Muslim,Jeddah,BRITISH,Grade 7,A,2024-25,526,Regular (Continuing),Regular Mode,Regular,2025-09-01,Yes,Adel Al-Hussein,Reema Al-Hussein,+966536665080,shaden.alhussein526@parent.com,"153 Al-Nuzha Street, Jeddah"
,Zayn Kumar,زين كومار,Male,2013-12-05,Indonesia,Iqama,,2168272538,,Non-Muslim,Amman,BRITISH,Grade 8,A,2024-25,527,Transfer,Seasonal Mode,Transfer,2025-09-01,Yes,James Kumar,Saanvi Kumar,+966550167328,zayn.kumar527@parent.com,"105 Al-Nuzha Street, Jeddah"
,Layla Al-Sudais,ليلى السديس,Female,2012-01-24,Saudi Arabia,National ID,1922256033,,,Muslim,Buraidah,BRITISH,Grade 9,A,2024-25,528,New Student,Online Mode,New,2025-09-01,Yes,Anas Al-Sudais,Sara Al-Sudais,+966519812398,layla.alsudais528@parent.com,"233 Al-Nuzha Street, Jeddah"
,Faisal Al-Sudais,فيصل السديس,Male,2011-05-22,Saudi Arabia,National ID,1594237762,,,Muslim,Mecca,BRITISH,Grade 10,A,2024-25,529,Regular (Continuing),Regular Mode,Regular,2022-09-01,Yes,Bader Al-Sudais,Mariam Al-Sudais,+966505554043,faisal.alsudais529@parent.com,"45 Al-Nuzha Street, Jeddah"
,Turki Al-Mutairi,تركي المطيري,Male,2010-03-14,Saudi Arabia,National ID,1864820175,,,Muslim,Riyadh,BRITISH,Grade 11,A,2024-25,530,New Student,Seasonal Mode,New,2024-09-01,Yes,Ziyad Al-Mutairi,Asma Al-Mutairi,+966597439113,turki.almutairi530@parent.com,"111 Al-Nuzha Street, Jeddah"
,Abdullah Al-Sabah,عبدالله الصباح,Male,2009-10-23,Saudi Arabia,National ID,1660274705,,,Muslim,Buraidah,BRITISH,Grade 12,A,2024-25,531,New Student,Seasonal Mode,New,2024-09-01,Yes,Ammar Al-Sabah,Manal Al-Sabah,+966575426370,abdullah.alsabah531@parent.com,"49 Al-Nuzha Street, Jeddah"
,Sadia Rahman,صادية رحمن,Female,2020-10-10,Egypt,Iqama,,2170861419,,Muslim,Mumbai,BRITISH,KG1,A,2024-25,532,Regular (Continuing),Online Mode,Regular,2025-09-01,Yes,Ayaan Rahman,Emma Rahman,+966596999572,sadia.rahman532@parent.com,"281 Al-Nuzha Street, Jeddah"
,Daniel Chen,دانيال تشين,Male,2019-01-28,Bangladesh,Passport,,,LB5147165,Non-Muslim,Mumbai,BRITISH,KG2,A,2024-25,533,Transfer,Online Mode,Transfer,2025-09-01,Yes,Vihaan Chen,Aisha Chen,+966551035140,daniel.chen533@parent.com,"152 Al-Nuzha Street, Jeddah"
,John Reddy,جون ريدي,Male,2020-02-02,Jordan,Iqama,,2831125076,,Muslim,Karachi,BRITISH,Grade 1,A,2024-25,534,Transfer,Seasonal Mode,Transfer,2022-09-01,Yes,Hassan Reddy,Emma Reddy,+966588298979,john.reddy534@parent.com,"9 Al-Nuzha Street, Jeddah"
,Latifa Al-Ghamdi,لطيفة الغامدي,Female,2019-02-20,Saudi Arabia,National ID,1007673897,,,Muslim,Dammam,BRITISH,Grade 2,A,2024-25,535,Regular (Continuing),Online Mode,Regular,2023-09-01,Yes,Fahad Al-Ghamdi,Lama Al-Ghamdi,+966521019602,latifa.alghamdi535@parent.com,"71 Al-Nuzha Street, Jeddah"
,Faris Rahman,فارس رحمن,Male,2018-03-19,Syria,Passport,,,LC6317816,Muslim,London,BRITISH,Grade 3,A,2024-25,536,Regular (Continuing),Online Mode,Regular,2024-09-01,Yes,Zain Rahman,Anika Rahman,+966503966428,faris.rahman536@parent.com,"63 Al-Nuzha Street, Jeddah"
,Anika Chen,أنيكة تشين,Female,2017-12-05,India,Passport,,,FC0045274,Muslim,New York,BRITISH,Grade 4,A,2024-25,537,Regular (Continuing),Online Mode,Regular,2025-09-01,Yes,Junaid Chen,Hira Chen,+966588015369,anika.chen537@parent.com,"131 Al-Nuzha Street, Jeddah"
,Saif Al-Sulami,سيف السلمي,Male,2016-04-27,Saudi Arabia,National ID,1344707445,,,Muslim,Riyadh,BRITISH,Grade 5,A,2024-25,538,Regular (Continuing),Online Mode,Regular,2022-09-01,Yes,Hatim Al-Sulami,Tala Al-Sulami,+966570972080,saif.alsulami538@parent.com,"35 Al-Nuzha Street, Jeddah"
,Faris Wang,فارس وانج,Male,2015-08-14,India,Iqama,,2389685594,,Muslim,Sanaa,BRITISH,Grade 6,A,2024-25,539,New Student,Seasonal Mode,New,2025-09-01,Yes,Mustafa Wang,Fatima Wang,+966506426538,faris.wang539@parent.com,"242 Al-Nuzha Street, Jeddah"
,Mohammed Al-Yamani,محمد اليماني,Male,2014-04-17,Saudi Arabia,National ID,1906886907,,,Non-Muslim,Mecca,BRITISH,Grade 7,A,2024-25,540,Transfer,Seasonal Mode,Transfer,2023-09-01,Yes,Hassan Al-Yamani,Tala Al-Yamani,+966535429028,mohammed.alyamani540@parent.com,"99 Al-Nuzha Street, Jeddah"
,Sultan Al-Otaibi,سلطان العتيبي,Male,2013-10-08,Saudi Arabia,National ID,1156529350,,,Muslim,Tabuk,BRITISH,Grade 8,A,2024-25,541,New Student,Regular Mode,New,2025-09-01,Yes,Raed Al-Otaibi,Hessa Al-Otaibi,+966529176627,sultan.alotaibi541@parent.com,"209 Al-Nuzha Street, Jeddah"
,Tala Al-Ghamdi,تالا الغامدي,Female,2012-09-23,Saudi Arabia,National ID,1268628639,,,Muslim,Khobar,BRITISH,Grade 9,A,2024-25,542,Regular (Continuing),Online Mode,Regular,2025-09-01,Yes,Anas Al-Ghamdi,Wafa Al-Ghamdi,+966587485399,tala.alghamdi542@parent.com,"19 Al-Nuzha Street, Jeddah"
,Hessa Al-Yamani,حصة اليماني,Female,2011-05-25,Saudi Arabia,National ID,1803900731,,,Non-Muslim,Madinah,BRITISH,Grade 10,A,2024-25,543,New Student,Seasonal Mode,New,2023-09-01,Yes,Adel Al-Yamani,Dalal Al-Yamani,+966584474692,hessa.alyamani543@parent.com,"96 Al-Nuzha Street, Jeddah"
,Ziyad Al-Tamimi,زياد التميمي,Male,2010-09-16,Saudi Arabia,National ID,1956951040,,,Non-Muslim,Jeddah,BRITISH,Grade 11,A,2024-25,544,Regular (Continuing),Seasonal Mode,Regular,2022-09-01,Yes,Raed Al-Tamimi,Sara Al-Tamimi,+966515502016,ziyad.altamimi544@parent.com,"239 Al-Nuzha Street, Jeddah"
,Shaden Al-Sabah,شادن الصباح,Female,2009-06-23,Saudi Arabia,National ID,1638145169,,,Muslim,Dammam,BRITISH,Grade 12,A,2024-25,545,Regular (Continuing),Seasonal Mode,Regular,2025-09-01,Yes,Majed Al-Sabah,Salma Al-Sabah,+966530718624,shaden.alsabah545@parent.com,"31 Al-Nuzha Street, Jeddah"
,Wafa Al-Harbi,وفاء الحربي,Female,2020-12-22,Saudi Arabia,National ID,1131303990,,,Non-Muslim,Riyadh,BRITISH,KG1,A,2024-25,546,Regular (Continuing),Regular Mode,Regular,2024-09-01,Yes,Yousef Al-Harbi,Dalal Al-Harbi,+966514337964,wafa.alharbi546@parent.com,"234 Al-Nuzha Street, Jeddah"
,Saif Al-Mutairi,سيف المطيري,Male,2019-12-25,Saudi Arabia,National ID,1115662309,,,Muslim,Abha,BRITISH,KG2,A,2024-25,547,New Student,Seasonal Mode,New,2025-09-01,Yes,Sultan Al-Mutairi,Amal Al-Mutairi,+966596416343,saif.almutairi547@parent.com,"252 Al-Nuzha Street, Jeddah"
,Faris Mahmood,فارس محمود,Male,2020-06-19,Pakistan,Iqama,,2067107776,,Muslim,Amman,BRITISH,Grade 1,A,2024-25,548,New Student,Online Mode,New,2022-09-01,Yes,John Mahmood,Khadija Mahmood,+966580349125,faris.mahmood548@parent.com,"236 Al-Nuzha Street, Jeddah"
,Anika Rahman,أنيكة رحمن,Female,2019-04-28,India,Iqama,,2991461348,,Muslim,New York,BRITISH,Grade 2,A,2024-25,549,New Student,Seasonal Mode,New,2022-09-01,Yes,Rohan Rahman,Sadia Rahman,+966571922358,anika.rahman549@parent.com,"138 Al-Nuzha Street, Jeddah"
,Rohan Gupta,روهان جوبتا,Male,2018-03-20,Sudan,Iqama,,2870092607,,Muslim,Sanaa,BRITISH,Grade 3,A,2024-25,550,Regular (Continuing),Seasonal Mode,Regular,2025-09-01,Yes,Bilal Gupta,Sana Gupta,+966516842761,rohan.gupta550@parent.com,"237 Al-Nuzha Street, Jeddah"
,Yousef Al-Harbi,يوسف الحربي,Male,2017-12-10,Saudi Arabia,National ID,1662953191,,,Non-Muslim,Tabuk,BRITISH,Grade 4,A,2024-25,551,Regular (Continuing),Seasonal Mode,Regular,2022-09-01,Yes,Naif Al-Harbi,Dalal Al-Harbi,+966512363047,yousef.alharbi551@parent.com,"286 Al-Nuzha Street, Jeddah"
,Emma Kim,إيما كيم,Female,2016-08-23,Jordan,Iqama,,2500008651,,Muslim,Damascus,BRITISH,Grade 5,A,2024-25,552,Regular (Continuing),Seasonal Mode,Regular,2025-09-01,Yes,Faris Kim,Sana Kim,+966542966829,emma.kim552@parent.com,"160 Al-Nuzha Street, Jeddah"
,Turki Al-Sabah,تركي الصباح,Male,2015-09-12,Saudi Arabia,National ID,1908916776,,,Muslim,Riyadh,BRITISH,Grade 6,A,2024-25,553,Transfer,Regular Mode,Transfer,2023-09-01,Yes,Omar Al-Sabah,Fatima Al-Sabah,+966520568849,turki.alsabah553@parent.com,"235 Al-Nuzha Street, Jeddah"
,Khalid Al-Fayez,خالد الفايز,Male,2014-07-10,Saudi Arabia,National ID,1193015326,,,Muslim,Dammam,BRITISH,Grade 7,A,2024-25,554,New Student,Online Mode,New,2022-09-01,Yes,Omar Al-Fayez,Manal Al-Fayez,+966524356976,khalid.alfayez554@parent.com,"201 Al-Nuzha Street, Jeddah"
,Nawaf Al-Anazi,نواف العنزي,Male,2013-08-22,Saudi Arabia,National ID,1579372177,,,Non-Muslim,Buraidah,BRITISH,Grade 8,A,2024-25,555,Transfer,Seasonal Mode,Transfer,2022-09-01,Yes,Salman Al-Anazi,Lama Al-Anazi,+966574551227,nawaf.alanazi555@parent.com,"22 Al-Nuzha Street, Jeddah"
,Imran Ahmed,عمران أحمد,Male,2012-01-02,Indonesia,Iqama,,2943940596,,Muslim,London,BRITISH,Grade 9,A,2024-25,556,Transfer,Regular Mode,Transfer,2025-09-01,Yes,Adam Ahmed,Emma Ahmed,+966503129727,imran.ahmed556@parent.com,"67 Al-Nuzha Street, Jeddah"
,Layla Al-Shehri,ليلى الشهري,Female,2011-02-12,Saudi Arabia,National ID,1600148151,,,Muslim,Khobar,BRITISH,Grade 10,A,2024-25,557,New Student,Regular Mode,New,2022-09-01,Yes,Mohammed Al-Shehri,Ghada Al-Shehri,+966530643343,layla.alshehri557@parent.com,"35 Al-Nuzha Street, Jeddah"
,David Chen,ديفيد تشين,Male,2010-01-07,Pakistan,Iqama,,2250901226,,Muslim,Sanaa,BRITISH,Grade 11,A,2024-25,558,New Student,Seasonal Mode,New,2025-09-01,Yes,Tariq Chen,Maya Chen,+966549761745,david.chen558@parent.com,"130 Al-Nuzha Street, Jeddah"
,Riya Hassan,ريا حسن,Female,2009-02-08,Syria,Iqama,,2572592322,,Muslim,Cairo,BRITISH,Grade 12,A,2024-25,559,New Student,Online Mode,New,2022-09-01,Yes,Rohan Hassan,Fatima Hassan,+966516896845,riya.hassan559@parent.com,"205 Al-Nuzha Street, Jeddah"
,Bader Al-Hussein,بدر الحسين,Male,2020-05-01,Saudi Arabia,National ID,1650161500,,,Non-Muslim,Jeddah,BRITISH,KG1,A,2024-25,560,New Student,Regular Mode,New,2022-09-01,Yes,Turki Al-Hussein,Dana Al-Hussein,+966587423348,bader.alhussein560@parent.com,"273 Al-Nuzha Street, Jeddah"
,Anaya Khan,أنايا خان,Female,2019-07-25,Egypt,Iqama,,2978156864,,Muslim,Dhaka,BRITISH,KG2,A,2024-25,561,Regular (Continuing),Regular Mode,Regular,2025-09-01,Yes,Ayaan Khan,Emma Khan,+966526566896,anaya.khan561@parent.com,"211 Al-Nuzha Street, Jeddah"
,Amal Al-Qahtani,أمل القحطاني,Female,2020-09-05,Saudi Arabia,National ID,1104016674,,,Muslim,Abha,BRITISH,Grade 1,A,2024-25,562,New Student,Online Mode,New,2022-09-01,Yes,Salman Al-Qahtani,Raghad Al-Qahtani,+966536491023,amal.alqahtani562@parent.com,"160 Al-Nuzha Street, Jeddah"
,Faris Malik,فارس مالك,Male,2019-05-16,Pakistan,Passport,,,MH7994449,Muslim,Cairo,BRITISH,Grade 2,A,2024-25,563,New Student,Regular Mode,New,2023-09-01,Yes,Hassan Malik,Sadia Malik,+966508636985,faris.malik563@parent.com,"70 Al-Nuzha Street, Jeddah"
,Sadia Wang,صادية وانج,Female,2018-08-08,Egypt,Iqama,,2645933893,,Muslim,Karachi,BRITISH,Grade 3,A,2024-25,564,New Student,Seasonal Mode,New,2024-09-01,Yes,James Wang,Anika Wang,+966560057175,sadia.wang564@parent.com,"66 Al-Nuzha Street, Jeddah"
,Raghad Al-Fayez,رغد الفايز,Female,2017-05-03,Saudi Arabia,National ID,1504342615,,,Muslim,Dammam,BRITISH,Grade 4,A,2024-25,565,New Student,Seasonal Mode,New,2025-09-01,Yes,Waleed Al-Fayez,Aisha Al-Fayez,+966569693244,raghad.alfayez565@parent.com,"15 Al-Nuzha Street, Jeddah"
,Shaden Al-Mutairi,شادن المطيري,Female,2016-03-13,Saudi Arabia,National ID,1127112415,,,Muslim,Khobar,BRITISH,Grade 5,A,2024-25,566,Regular (Continuing),Regular Mode,Regular,2025-09-01,Yes,Nawaf Al-Mutairi,Norah Al-Mutairi,+966562428049,shaden.almutairi566@parent.com,"80 Al-Nuzha Street, Jeddah"
,Bilal Kim,بلال كيم,Male,2015-10-08,Bangladesh,Iqama,,2030169214,,Non-Muslim,Manila,BRITISH,Grade 6,A,2024-25,567,New Student,Regular Mode,New,2022-09-01,Yes,Mustafa Kim,Sofia Kim,+966598690953,bilal.kim567@parent.com,"275 Al-Nuzha Street, Jeddah"
,Bandar Al-Maliki,بندر المالكي,Male,2014-01-03,Saudi Arabia,National ID,1030342391,,,Muslim,Dammam,BRITISH,Grade 7,A,2024-25,568,New Student,Regular Mode,New,2023-09-01,Yes,Sultan Al-Maliki,Joud Al-Maliki,+966519959535,bandar.almaliki568@parent.com,"164 Al-Nuzha Street, Jeddah"
,Yusuf Hussain,يوسف حسين,Male,2013-06-13,United States,Passport,,,EH2948619,Muslim,Mumbai,BRITISH,Grade 8,A,2024-25,569,New Student,Seasonal Mode,New,2025-09-01,Yes,Ahmed Hussain,Sadia Hussain,+966595078565,yusuf.hussain569@parent.com,"259 Al-Nuzha Street, Jeddah"
,Yusuf Malik,يوسف مالك,Male,2012-06-06,Jordan,Iqama,,2549790204,,Muslim,Sanaa,BRITISH,Grade 9,A,2024-25,570,Regular (Continuing),Online Mode,Regular,2024-09-01,Yes,Bilal Malik,Diya Malik,+966510245930,yusuf.malik570@parent.com,"272 Al-Nuzha Street, Jeddah"
,Aljawhara Al-Shehri,الجوهرة الشهري,Female,2011-10-14,Saudi Arabia,National ID,1432963823,,,Muslim,Buraidah,BRITISH,Grade 10,A,2024-25,571,Regular (Continuing),Online Mode,Regular,2022-09-01,Yes,Ibrahim Al-Shehri,Latifa Al-Shehri,+966514592646,aljawhara.alshehri571@parent.com,"205 Al-Nuzha Street, Jeddah"
,Adel Al-Maliki,عادل المالكي,Male,2010-03-10,Saudi Arabia,National ID,1177476886,,,Muslim,Buraidah,BRITISH,Grade 11,A,2024-25,572,New Student,Seasonal Mode,New,2023-09-01,Yes,Ammar Al-Maliki,Maha Al-Maliki,+966595933632,adel.almaliki572@parent.com,"129 Al-Nuzha Street, Jeddah"
,Mohammed Al-Qahtani,محمد القحطاني,Male,2009-02-09,Saudi Arabia,National ID,1879890754,,,Muslim,Mecca,BRITISH,Grade 12,A,2024-25,573,Transfer,Seasonal Mode,Transfer,2022-09-01,Yes,Talal Al-Qahtani,Mariam Al-Qahtani,+966549171897,mohammed.alqahtani573@parent.com,"183 Al-Nuzha Street, Jeddah"
,James Gupta,جيمس جوبتا,Male,2020-02-22,Syria,Iqama,,2079579791,,Muslim,Cairo,BRITISH,KG1,A,2024-25,574,Transfer,Seasonal Mode,Transfer,2022-09-01,Yes,Ahmed Gupta,Priya Gupta,+966566145605,james.gupta574@parent.com,"131 Al-Nuzha Street, Jeddah"
,Saanvi Mansoor,سانفي منصور,Female,2019-05-02,India,Iqama,,2801612788,,Muslim,Cairo,BRITISH,KG2,A,2024-25,575,New Student,Seasonal Mode,New,2024-09-01,Yes,Faris Mansoor,Sana Mansoor,+966538060513,saanvi.mansoor575@parent.com,"284 Al-Nuzha Street, Jeddah"
,Ammar Al-Sudais,عمار السديس,Male,2020-04-08,Saudi Arabia,National ID,1217017380,,,Muslim,Madinah,BRITISH,Grade 1,A,2024-25,576,Transfer,Online Mode,Transfer,2023-09-01,Yes,Omar Al-Sudais,Hanan Al-Sudais,+966502924847,ammar.alsudais576@parent.com,"121 Al-Nuzha Street, Jeddah"
,Hamad Al-Hussein,حمد الحسين,Male,2019-01-19,Saudi Arabia,National ID,1975825750,,,Muslim,Jeddah,BRITISH,Grade 2,A,2024-25,577,New Student,Seasonal Mode,New,2022-09-01,Yes,Naif Al-Hussein,Amal Al-Hussein,+966536921252,hamad.alhussein577@parent.com,"68 Al-Nuzha Street, Jeddah"
,Riya Shaikh,ريا شيخ,Female,2018-04-28,United States,Iqama,,2404555080,,Muslim,Khartoum,BRITISH,Grade 3,A,2024-25,578,New Student,Regular Mode,New,2023-09-01,Yes,Michael Shaikh,Zainab Shaikh,+966557631118,riya.shaikh578@parent.com,"28 Al-Nuzha Street, Jeddah"
,Tala Al-Tamimi,تالا التميمي,Female,2017-09-13,Saudi Arabia,National ID,1071802195,,,Muslim,Abha,BRITISH,Grade 4,A,2024-25,579,Transfer,Regular Mode,Transfer,2024-09-01,Yes,Saif Al-Tamimi,Hessa Al-Tamimi,+966543306470,tala.altamimi579@parent.com,"62 Al-Nuzha Street, Jeddah"
,Zainab Kim,زينب كيم,Female,2016-07-13,Sudan,Passport,,,NK8661692,Muslim,Mumbai,BRITISH,Grade 5,A,2024-25,580,Regular (Continuing),Regular Mode,Regular,2023-09-01,Yes,Aryan Kim,Zoe Kim,+966535534132,zainab.kim580@parent.com,"242 Al-Nuzha Street, Jeddah"
,Nayla Sharma,نايلة شارما,Female,2015-03-16,Egypt,Iqama,,2539941918,,Muslim,Jakarta,BRITISH,Grade 6,A,2024-25,581,New Student,Seasonal Mode,New,2023-09-01,Yes,Vihaan Sharma,Emma Sharma,+966583097719,nayla.sharma581@parent.com,"166 Al-Nuzha Street, Jeddah"
,Ayaan Brown,أيان براون,Male,2014-03-06,Yemen,Passport,,,LB8732115,Muslim,Jakarta,BRITISH,Grade 7,A,2024-25,582,Regular (Continuing),Seasonal Mode,Regular,2024-09-01,Yes,Zayn Brown,Maya Brown,+966560805607,ayaan.brown582@parent.com,"73 Al-Nuzha Street, Jeddah"
,Majed Al-Tamimi,ماجد التميمي,Male,2013-04-11,Saudi Arabia,National ID,1897031992,,,Muslim,Madinah,BRITISH,Grade 8,A,2024-25,583,New Student,Regular Mode,New,2022-09-01,Yes,Waleed Al-Tamimi,Joud Al-Tamimi,+966552651789,majed.altamimi583@parent.com,"284 Al-Nuzha Street, Jeddah"
,Anaya Singh,أنايا سينغ,Female,2012-11-18,Indonesia,Iqama,,2592878799,,Non-Muslim,Damascus,BRITISH,Grade 9,A,2024-25,584,Transfer,Online Mode,Transfer,2025-09-01,Yes,Daniel Singh,Aliya Singh,+966521828225,anaya.singh584@parent.com,"151 Al-Nuzha Street, Jeddah"
,Sultan Al-Yamani,سلطان اليماني,Male,2011-08-12,Saudi Arabia,National ID,1319940647,,,Non-Muslim,Buraidah,BRITISH,Grade 10,A,2024-25,585,Regular (Continuing),Regular Mode,Regular,2025-09-01,Yes,Saif Al-Yamani,Noura Al-Yamani,+966576634296,sultan.alyamani585@parent.com,"296 Al-Nuzha Street, Jeddah"
,Reem Al-Yamani,ريم اليماني,Female,2010-09-28,Saudi Arabia,National ID,1604891043,,,Muslim,Abha,BRITISH,Grade 11,A,2024-25,586,Regular (Continuing),Regular Mode,Regular,2022-09-01,Yes,Raed Al-Yamani,Joud Al-Yamani,+966594360143,reem.alyamani586@parent.com,"242 Al-Nuzha Street, Jeddah"
,Nawaf Al-Qahtani,نواف القحطاني,Male,2009-10-25,Saudi Arabia,National ID,1448872351,,,Non-Muslim,Riyadh,BRITISH,Grade 12,A,2024-25,587,Transfer,Online Mode,Transfer,2025-09-01,Yes,Naif Al-Qahtani,Tala Al-Qahtani,+966551495284,nawaf.alqahtani587@parent.com,"125 Al-Nuzha Street, Jeddah"
,Mariam Al-Maliki,مريم المالكي,Female,2020-12-24,Saudi Arabia,National ID,1944250260,,,Muslim,Jeddah,BRITISH,KG1,A,2024-25,588,Regular (Continuing),Seasonal Mode,Regular,2023-09-01,Yes,Yousef Al-Maliki,Hessa Al-Maliki,+966572322461,mariam.almaliki588@parent.com,"177 Al-Nuzha Street, Jeddah"
,James Garcia,جيمس جارسيا,Male,2019-09-20,United States,Passport,,,KH7182394,Muslim,London,BRITISH,KG2,A,2024-25,589,Regular (Continuing),Regular Mode,Regular,2025-09-01,Yes,Talha Garcia,Zoe Garcia,+966561722489,james.garcia589@parent.com,"247 Al-Nuzha Street, Jeddah"
,Omar Al-Sudais,عمر السديس,Male,2020-10-09,Saudi Arabia,National ID,1382250586,,,Muslim,Buraidah,BRITISH,Grade 1,A,2024-25,590,New Student,Seasonal Mode,New,2023-09-01,Yes,Saud Al-Sudais,Shaden Al-Sudais,+966516565681,omar.alsudais590@parent.com,"108 Al-Nuzha Street, Jeddah"
,Ibrahim Al-Maliki,إبراهيم المالكي,Male,2019-05-11,Saudi Arabia,National ID,1953196214,,,Muslim,Madinah,BRITISH,Grade 2,A,2024-25,591,Regular (Continuing),Regular Mode,Regular,2025-09-01,Yes,Nawaf Al-Maliki,Hanan Al-Maliki,+966522987565,ibrahim.almaliki591@parent.com,"270 Al-Nuzha Street, Jeddah"
,Anaya Kim,أنايا كيم,Female,2018-01-20,Indonesia,Iqama,,2102257672,,Muslim,Khartoum,BRITISH,Grade 3,A,2024-25,592,New Student,Regular Mode,New,2023-09-01,Yes,Vihaan Kim,Zoe Kim,+966552553807,anaya.kim592@parent.com,"171 Al-Nuzha Street, Jeddah"
,Lama Al-Yamani,لمى اليماني,Female,2017-06-02,Saudi Arabia,National ID,1787975339,,,Muslim,Khobar,BRITISH,Grade 4,A,2024-25,593,Regular (Continuing),Seasonal Mode,Regular,2025-09-01,Yes,Khalid Al-Yamani,Sara Al-Yamani,+966596263097,lama.alyamani593@parent.com,"204 Al-Nuzha Street, Jeddah"
,Anaya Reddy,أنايا ريدي,Female,2016-04-15,Egypt,Iqama,,2463272588,,Muslim,Dhaka,BRITISH,Grade 5,A,2024-25,594,Regular (Continuing),Online Mode,Regular,2022-09-01,Yes,Yusuf Reddy,Diya Reddy,+966572955915,anaya.reddy594@parent.com,"75 Al-Nuzha Street, Jeddah"
,Priya Reddy,بريا ريدي,Female,2015-10-14,India,Iqama,,2489420997,,Muslim,Manila,BRITISH,Grade 6,A,2024-25,595,Regular (Continuing),Online Mode,Regular,2025-09-01,Yes,Faris Reddy,Saanvi Reddy,+966594827101,priya.reddy595@parent.com,"64 Al-Nuzha Street, Jeddah"
,Tala Al-Zahrani,تالا الزهراني,Female,2014-02-11,Saudi Arabia,National ID,1307009331,,,Muslim,Abha,BRITISH,Grade 7,A,2024-25,596,New Student,Regular Mode,New,2022-09-01,Yes,Yousef Al-Zahrani,Dana Al-Zahrani,+966537358589,tala.alzahrani596@parent.com,"77 Al-Nuzha Street, Jeddah"
,Talha Gupta,طلحة جوبتا,Male,2013-10-03,Bangladesh,Iqama,,2368357627,,Non-Muslim,Sanaa,BRITISH,Grade 8,A,2024-25,597,Regular (Continuing),Seasonal Mode,Regular,2024-09-01,Yes,Adam Gupta,Maya Gupta,+966568541878,talha.gupta597@parent.com,"97 Al-Nuzha Street, Jeddah"
,Zoe Hassan,زوي حسن,Female,2012-02-16,Bangladesh,Passport,,,FJ3201256,Muslim,Sanaa,BRITISH,Grade 9,A,2024-25,598,Transfer,Online Mode,Transfer,2022-09-01,Yes,Ayaan Hassan,Anika Hassan,+966503931936,zoe.hassan598@parent.com,"218 Al-Nuzha Street, Jeddah"
,Yusuf Ahmed,يوسف أحمد,Male,2011-11-11,Sudan,Passport,,,BL4493449,Muslim,Dhaka,BRITISH,Grade 10,A,2024-25,599,Regular (Continuing),Regular Mode,Regular,2024-09-01,Yes,Imran Ahmed,Fatima Ahmed,+966527030417,yusuf.ahmed599@parent.com,"54 Al-Nuzha Street, Jeddah"
,Fatima Al-Otaibi,فاطمة العتيبي,Female,2010-09-11,Saudi Arabia,National ID,1149305965,,,Muslim,Buraidah,BRITISH,Grade 11,A,2024-25,600,Transfer,Online Mode,Transfer,2023-09-01,Yes,Bandar Al-Otaibi,Tala Al-Otaibi,+966504024649,fatima.alotaibi600@parent.com,"2 Al-Nuzha Street, Jeddah"
,Anas Al-Rashid,أنس الراشد,Male,2009-12-17,Saudi Arabia,National ID,1780940119,,,Muslim,Buraidah,BRITISH,Grade 12,A,2024-25,601,Regular (Continuing),Seasonal Mode,Regular,2022-09-01,Yes,Khalid Al-Rashid,Fatima Al-Rashid,+966568543218,anas.alrashid601@parent.com,"28 Al-Nuzha Street, Jeddah"
,Zoe Singh,زوي سينغ,Female,2020-11-26,India,Passport,,,CN2363744,Muslim,Dhaka,BRITISH,KG1,A,2024-25,602,Regular (Continuing),Online Mode,Regular,2023-09-01,Yes,Michael Singh,Layla Singh,+966540654761,zoe.singh602@parent.com,"280 Al-Nuzha Street, Jeddah"
,Hamza Malik,حمزة مالك,Male,2019-12-10,Pakistan,Passport,,,KE4051203,Muslim,Dhaka,BRITISH,KG2,A,2024-25,603,New Student,Regular Mode,New,2023-09-01,Yes,Junaid Malik,Nour Malik,+966582565795,hamza.malik603@parent.com,"251 Al-Nuzha Street, Jeddah"
,Majed Al-Mutairi,ماجد المطيري,Male,2020-11-11,Saudi Arabia,National ID,1706629674,,,Muslim,Dammam,BRITISH,Grade 1,A,2024-25,604,Regular (Continuing),Online Mode,Regular,2022-09-01,Yes,Fahad Al-Mutairi,Hessa Al-Mutairi,+966561976695,majed.almutairi604@parent.com,"22 Al-Nuzha Street, Jeddah"
,Saif Al-Sulami,سيف السلمي,Male,2019-11-08,Saudi Arabia,National ID,1529483362,,,Muslim,Tabuk,BRITISH,Grade 2,A,2024-25,605,New Student,Seasonal Mode,New,2024-09-01,Yes,Raed Al-Sulami,Mariam Al-Sulami,+966557892369,saif.alsulami605@parent.com,"107 Al-Nuzha Street, Jeddah"
,Bandar Al-Rashid,بندر الراشد,Male,2018-08-24,Saudi Arabia,National ID,1331519701,,,Muslim,Mecca,BRITISH,Grade 3,A,2024-25,606,Regular (Continuing),Online Mode,Regular,2022-09-01,Yes,Hamad Al-Rashid,Tala Al-Rashid,+966501221084,bandar.alrashid606@parent.com,"91 Al-Nuzha Street, Jeddah"
,Yazeed Al-Mutairi,يزيد المطيري,Male,2017-05-28,Saudi Arabia,National ID,1869495340,,,Muslim,Mecca,BRITISH,Grade 4,A,2024-25,607,New Student,Seasonal Mode,New,2023-09-01,Yes,Khalid Al-Mutairi,Sara Al-Mutairi,+966519192998,yazeed.almutairi607@parent.com,"210 Al-Nuzha Street, Jeddah"
,Mariam Chen,مريم تشين,Female,2016-08-06,Bangladesh,Iqama,,2734599145,,Non-Muslim,Jakarta,BRITISH,Grade 5,A,2024-25,608,New Student,Regular Mode,New,2025-09-01,Yes,David Chen,Fatima Chen,+966508084856,mariam.chen608@parent.com,"182 Al-Nuzha Street, Jeddah"
,Michael Kumar,مايكل كومار,Male,2015-06-14,Philippines,Passport,,,GH5282287,Muslim,Cairo,BRITISH,Grade 6,A,2024-25,609,Regular (Continuing),Regular Mode,Regular,2023-09-01,Yes,Talha Kumar,Priya Kumar,+966599129815,michael.kumar609@parent.com,"289 Al-Nuzha Street, Jeddah"
,Anvi Chen,أنفي تشين,Female,2014-03-13,United Kingdom,Iqama,,2478870080,,Muslim,Khartoum,BRITISH,Grade 7,A,2024-25,610,Regular (Continuing),Seasonal Mode,Regular,2023-09-01,Yes,Junaid Chen,Zainab Chen,+966523339544,anvi.chen610@parent.com,"223 Al-Nuzha Street, Jeddah"
,Hessa Al-Hashemi,حصة الهاشمي,Female,2013-07-07,Saudi Arabia,National ID,1452798511,,,Muslim,Khobar,BRITISH,Grade 8,A,2024-25,611,Regular (Continuing),Seasonal Mode,Regular,2024-09-01,Yes,Ziyad Al-Hashemi,Latifa Al-Hashemi,+966521062256,hessa.alhashemi611@parent.com,"189 Al-Nuzha Street, Jeddah"
,Amal Al-Sabah,أمل الصباح,Female,2012-05-12,Saudi Arabia,National ID,1281073445,,,Muslim,Mecca,BRITISH,Grade 9,A,2024-25,612,Regular (Continuing),Seasonal Mode,Regular,2025-09-01,Yes,Ali Al-Sabah,Hessa Al-Sabah,+966504774944,amal.alsabah612@parent.com,"191 Al-Nuzha Street, Jeddah"
,Amal Al-Anazi,أمل العنزي,Female,2011-10-11,Saudi Arabia,National ID,1446742582,,,Muslim,Tabuk,BRITISH,Grade 10,A,2024-25,613,Transfer,Online Mode,Transfer,2024-09-01,Yes,Waleed Al-Anazi,Renad Al-Anazi,+966569962244,amal.alanazi613@parent.com,"187 Al-Nuzha Street, Jeddah"
,Hanan Al-Fayez,حنان الفايز,Female,2010-10-14,Saudi Arabia,National ID,1013339637,,,Muslim,Dammam,BRITISH,Grade 11,A,2024-25,614,Regular (Continuing),Seasonal Mode,Regular,2024-09-01,Yes,Mohammed Al-Fayez,Lama Al-Fayez,+966588836679,hanan.alfayez614@parent.com,"236 Al-Nuzha Street, Jeddah"
,Imran Khan,عمران خان,Male,2009-08-18,United Kingdom,Iqama,,2591561205,,Muslim,London,BRITISH,Grade 12,A,2024-25,615,Regular (Continuing),Regular Mode,Regular,2024-09-01,Yes,Aryan Khan,Diya Khan,+966559062778,imran.khan615@parent.com,"26 Al-Nuzha Street, Jeddah"
,Sara Al-Maliki,سارة المالكي,Female,2020-03-04,Saudi Arabia,National ID,1436000848,,,Non-Muslim,Khobar,BRITISH,KG1,A,2024-25,616,New Student,Seasonal Mode,New,2025-09-01,Yes,Saif Al-Maliki,Tala Al-Maliki,+966581024118,sara.almaliki616@parent.com,"276 Al-Nuzha Street, Jeddah"
,Anika Malik,أنيكة مالك,Female,2019-02-23,Jordan,Passport,,,KA4600775,Non-Muslim,Dhaka,BRITISH,KG2,A,2024-25,617,New Student,Seasonal Mode,New,2025-09-01,Yes,Tariq Malik,Zainab Malik,+966537461377,anika.malik617@parent.com,"46 Al-Nuzha Street, Jeddah"
,Adel Al-Sulami,عادل السلمي,Male,2020-11-14,Saudi Arabia,National ID,1849806673,,,Muslim,Buraidah,BRITISH,Grade 1,A,2024-25,618,New Student,Seasonal Mode,New,2024-09-01,Yes,Salman Al-Sulami,Amal Al-Sulami,+966513188014,adel.alsulami618@parent.com,"98 Al-Nuzha Street, Jeddah"
,Abdullah Al-Otaibi,عبدالله العتيبي,Male,2019-09-13,Saudi Arabia,National ID,1788205119,,,Muslim,Abha,BRITISH,Grade 2,A,2024-25,619,Regular (Continuing),Seasonal Mode,Regular,2022-09-01,Yes,Bader Al-Otaibi,Sara Al-Otaibi,+966591752115,abdullah.alotaibi619@parent.com,"211 Al-Nuzha Street, Jeddah"
,David Reddy,ديفيد ريدي,Male,2018-08-02,United Kingdom,Iqama,,2147152775,,Muslim,New York,BRITISH,Grade 3,A,2024-25,620,Regular (Continuing),Online Mode,Regular,2022-09-01,Yes,David Reddy,Zainab Reddy,+966551151247,david.reddy620@parent.com,"264 Al-Nuzha Street, Jeddah"
,Shaden Al-Hussein,شادن الحسين,Female,2017-12-27,Saudi Arabia,National ID,1631626968,,,Non-Muslim,Abha,BRITISH,Grade 4,A,2024-25,621,New Student,Regular Mode,New,2023-09-01,Yes,Saif Al-Hussein,Aisha Al-Hussein,+966557649750,shaden.alhussein621@parent.com,"84 Al-Nuzha Street, Jeddah"
,Lujain Al-Harbi,لجين الحربي,Female,2016-09-09,Saudi Arabia,National ID,1534153369,,,Non-Muslim,Jeddah,BRITISH,Grade 5,A,2024-25,622,Regular (Continuing),Online Mode,Regular,2023-09-01,Yes,Turki Al-Harbi,Lujain Al-Harbi,+966542721474,lujain.alharbi622@parent.com,"273 Al-Nuzha Street, Jeddah"
,Mariam Gupta,مريم جوبتا,Female,2015-03-06,Bangladesh,Iqama,,2635999138,,Non-Muslim,Sanaa,BRITISH,Grade 6,A,2024-25,623,Transfer,Online Mode,Transfer,2024-09-01,Yes,Rohan Gupta,Aisha Gupta,+966547268935,mariam.gupta623@parent.com,"12 Al-Nuzha Street, Jeddah"
,Latifa Al-Tamimi,لطيفة التميمي,Female,2014-04-09,Saudi Arabia,National ID,1315935570,,,Muslim,Khobar,BRITISH,Grade 7,A,2024-25,624,Regular (Continuing),Regular Mode,Regular,2025-09-01,Yes,Turki Al-Tamimi,Salma Al-Tamimi,+966501610690,latifa.altamimi624@parent.com,"69 Al-Nuzha Street, Jeddah"
,Adam Malik,آدم مالك,Male,2013-03-09,Philippines,Passport,,,CN9905930,Muslim,Manila,BRITISH,Grade 8,A,2024-25,625,New Student,Online Mode,New,2023-09-01,Yes,Faris Malik,Hira Malik,+966510487716,adam.malik625@parent.com,"105 Al-Nuzha Street, Jeddah"
,Faris Khan,فارس خان,Male,2012-06-10,Yemen,Passport,,,DN3959705,Non-Muslim,Sanaa,BRITISH,Grade 9,A,2024-25,626,Transfer,Online Mode,Transfer,2023-09-01,Yes,Daniel Khan,Emma Khan,+966563179532,faris.khan626@parent.com,"141 Al-Nuzha Street, Jeddah"
,Faris Ali,فارس علي,Male,2011-07-24,Bangladesh,Iqama,,2191845653,,Muslim,Manila,BRITISH,Grade 10,A,2024-25,627,New Student,Seasonal Mode,New,2025-09-01,Yes,Imran Ali,Priya Ali,+966513097497,faris.ali627@parent.com,"272 Al-Nuzha Street, Jeddah"
,Aisha Al-Sabah,عائشة الصباح,Female,2010-09-10,Saudi Arabia,National ID,1137941177,,,Muslim,Madinah,BRITISH,Grade 11,A,2024-25,628,New Student,Regular Mode,New,2024-09-01,Yes,Hatim Al-Sabah,Hanan Al-Sabah,+966575802120,aisha.alsabah628@parent.com,"175 Al-Nuzha Street, Jeddah"
,Waleed Al-Sudais,وليد السديس,Male,2009-08-10,Saudi Arabia,National ID,1984681135,,,Muslim,Tabuk,BRITISH,Grade 12,A,2024-25,629,Regular (Continuing),Seasonal Mode,Regular,2025-09-01,Yes,Salman Al-Sudais,Layla Al-Sudais,+966554249170,waleed.alsudais629@parent.com,"115 Al-Nuzha Street, Jeddah"
,Anvi Saleh,أنفي صالح,Female,2020-02-16,Indonesia,Passport,,,BA1370173,Muslim,Manila,BRITISH,KG1,A,2024-25,630,New Student,Online Mode,New,2024-09-01,Yes,Hassan Saleh,Sofia Saleh,+966589663030,anvi.saleh630@parent.com,"123 Al-Nuzha Street, Jeddah"
,Mohammed Al-Hashemi,محمد الهاشمي,Male,2019-05-06,Saudi Arabia,National ID,1244461700,,,Muslim,Abha,BRITISH,KG2,A,2024-25,631,Regular (Continuing),Online Mode,Regular,2025-09-01,Yes,Waleed Al-Hashemi,Shaden Al-Hashemi,+966586234545,mohammed.alhashemi631@parent.com,"271 Al-Nuzha Street, Jeddah"
,James Wang,جيمس وانج,Male,2020-10-03,Indonesia,Iqama,,2252288159,,Non-Muslim,Karachi,BRITISH,Grade 1,A,2024-25,632,Transfer,Regular Mode,Transfer,2025-09-01,Yes,Bilal Wang,Zainab Wang,+966532241123,james.wang632@parent.com,"219 Al-Nuzha Street, Jeddah"
,Mehek Sharma,مهك شارما,Female,2019-03-10,Pakistan,Passport,,,NB2163767,Muslim,Damascus,BRITISH,Grade 2,A,2024-25,633,Regular (Continuing),Regular Mode,Regular,2025-09-01,Yes,Ahmed Sharma,Sophia Sharma,+966563183059,mehek.sharma633@parent.com,"98 Al-Nuzha Street, Jeddah"
,Nour Singh,نور سينغ,Female,2018-10-16,Egypt,Iqama,,2190928051,,Muslim,London,BRITISH,Grade 3,A,2024-25,634,Regular (Continuing),Seasonal Mode,Regular,2025-09-01,Yes,Kabir Singh,Khadija Singh,+966574882410,nour.singh634@parent.com,"17 Al-Nuzha Street, Jeddah"
,John Reddy,جون ريدي,Male,2017-09-28,Pakistan,Iqama,,2613065162,,Muslim,Dhaka,BRITISH,Grade 4,A,2024-25,635,New Student,Regular Mode,New,2022-09-01,Yes,Vihaan Reddy,Olivia Reddy,+966528985648,john.reddy635@parent.com,"110 Al-Nuzha Street, Jeddah"
,Waleed Al-Otaibi,وليد العتيبي,Male,2016-01-12,Saudi Arabia,National ID,1996179723,,,Muslim,Buraidah,BRITISH,Grade 5,A,2024-25,636,Regular (Continuing),Seasonal Mode,Regular,2023-09-01,Yes,Turki Al-Otaibi,Joud Al-Otaibi,+966564437795,waleed.alotaibi636@parent.com,"281 Al-Nuzha Street, Jeddah"
,Adel Al-Sudais,عادل السديس,Male,2015-04-14,Saudi Arabia,National ID,1864908673,,,Muslim,Abha,BRITISH,Grade 6,A,2024-25,637,New Student,Seasonal Mode,New,2025-09-01,Yes,Omar Al-Sudais,Maha Al-Sudais,+966556267026,adel.alsudais637@parent.com,"13 Al-Nuzha Street, Jeddah"
,Hira Mahmood,هيرا محمود,Female,2014-12-27,Sudan,Iqama,,2218208570,,Muslim,Cairo,BRITISH,Grade 7,A,2024-25,638,Regular (Continuing),Regular Mode,Regular,2023-09-01,Yes,Tariq Mahmood,Layla Mahmood,+966530755042,hira.mahmood638@parent.com,"6 Al-Nuzha Street, Jeddah"
,Ghada Al-Hashemi,غادة الهاشمي,Female,2013-05-25,Saudi Arabia,National ID,1097875225,,,Muslim,Tabuk,BRITISH,Grade 8,A,2024-25,639,Transfer,Regular Mode,Transfer,2024-09-01,Yes,Saif Al-Hashemi,Manal Al-Hashemi,+966521379648,ghada.alhashemi639@parent.com,"43 Al-Nuzha Street, Jeddah"
,Hatim Al-Hashemi,حاتم الهاشمي,Male,2012-01-21,Saudi Arabia,National ID,1995662275,,,Muslim,Riyadh,BRITISH,Grade 9,A,2024-25,640,Transfer,Regular Mode,Transfer,2024-09-01,Yes,Omar Al-Hashemi,Reem Al-Hashemi,+966554196011,hatim.alhashemi640@parent.com,"297 Al-Nuzha Street, Jeddah"
,Mohammed Al-Otaibi,محمد العتيبي,Male,2011-10-20,Saudi Arabia,National ID,1229990086,,,Non-Muslim,Abha,BRITISH,Grade 10,A,2024-25,641,New Student,Online Mode,New,2022-09-01,Yes,Ziyad Al-Otaibi,Amal Al-Otaibi,+966599726763,mohammed.alotaibi641@parent.com,"159 Al-Nuzha Street, Jeddah"
,Omar Al-Otaibi,عمر العتيبي,Male,2010-08-23,Saudi Arabia,National ID,1307242332,,,Muslim,Buraidah,BRITISH,Grade 11,A,2024-25,642,Transfer,Regular Mode,Transfer,2023-09-01,Yes,Saif Al-Otaibi,Salma Al-Otaibi,+966544680192,omar.alotaibi642@parent.com,"227 Al-Nuzha Street, Jeddah"
,Salman Al-Otaibi,سلمان العتيبي,Male,2009-07-20,Saudi Arabia,National ID,1682967399,,,Muslim,Khobar,BRITISH,Grade 12,A,2024-25,643,Regular (Continuing),Regular Mode,Regular,2022-09-01,Yes,Ali Al-Otaibi,Hanan Al-Otaibi,+966526191403,salman.alotaibi643@parent.com,"213 Al-Nuzha Street, Jeddah"
,Talal Al-Harbi,طلال الحربي,Male,2020-07-27,Saudi Arabia,National ID,1060251276,,,Muslim,Jeddah,BRITISH,KG1,A,2024-25,644,Transfer,Online Mode,Transfer,2023-09-01,Yes,Yazeed Al-Harbi,Norah Al-Harbi,+966554120966,talal.alharbi644@parent.com,"171 Al-Nuzha Street, Jeddah"
,Khadija Gupta,خديجة جوبتا,Female,2019-10-01,Syria,Passport,,,CF1217121,Muslim,Dhaka,BRITISH,KG2,A,2024-25,645,New Student,Regular Mode,New,2023-09-01,Yes,Imran Gupta,Emma Gupta,+966571175716,khadija.gupta645@parent.com,"28 Al-Nuzha Street, Jeddah"
,Saanvi Chen,سانفي تشين,Female,2020-03-10,Jordan,Passport,,,JA3529650,Muslim,New York,BRITISH,Grade 1,A,2024-25,646,New Student,Online Mode,New,2023-09-01,Yes,Talha Chen,Sofia Chen,+966517402889,saanvi.chen646@parent.com,"90 Al-Nuzha Street, Jeddah"
,Michael Ahmed,مايكل أحمد,Male,2019-11-19,Egypt,Iqama,,2048689179,,Muslim,New York,BRITISH,Grade 2,A,2024-25,647,New Student,Seasonal Mode,New,2023-09-01,Yes,Imran Ahmed,Olivia Ahmed,+966556050973,michael.ahmed647@parent.com,"33 Al-Nuzha Street, Jeddah"
,Diya Singh,ديا سينغ,Female,2018-01-12,Pakistan,Iqama,,2439348335,,Muslim,Karachi,BRITISH,Grade 3,A,2024-25,648,Regular (Continuing),Seasonal Mode,Regular,2023-09-01,Yes,Zain Singh,Zoe Singh,+966554785640,diya.singh648@parent.com,"269 Al-Nuzha Street, Jeddah"
,Amal Al-Sabah,أمل الصباح,Female,2017-07-15,Saudi Arabia,National ID,1201780896,,,Muslim,Abha,BRITISH,Grade 4,A,2024-25,649,New Student,Seasonal Mode,New,2023-09-01,Yes,Hamad Al-Sabah,Wafa Al-Sabah,+966599490164,amal.alsabah649@parent.com,"173 Al-Nuzha Street, Jeddah"
,Riya Garcia,ريا جارسيا,Female,2016-09-17,Egypt,Iqama,,2000190166,,Muslim,Karachi,BRITISH,Grade 5,A,2024-25,650,New Student,Regular Mode,New,2024-09-01,Yes,Michael Garcia,Fatima Garcia,+966510449834,riya.garcia650@parent.com,"293 Al-Nuzha Street, Jeddah"
,Manal Al-Hussein,منال الحسين,Female,2015-12-23,Saudi Arabia,National ID,1973746931,,,Muslim,Madinah,BRITISH,Grade 6,A,2024-25,651,Transfer,Online Mode,Transfer,2022-09-01,Yes,Naif Al-Hussein,Layla Al-Hussein,+966572958072,manal.alhussein651@parent.com,"197 Al-Nuzha Street, Jeddah"
,Mehek Mahmood,مهك محمود,Female,2014-02-01,Philippines,Iqama,,2877940260,,Non-Muslim,Dhaka,BRITISH,Grade 7,A,2024-25,652,Regular (Continuing),Regular Mode,Regular,2025-09-01,Yes,Zayn Mahmood,Sadia Mahmood,+966516416265,mehek.mahmood652@parent.com,"235 Al-Nuzha Street, Jeddah"
,Saanvi Chen,سانفي تشين,Female,2013-10-06,Syria,Iqama,,2158080172,,Muslim,Damascus,BRITISH,Grade 8,A,2024-25,653,Regular (Continuing),Regular Mode,Regular,2024-09-01,Yes,Ayaan Chen,Hira Chen,+966534852890,saanvi.chen653@parent.com,"246 Al-Nuzha Street, Jeddah"
,Zain Brown,زين براون,Male,2012-01-17,United Kingdom,Iqama,,2218857746,,Non-Muslim,Mumbai,BRITISH,Grade 9,A,2024-25,654,Regular (Continuing),Online Mode,Regular,2022-09-01,Yes,Vihaan Brown,Anvi Brown,+966590071602,zain.brown654@parent.com,"289 Al-Nuzha Street, Jeddah"
,Fahad Al-Qahtani,فهد القحطاني,Male,2011-03-23,Saudi Arabia,National ID,1374126585,,,Muslim,Tabuk,BRITISH,Grade 10,A,2024-25,655,New Student,Online Mode,New,2024-09-01,Yes,Bader Al-Qahtani,Sara Al-Qahtani,+966564839759,fahad.alqahtani655@parent.com,"183 Al-Nuzha Street, Jeddah"
,Aryan Hussain,آريان حسين,Male,2010-12-15,Indonesia,Iqama,,2808564425,,Muslim,Sanaa,BRITISH,Grade 11,A,2024-25,656,New Student,Online Mode,New,2025-09-01,Yes,Adam Hussain,Zainab Hussain,+966558305469,aryan.hussain656@parent.com,"166 Al-Nuzha Street, Jeddah"
,Vihaan Chen,فيهان تشين,Male,2009-05-06,Pakistan,Passport,,,NG8262269,Muslim,Amman,BRITISH,Grade 12,A,2024-25,657,New Student,Online Mode,New,2022-09-01,Yes,Michael Chen,Diya Chen,+966549885879,vihaan.chen657@parent.com,"197 Al-Nuzha Street, Jeddah"
,Sana Patel,سناء باتل,Female,2020-02-21,Yemen,Passport,,,FA4156005,Muslim,Sanaa,BRITISH,KG1,A,2024-25,658,Regular (Continuing),Seasonal Mode,Regular,2023-09-01,Yes,Vihaan Patel,Sophia Patel,+966598811618,sana.patel658@parent.com,"145 Al-Nuzha Street, Jeddah"
,Salman Al-Rashid,سلمان الراشد,Male,2019-09-19,Saudi Arabia,National ID,1295299708,,,Non-Muslim,Dammam,BRITISH,KG2,A,2024-25,659,Regular (Continuing),Regular Mode,Regular,2024-09-01,Yes,Anas Al-Rashid,Layla Al-Rashid,+966504751757,salman.alrashid659@parent.com,"1 Al-Nuzha Street, Jeddah"
,Hamza Habib,حمزة حبيب,Male,2020-08-10,Syria,Passport,,,FB3133694,Muslim,New York,BRITISH,Grade 1,A,2024-25,660,New Student,Online Mode,New,2022-09-01,Yes,Imran Habib,Riya Habib,+966563959383,hamza.habib660@parent.com,"64 Al-Nuzha Street, Jeddah"
,Maha Al-Rashid,مها الراشد,Female,2019-04-12,Saudi Arabia,National ID,1237777469,,,Muslim,Buraidah,BRITISH,Grade 2,A,2024-25,661,New Student,Seasonal Mode,New,2025-09-01,Yes,Saif Al-Rashid,Aljawhara Al-Rashid,+966580187017,maha.alrashid661@parent.com,"86 Al-Nuzha Street, Jeddah"
,Hira Kim,هيرا كيم,Female,2018-06-25,Pakistan,Iqama,,2091786322,,Muslim,New York,BRITISH,Grade 3,A,2024-25,662,Regular (Continuing),Online Mode,Regular,2023-09-01,Yes,Talha Kim,Riya Kim,+966502417315,hira.kim662@parent.com,"291 Al-Nuzha Street, Jeddah"
,Anaya Reddy,أنايا ريدي,Female,2017-12-17,Jordan,Passport,,,JC6069405,Muslim,Karachi,BRITISH,Grade 4,A,2024-25,663,Regular (Continuing),Seasonal Mode,Regular,2023-09-01,Yes,Faris Reddy,Emma Reddy,+966551570975,anaya.reddy663@parent.com,"197 Al-Nuzha Street, Jeddah"
,Ahmed Ahmed,أحمد أحمد,Male,2016-09-22,Indonesia,Iqama,,2573595314,,Non-Muslim,Jakarta,BRITISH,Grade 5,A,2024-25,664,New Student,Seasonal Mode,New,2022-09-01,Yes,Aryan Ahmed,Aliya Ahmed,+966561892942,ahmed.ahmed664@parent.com,"287 Al-Nuzha Street, Jeddah"
,Saud Al-Harbi,سعود الحربي,Male,2015-06-07,Saudi Arabia,National ID,1878508682,,,Muslim,Khobar,BRITISH,Grade 6,A,2024-25,665,Regular (Continuing),Seasonal Mode,Regular,2024-09-01,Yes,Khalid Al-Harbi,Amal Al-Harbi,+966590229267,saud.alharbi665@parent.com,"222 Al-Nuzha Street, Jeddah"
,Aisha Al-Fayez,عائشة الفايز,Female,2014-05-02,Saudi Arabia,National ID,1180738323,,,Muslim,Khobar,BRITISH,Grade 7,A,2024-25,666,New Student,Online Mode,New,2024-09-01,Yes,Hamad Al-Fayez,Raghad Al-Fayez,+966526892268,aisha.alfayez666@parent.com,"187 Al-Nuzha Street, Jeddah"
,Khadija Singh,خديجة سينغ,Female,2013-12-12,Philippines,Passport,,,ND9610559,Muslim,Amman,BRITISH,Grade 8,A,2024-25,667,Transfer,Regular Mode,Transfer,2022-09-01,Yes,Imran Singh,Sofia Singh,+966585659541,khadija.singh667@parent.com,"250 Al-Nuzha Street, Jeddah"
,Salman Al-Harbi,سلمان الحربي,Male,2012-02-06,Saudi Arabia,National ID,1536036887,,,Muslim,Khobar,BRITISH,Grade 9,A,2024-25,668,New Student,Seasonal Mode,New,2023-09-01,Yes,Yazeed Al-Harbi,Sara Al-Harbi,+966586888228,salman.alharbi668@parent.com,"5 Al-Nuzha Street, Jeddah"
,Michael Kim,مايكل كيم,Male,2011-11-19,Egypt,Passport,,,BH6840197,Muslim,Damascus,BRITISH,Grade 10,A,2024-25,669,Regular (Continuing),Seasonal Mode,Regular,2023-09-01,Yes,Hamza Kim,Aliya Kim,+966567160776,michael.kim669@parent.com,"77 Al-Nuzha Street, Jeddah"
,Hamad Al-Shehri,حمد الشهري,Male,2010-06-22,Saudi Arabia,National ID,1001323251,,,Muslim,Tabuk,BRITISH,Grade 11,A,2024-25,670,Regular (Continuing),Seasonal Mode,Regular,2022-09-01,Yes,Fahad Al-Shehri,Lujain Al-Shehri,+966532058040,hamad.alshehri670@parent.com,"21 Al-Nuzha Street, Jeddah"
,James Ahmed,جيمس أحمد,Male,2009-12-05,Indonesia,Iqama,,2553045057,,Muslim,Karachi,BRITISH,Grade 12,A,2024-25,671,New Student,Online Mode,New,2023-09-01,Yes,James Ahmed,Olivia Ahmed,+966557919220,james.ahmed671@parent.com,"177 Al-Nuzha Street, Jeddah"
,Adel Al-Yamani,عادل اليماني,Male,2020-10-24,Saudi Arabia,National ID,1549916689,,,Muslim,Khobar,BRITISH,KG1,A,2024-25,672,New Student,Regular Mode,New,2022-09-01,Yes,Saud Al-Yamani,Joud Al-Yamani,+966549774901,adel.alyamani672@parent.com,"48 Al-Nuzha Street, Jeddah"
,Imran Ibrahim,عمران إبراهيم,Male,2019-07-11,Egypt,Iqama,,2203937805,,Non-Muslim,Dhaka,BRITISH,KG2,A,2024-25,673,Transfer,Seasonal Mode,Transfer,2024-09-01,Yes,Rohan Ibrahim,Layla Ibrahim,+966510866153,imran.ibrahim673@parent.com,"166 Al-Nuzha Street, Jeddah"
,Saud Al-Ghamdi,سعود الغامدي,Male,2020-12-25,Saudi Arabia,National ID,1485851833,,,Muslim,Tabuk,BRITISH,Grade 1,A,2024-25,674,New Student,Online Mode,New,2025-09-01,Yes,Sultan Al-Ghamdi,Dalal Al-Ghamdi,+966535772009,saud.alghamdi674@parent.com,"3 Al-Nuzha Street, Jeddah"
,Sofia Patel,صوفيا باتل,Female,2019-12-17,United States,Iqama,,2537308048,,Muslim,New York,BRITISH,Grade 2,A,2024-25,675,New Student,Seasonal Mode,New,2024-09-01,Yes,Ismail Patel,Nayla Patel,+966560588512,sofia.patel675@parent.com,"266 Al-Nuzha Street, Jeddah"
,Abdullah Al-Qahtani,عبدالله القحطاني,Male,2018-08-06,Saudi Arabia,National ID,1496403277,,,Muslim,Abha,BRITISH,Grade 3,A,2024-25,676,Regular (Continuing),Regular Mode,Regular,2023-09-01,Yes,Raed Al-Qahtani,Norah Al-Qahtani,+966587085934,abdullah.alqahtani676@parent.com,"142 Al-Nuzha Street, Jeddah"
,Imran Chen,عمران تشين,Male,2017-11-05,Sudan,Passport,,,KJ4212324,Muslim,Mumbai,BRITISH,Grade 4,A,2024-25,677,Regular (Continuing),Online Mode,Regular,2025-09-01,Yes,Kabir Chen,Sana Chen,+966501326113,imran.chen677@parent.com,"175 Al-Nuzha Street, Jeddah"
,John Habib,جون حبيب,Male,2016-01-20,Bangladesh,Iqama,,2640276395,,Non-Muslim,Dhaka,BRITISH,Grade 5,A,2024-25,678,Regular (Continuing),Seasonal Mode,Regular,2025-09-01,Yes,Imran Habib,Anika Habib,+966547061295,john.habib678@parent.com,"205 Al-Nuzha Street, Jeddah"
,Tala Al-Rashid,تالا الراشد,Female,2015-06-17,Saudi Arabia,National ID,1749762520,,,Muslim,Buraidah,BRITISH,Grade 6,A,2024-25,679,Regular (Continuing),Regular Mode,Regular,2024-09-01,Yes,Yazeed Al-Rashid,Renad Al-Rashid,+966523826214,tala.alrashid679@parent.com,"63 Al-Nuzha Street, Jeddah"
,David Kumar,ديفيد كومار,Male,2014-11-11,Syria,Iqama,,2802365194,,Muslim,Mumbai,BRITISH,Grade 7,A,2024-25,680,New Student,Regular Mode,New,2024-09-01,Yes,Yusuf Kumar,Hira Kumar,+966504538303,david.kumar680@parent.com,"74 Al-Nuzha Street, Jeddah"
,Reem Al-Fayez,ريم الفايز,Female,2013-03-16,Saudi Arabia,National ID,1067338742,,,Muslim,Jeddah,BRITISH,Grade 8,A,2024-25,681,Regular (Continuing),Online Mode,Regular,2024-09-01,Yes,Saif Al-Fayez,Asma Al-Fayez,+966540484193,reem.alfayez681@parent.com,"294 Al-Nuzha Street, Jeddah"
,Omar Al-Sulami,عمر السلمي,Male,2012-10-07,Saudi Arabia,National ID,1660417071,,,Non-Muslim,Jeddah,BRITISH,Grade 9,A,2024-25,682,New Student,Seasonal Mode,New,2025-09-01,Yes,Raed Al-Sulami,Sara Al-Sulami,+966572570253,omar.alsulami682@parent.com,"255 Al-Nuzha Street, Jeddah"
,Mariam Al-Anazi,مريم العنزي,Female,2011-04-14,Saudi Arabia,National ID,1743792272,,,Muslim,Jeddah,BRITISH,Grade 10,A,2024-25,683,Regular (Continuing),Regular Mode,Regular,2023-09-01,Yes,Turki Al-Anazi,Raghad Al-Anazi,+966514024212,mariam.alanazi683@parent.com,"280 Al-Nuzha Street, Jeddah"
,Junaid Ahmed,جنيد أحمد,Male,2010-08-24,Philippines,Passport,,,EL2196212,Muslim,Jakarta,BRITISH,Grade 11,A,2024-25,684,New Student,Online Mode,New,2022-09-01,Yes,Yusuf Ahmed,Olivia Ahmed,+966597279069,junaid.ahmed684@parent.com,"150 Al-Nuzha Street, Jeddah"
,Hessa Al-Mutairi,حصة المطيري,Female,2009-09-23,Saudi Arabia,National ID,1851569795,,,Muslim,Tabuk,BRITISH,Grade 12,A,2024-25,685,Regular (Continuing),Seasonal Mode,Regular,2025-09-01,Yes,Ali Al-Mutairi,Reem Al-Mutairi,+966533269412,hessa.almutairi685@parent.com,"199 Al-Nuzha Street, Jeddah"
,Noura Al-Otaibi,نورة العتيبي,Female,2020-04-19,Saudi Arabia,National ID,1249368756,,,Muslim,Mecca,BRITISH,KG1,A,2024-25,686,Transfer,Seasonal Mode,Transfer,2022-09-01,Yes,Saif Al-Otaibi,Norah Al-Otaibi,+966535059188,noura.alotaibi686@parent.com,"57 Al-Nuzha Street, Jeddah"
,Nour Smith,نور سميث,Female,2019-08-16,Jordan,Iqama,,2383787462,,Non-Muslim,Dhaka,BRITISH,KG2,A,2024-25,687,New Student,Online Mode,New,2023-09-01,Yes,Hassan Smith,Khadija Smith,+966500023448,nour.smith687@parent.com,"10 Al-Nuzha Street, Jeddah"
,Anvi Wang,أنفي وانج,Female,2020-08-27,Pakistan,Iqama,,2266697703,,Muslim,Sanaa,BRITISH,Grade 1,A,2024-25,688,Regular (Continuing),Online Mode,Regular,2024-09-01,Yes,Aryan Wang,Saanvi Wang,+966510488053,anvi.wang688@parent.com,"119 Al-Nuzha Street, Jeddah"
,Layla Al-Sabah,ليلى الصباح,Female,2019-05-05,Saudi Arabia,National ID,1513034573,,,Muslim,Tabuk,BRITISH,Grade 2,A,2024-25,689,Regular (Continuing),Online Mode,Regular,2025-09-01,Yes,Hatim Al-Sabah,Reem Al-Sabah,+966555397754,layla.alsabah689@parent.com,"7 Al-Nuzha Street, Jeddah"
,Michael Garcia,مايكل جارسيا,Male,2018-05-18,United States,Iqama,,2736172114,,Non-Muslim,Karachi,BRITISH,Grade 3,A,2024-25,690,Regular (Continuing),Regular Mode,Regular,2024-09-01,Yes,Hamza Garcia,Aisha Garcia,+966581693272,michael.garcia690@parent.com,"110 Al-Nuzha Street, Jeddah"
,Hatim Al-Dosari,حاتم الدوسري,Male,2017-03-05,Saudi Arabia,National ID,1780941324,,,Non-Muslim,Tabuk,BRITISH,Grade 4,A,2024-25,691,Regular (Continuing),Online Mode,Regular,2022-09-01,Yes,Saif Al-Dosari,Ghada Al-Dosari,+966575283939,hatim.aldosari691@parent.com,"285 Al-Nuzha Street, Jeddah"
,Ghada Al-Hussein,غادة الحسين,Female,2016-04-11,Saudi Arabia,National ID,1854873037,,,Muslim,Dammam,BRITISH,Grade 5,A,2024-25,692,Regular (Continuing),Seasonal Mode,Regular,2023-09-01,Yes,Talal Al-Hussein,Reema Al-Hussein,+966548076165,ghada.alhussein692@parent.com,"85 Al-Nuzha Street, Jeddah"
,Olivia Hussain,أوليفيا حسين,Female,2015-09-26,Pakistan,Iqama,,2171819081,,Muslim,Mumbai,BRITISH,Grade 6,A,2024-25,693,Regular (Continuing),Seasonal Mode,Regular,2024-09-01,Yes,James Hussain,Emma Hussain,+966503635271,olivia.hussain693@parent.com,"172 Al-Nuzha Street, Jeddah"
,John Mansoor,جون منصور,Male,2014-10-21,Pakistan,Iqama,,2358202995,,Muslim,Khartoum,BRITISH,Grade 7,A,2024-25,694,Regular (Continuing),Seasonal Mode,Regular,2025-09-01,Yes,Talha Mansoor,Sophia Mansoor,+966504469859,john.mansoor694@parent.com,"1 Al-Nuzha Street, Jeddah"
,Sofia Reddy,صوفيا ريدي,Female,2013-11-24,Egypt,Iqama,,2572324554,,Muslim,Sanaa,BRITISH,Grade 8,A,2024-25,695,Regular (Continuing),Seasonal Mode,Regular,2023-09-01,Yes,Kabir Reddy,Nayla Reddy,+966585204113,sofia.reddy695@parent.com,"20 Al-Nuzha Street, Jeddah"
,Mohammed Al-Sudais,محمد السديس,Male,2012-05-12,Saudi Arabia,National ID,1598845336,,,Muslim,Abha,BRITISH,Grade 9,A,2024-25,696,Regular (Continuing),Regular Mode,Regular,2025-09-01,Yes,Salman Al-Sudais,Aljawhara Al-Sudais,+966504437552,mohammed.alsudais696@parent.com,"183 Al-Nuzha Street, Jeddah"
,Aliya Singh,عالية سينغ,Female,2011-05-14,Philippines,Passport,,,AB1451861,Muslim,London,BRITISH,Grade 10,A,2024-25,697,New Student,Regular Mode,New,2022-09-01,Yes,Michael Singh,Aisha Singh,+966570408895,aliya.singh697@parent.com,"299 Al-Nuzha Street, Jeddah"
,Omar Al-Hussein,عمر الحسين,Male,2010-03-07,Saudi Arabia,National ID,1941187178,,,Muslim,Madinah,BRITISH,Grade 11,A,2024-25,698,New Student,Regular Mode,New,2022-09-01,Yes,Hamad Al-Hussein,Ghada Al-Hussein,+966532209549,omar.alhussein698@parent.com,"50 Al-Nuzha Street, Jeddah"
,Mehek Ali,مهك علي,Female,2009-07-28,India,Iqama,,2067130351,,Muslim,Mumbai,BRITISH,Grade 12,A,2024-25,699,Regular (Continuing),Seasonal Mode,Regular,2024-09-01,Yes,David Ali,Zainab Ali,+966589042497,mehek.ali699@parent.com,"42 Al-Nuzha Street, Jeddah"
,Mohammed Al-Ghamdi,محمد الغامدي,Male,2020-04-13,Saudi Arabia,National ID,1619106165,,,Muslim,Jeddah,BRITISH,KG1,A,2024-25,700,Regular (Continuing),Regular Mode,Regular,2025-09-01,Yes,Sultan Al-Ghamdi,Lama Al-Ghamdi,+966573902006,mohammed.alghamdi700@parent.com,"19 Al-Nuzha Street, Jeddah"
,Fatima Al-Hashemi,فاطمة الهاشمي,Female,2019-07-22,Saudi Arabia,National ID,1909141239,,,Muslim,Dammam,BRITISH,KG2,A,2024-25,701,Transfer,Seasonal Mode,Transfer,2022-09-01,Yes,Fahad Al-Hashemi,Dalal Al-Hashemi,+966569344372,fatima.alhashemi701@parent.com,"247 Al-Nuzha Street, Jeddah"
,Saif Al-Sudais,سيف السديس,Male,2020-10-06,Saudi Arabia,National ID,1076030168,,,Muslim,Mecca,BRITISH,Grade 1,A,2024-25,702,Regular (Continuing),Regular Mode,Regular,2023-09-01,Yes,Omar Al-Sudais,Wafa Al-Sudais,+966520296668,saif.alsudais702@parent.com,"8 Al-Nuzha Street, Jeddah"
,Khadija Singh,خديجة سينغ,Female,2019-01-03,Bangladesh,Iqama,,2226142830,,Muslim,Amman,BRITISH,Grade 2,A,2024-25,703,Regular (Continuing),Online Mode,Regular,2022-09-01,Yes,Yusuf Singh,Priya Singh,+966580703237,khadija.singh703@parent.com,"267 Al-Nuzha Street, Jeddah"
,Noura Al-Tamimi,نورة التميمي,Female,2018-09-18,Saudi Arabia,National ID,1597728858,,,Muslim,Buraidah,BRITISH,Grade 3,A,2024-25,704,New Student,Online Mode,New,2023-09-01,Yes,Ali Al-Tamimi,Hessa Al-Tamimi,+966592236509,noura.altamimi704@parent.com,"134 Al-Nuzha Street, Jeddah"
,Majed Al-Hashemi,ماجد الهاشمي,Male,2017-01-24,Saudi Arabia,National ID,1956994959,,,Muslim,Tabuk,BRITISH,Grade 4,A,2024-25,705,Regular (Continuing),Seasonal Mode,Regular,2022-09-01,Yes,Salman Al-Hashemi,Wafa Al-Hashemi,+966544690437,majed.alhashemi705@parent.com,"112 Al-Nuzha Street, Jeddah"
,Aryan Shaikh,آريان شيخ,Male,2016-11-05,Indonesia,Iqama,,2430098534,,Muslim,Khartoum,BRITISH,Grade 5,A,2024-25,706,Regular (Continuing),Online Mode,Regular,2022-09-01,Yes,Hassan Shaikh,Maya Shaikh,+966537059876,aryan.shaikh706@parent.com,"132 Al-Nuzha Street, Jeddah"
,Sara Al-Qahtani,سارة القحطاني,Female,2015-11-07,Saudi Arabia,National ID,1598503348,,,Muslim,Madinah,BRITISH,Grade 6,A,2024-25,707,New Student,Regular Mode,New,2023-09-01,Yes,Ali Al-Qahtani,Reem Al-Qahtani,+966530978905,sara.alqahtani707@parent.com,"270 Al-Nuzha Street, Jeddah"
,Manal Al-Hashemi,منال الهاشمي,Female,2014-01-12,Saudi Arabia,National ID,1905459659,,,Muslim,Mecca,BRITISH,Grade 7,A,2024-25,708,New Student,Online Mode,New,2024-09-01,Yes,Raed Al-Hashemi,Salma Al-Hashemi,+966557095501,manal.alhashemi708@parent.com,"159 Al-Nuzha Street, Jeddah"
,Zoe Ahmed,زوي أحمد,Female,2013-11-18,Jordan,Passport,,,AK5426205,Non-Muslim,Damascus,BRITISH,Grade 8,A,2024-25,709,Transfer,Seasonal Mode,Transfer,2024-09-01,Yes,Faris Ahmed,Nour Ahmed,+966567745041,zoe.ahmed709@parent.com,"188 Al-Nuzha Street, Jeddah"
,Lama Al-Hussein,لمى الحسين,Female,2012-06-19,Saudi Arabia,National ID,1801844607,,,Muslim,Mecca,BRITISH,Grade 9,A,2024-25,710,New Student,Online Mode,New,2024-09-01,Yes,Faisal Al-Hussein,Reema Al-Hussein,+966583480356,lama.alhussein710@parent.com,"55 Al-Nuzha Street, Jeddah"
,Shaden Al-Sulami,شادن السلمي,Female,2011-08-04,Saudi Arabia,National ID,1043216183,,,Muslim,Madinah,BRITISH,Grade 10,A,2024-25,711,Regular (Continuing),Regular Mode,Regular,2025-09-01,Yes,Waleed Al-Sulami,Tala Al-Sulami,+966594001007,shaden.alsulami711@parent.com,"119 Al-Nuzha Street, Jeddah"
,Zain Singh,زين سينغ,Male,2010-03-17,Indonesia,Iqama,,2479245779,,Muslim,Jakarta,BRITISH,Grade 11,A,2024-25,712,Regular (Continuing),Online Mode,Regular,2024-09-01,Yes,James Singh,Saanvi Singh,+966545146394,zain.singh712@parent.com,"287 Al-Nuzha Street, Jeddah"
,James Sharma,جيمس شارما,Male,2009-04-18,Yemen,Iqama,,2943256363,,Muslim,Khartoum,BRITISH,Grade 12,A,2024-25,713,Regular (Continuing),Online Mode,Regular,2025-09-01,Yes,Junaid Sharma,Fatima Sharma,+966505217033,james.sharma713@parent.com,"56 Al-Nuzha Street, Jeddah"
,Raed Al-Sulami,رائد السلمي,Male,2020-01-15,Saudi Arabia,National ID,1663572259,,,Non-Muslim,Abha,BRITISH,KG1,A,2024-25,714,New Student,Regular Mode,New,2023-09-01,Yes,Bandar Al-Sulami,Hanan Al-Sulami,+966549940331,raed.alsulami714@parent.com,"27 Al-Nuzha Street, Jeddah"
,Ammar Al-Fayez,عمار الفايز,Male,2019-07-15,Saudi Arabia,National ID,1031404625,,,Muslim,Khobar,BRITISH,KG2,A,2024-25,715,Regular (Continuing),Regular Mode,Regular,2022-09-01,Yes,Talal Al-Fayez,Ghada Al-Fayez,+966575526389,ammar.alfayez715@parent.com,"82 Al-Nuzha Street, Jeddah"
,Hassan Rahman,حسن رحمن,Male,2020-09-19,India,Iqama,,2300381140,,Muslim,Amman,BRITISH,Grade 1,A,2024-25,716,Regular (Continuing),Regular Mode,Regular,2023-09-01,Yes,Ahmed Rahman,Fatima Rahman,+966566184003,hassan.rahman716@parent.com,"200 Al-Nuzha Street, Jeddah"
,Salman Al-Maliki,سلمان المالكي,Male,2019-12-10,Saudi Arabia,National ID,1021214235,,,Muslim,Mecca,BRITISH,Grade 2,A,2024-25,717,Regular (Continuing),Regular Mode,Regular,2025-09-01,Yes,Ammar Al-Maliki,Jana Al-Maliki,+966556569438,salman.almaliki717@parent.com,"38 Al-Nuzha Street, Jeddah"
,Talal Al-Yamani,طلال اليماني,Male,2018-05-12,Saudi Arabia,National ID,1256918954,,,Non-Muslim,Tabuk,BRITISH,Grade 3,A,2024-25,718,Regular (Continuing),Seasonal Mode,Regular,2023-09-01,Yes,Saud Al-Yamani,Wafa Al-Yamani,+966515520551,talal.alyamani718@parent.com,"217 Al-Nuzha Street, Jeddah"
,Olivia Sharma,أوليفيا شارما,Female,2017-10-25,India,Iqama,,2797388608,,Muslim,Manila,BRITISH,Grade 4,A,2024-25,719,New Student,Regular Mode,New,2024-09-01,Yes,Ismail Sharma,Sana Sharma,+966572568153,olivia.sharma719@parent.com,"245 Al-Nuzha Street, Jeddah"
,Ismail Shaikh,إسماعيل شيخ,Male,2016-09-12,Bangladesh,Passport,,,CN9767594,Non-Muslim,Damascus,BRITISH,Grade 5,A,2024-25,720,New Student,Seasonal Mode,New,2023-09-01,Yes,James Shaikh,Anvi Shaikh,+966521501761,ismail.shaikh720@parent.com,"280 Al-Nuzha Street, Jeddah"
,Hassan Garcia,حسن جارسيا,Male,2015-03-06,Sudan,Passport,,,KE5166536,Non-Muslim,Karachi,BRITISH,Grade 6,A,2024-25,721,New Student,Seasonal Mode,New,2023-09-01,Yes,Tariq Garcia,Fatima Garcia,+966510535008,hassan.garcia721@parent.com,"39 Al-Nuzha Street, Jeddah"
,Priya Rahman,بريا رحمن,Female,2014-02-05,Syria,Passport,,,LL0046299,Muslim,Cairo,BRITISH,Grade 7,A,2024-25,722,New Student,Seasonal Mode,New,2024-09-01,Yes,Michael Rahman,Layla Rahman,+966581968219,priya.rahman722@parent.com,"264 Al-Nuzha Street, Jeddah"
,Bader Al-Anazi,بدر العنزي,Male,2013-08-03,Saudi Arabia,National ID,1385524813,,,Muslim,Tabuk,BRITISH,Grade 8,A,2024-25,723,Regular (Continuing),Seasonal Mode,Regular,2022-09-01,Yes,Majed Al-Anazi,Layla Al-Anazi,+966509956665,bader.alanazi723@parent.com,"114 Al-Nuzha Street, Jeddah"
,Raghad Al-Shehri,رغد الشهري,Female,2012-07-28,Saudi Arabia,National ID,1977876383,,,Muslim,Buraidah,BRITISH,Grade 9,A,2024-25,724,Regular (Continuing),Regular Mode,Regular,2024-09-01,Yes,Ali Al-Shehri,Noura Al-Shehri,+966594164682,raghad.alshehri724@parent.com,"272 Al-Nuzha Street, Jeddah"
,Fatima Al-Rashid,فاطمة الراشد,Female,2011-02-15,Saudi Arabia,National ID,1912444249,,,Muslim,Jeddah,BRITISH,Grade 10,A,2024-25,725,Regular (Continuing),Online Mode,Regular,2025-09-01,Yes,Talal Al-Rashid,Manal Al-Rashid,+966565588420,fatima.alrashid725@parent.com,"70 Al-Nuzha Street, Jeddah"
,Anas Al-Shehri,أنس الشهري,Male,2010-11-01,Saudi Arabia,National ID,1946292777,,,Muslim,Jeddah,BRITISH,Grade 11,A,2024-25,726,Regular (Continuing),Seasonal Mode,Regular,2024-09-01,Yes,Nawaf Al-Shehri,Renad Al-Shehri,+966554913931,anas.alshehri726@parent.com,"72 Al-Nuzha Street, Jeddah"
,Faisal Al-Sulami,فيصل السلمي,Male,2009-06-26,Saudi Arabia,National ID,1919627141,,,Muslim,Riyadh,BRITISH,Grade 12,A,2024-25,727,Regular (Continuing),Regular Mode,Regular,2025-09-01,Yes,Saud Al-Sulami,Sara Al-Sulami,+966503497116,faisal.alsulami727@parent.com,"61 Al-Nuzha Street, Jeddah"
,Ali Al-Fayez,علي الفايز,Male,2020-03-20,Saudi Arabia,National ID,1835459403,,,Muslim,Madinah,BRITISH,KG1,A,2024-25,728,Transfer,Online Mode,Transfer,2023-09-01,Yes,Raed Al-Fayez,Asma Al-Fayez,+966546253178,ali.alfayez728@parent.com,"171 Al-Nuzha Street, Jeddah"
,Shaden Al-Qahtani,شادن القحطاني,Female,2019-02-15,Saudi Arabia,National ID,1540580327,,,Non-Muslim,Riyadh,BRITISH,KG2,A,2024-25,729,Regular (Continuing),Seasonal Mode,Regular,2025-09-01,Yes,Ammar Al-Qahtani,Fatima Al-Qahtani,+966507153571,shaden.alqahtani729@parent.com,"258 Al-Nuzha Street, Jeddah"
,Waleed Al-Dosari,وليد الدوسري,Male,2020-04-24,Saudi Arabia,National ID,1413912644,,,Muslim,Jeddah,BRITISH,Grade 1,A,2024-25,730,New Student,Seasonal Mode,New,2023-09-01,Yes,Hassan Al-Dosari,Asma Al-Dosari,+966575374093,waleed.aldosari730@parent.com,"125 Al-Nuzha Street, Jeddah"
,Tala Al-Sudais,تالا السديس,Female,2019-11-12,Saudi Arabia,National ID,1593534706,,,Muslim,Tabuk,BRITISH,Grade 2,A,2024-25,731,Regular (Continuing),Online Mode,Regular,2024-09-01,Yes,Faisal Al-Sudais,Fatima Al-Sudais,+966518650609,tala.alsudais731@parent.com,"83 Al-Nuzha Street, Jeddah"
,Hassan Al-Otaibi,حسن العتيبي,Male,2018-05-16,Saudi Arabia,National ID,1068677129,,,Muslim,Mecca,BRITISH,Grade 3,A,2024-25,732,Transfer,Online Mode,Transfer,2025-09-01,Yes,Yousef Al-Otaibi,Jana Al-Otaibi,+966544867111,hassan.alotaibi732@parent.com,"250 Al-Nuzha Street, Jeddah"
,Hamza Siddiqui,حمزة صديقي,Male,2017-08-11,United Kingdom,Passport,,,HB2547357,Muslim,Cairo,BRITISH,Grade 4,A,2024-25,733,Regular (Continuing),Regular Mode,Regular,2024-09-01,Yes,John Siddiqui,Khadija Siddiqui,+966529089642,hamza.siddiqui733@parent.com,"178 Al-Nuzha Street, Jeddah"
,Ibrahim Al-Rashid,إبراهيم الراشد,Male,2016-02-10,Saudi Arabia,National ID,1375292652,,,Muslim,Tabuk,BRITISH,Grade 5,A,2024-25,734,Regular (Continuing),Regular Mode,Regular,2024-09-01,Yes,Turki Al-Rashid,Layla Al-Rashid,+966524717670,ibrahim.alrashid734@parent.com,"202 Al-Nuzha Street, Jeddah"
,Sara Al-Yamani,سارة اليماني,Female,2015-02-17,Saudi Arabia,National ID,1639059844,,,Muslim,Mecca,BRITISH,Grade 6,A,2024-25,735,Transfer,Seasonal Mode,Transfer,2024-09-01,Yes,Sultan Al-Yamani,Norah Al-Yamani,+966516151171,sara.alyamani735@parent.com,"172 Al-Nuzha Street, Jeddah"
,Manal Al-Sulami,منال السلمي,Female,2014-03-27,Saudi Arabia,National ID,1961922284,,,Non-Muslim,Khobar,BRITISH,Grade 7,A,2024-25,736,New Student,Regular Mode,New,2025-09-01,Yes,Bandar Al-Sulami,Shaden Al-Sulami,+966598625585,manal.alsulami736@parent.com,"53 Al-Nuzha Street, Jeddah"
,Tariq Mansoor,طارق منصور,Male,2013-05-16,Philippines,Passport,,,KL0247941,Muslim,Dhaka,BRITISH,Grade 8,A,2024-25,737,New Student,Online Mode,New,2025-09-01,Yes,John Mansoor,Zainab Mansoor,+966541433745,tariq.mansoor737@parent.com,"154 Al-Nuzha Street, Jeddah"
,Faris Shaikh,فارس شيخ,Male,2012-11-22,United States,Passport,,,NJ7786616,Muslim,Khartoum,BRITISH,Grade 9,A,2024-25,738,New Student,Online Mode,New,2022-09-01,Yes,Adam Shaikh,Zainab Shaikh,+966534756691,faris.shaikh738@parent.com,"151 Al-Nuzha Street, Jeddah"
,Hassan Al-Saud,حسن آل سعود,Male,2011-08-04,Saudi Arabia,National ID,1125899353,,,Muslim,Buraidah,BRITISH,Grade 10,A,2024-25,739,Regular (Continuing),Regular Mode,Regular,2023-09-01,Yes,Turki Al-Saud,Amal Al-Saud,+966577673344,hassan.alsaud739@parent.com,"32 Al-Nuzha Street, Jeddah"
,Hamza Rahman,حمزة رحمن,Male,2010-07-10,Bangladesh,Passport,,,CH0941032,Muslim,Damascus,BRITISH,Grade 11,A,2024-25,740,Regular (Continuing),Seasonal Mode,Regular,2023-09-01,Yes,Mustafa Rahman,Priya Rahman,+966592617330,hamza.rahman740@parent.com,"136 Al-Nuzha Street, Jeddah"
,Noura Al-Dosari,نورة الدوسري,Female,2009-11-13,Saudi Arabia,National ID,1356216177,,,Muslim,Mecca,BRITISH,Grade 12,A,2024-25,741,Regular (Continuing),Seasonal Mode,Regular,2025-09-01,Yes,Hamad Al-Dosari,Norah Al-Dosari,+966583745201,noura.aldosari741@parent.com,"262 Al-Nuzha Street, Jeddah"
,Sofia Sheikh,صوفيا شيخ,Female,2020-05-04,Jordan,Iqama,,2972821730,,Muslim,Karachi,BRITISH,KG1,A,2024-25,742,Transfer,Regular Mode,Transfer,2023-09-01,Yes,Hamza Sheikh,Aliya Sheikh,+966554026323,sofia.sheikh742@parent.com,"85 Al-Nuzha Street, Jeddah"
,Dana Al-Zahrani,دانا الزهراني,Female,2019-03-25,Saudi Arabia,National ID,1107710820,,,Muslim,Riyadh,BRITISH,KG2,A,2024-25,743,Transfer,Seasonal Mode,Transfer,2022-09-01,Yes,Saif Al-Zahrani,Manal Al-Zahrani,+966576301679,dana.alzahrani743@parent.com,"151 Al-Nuzha Street, Jeddah"
,Hanan Al-Mutairi,حنان المطيري,Female,2020-08-24,Saudi Arabia,National ID,1624314804,,,Muslim,Madinah,BRITISH,Grade 1,A,2024-25,744,Regular (Continuing),Regular Mode,Regular,2024-09-01,Yes,Bader Al-Mutairi,Raghad Al-Mutairi,+966505332472,hanan.almutairi744@parent.com,"31 Al-Nuzha Street, Jeddah"
,Sophia Smith,سوفيا سميث,Female,2019-04-04,Yemen,Iqama,,2622764594,,Muslim,Karachi,BRITISH,Grade 2,A,2024-25,745,Transfer,Seasonal Mode,Transfer,2023-09-01,Yes,Hassan Smith,Sana Smith,+966591775647,sophia.smith745@parent.com,"26 Al-Nuzha Street, Jeddah"
,Adam Rahman,آدم رحمن,Male,2018-02-02,Bangladesh,Passport,,,NF2069852,Non-Muslim,Amman,BRITISH,Grade 3,A,2024-25,746,Regular (Continuing),Regular Mode,Regular,2022-09-01,Yes,Rohan Rahman,Zoe Rahman,+966532665757,adam.rahman746@parent.com,"74 Al-Nuzha Street, Jeddah"
,Faisal Al-Zahrani,فيصل الزهراني,Male,2017-07-14,Saudi Arabia,National ID,1198333406,,,Muslim,Madinah,BRITISH,Grade 4,A,2024-25,747,Regular (Continuing),Seasonal Mode,Regular,2022-09-01,Yes,Saif Al-Zahrani,Raghad Al-Zahrani,+966500333231,faisal.alzahrani747@parent.com,"145 Al-Nuzha Street, Jeddah"
,Mohammed Al-Sudais,محمد السديس,Male,2016-11-15,Saudi Arabia,National ID,1136761546,,,Muslim,Buraidah,BRITISH,Grade 5,A,2024-25,748,Regular (Continuing),Regular Mode,Regular,2022-09-01,Yes,Faisal Al-Sudais,Fatima Al-Sudais,+966572415435,mohammed.alsudais748@parent.com,"282 Al-Nuzha Street, Jeddah"
,Abdullah Al-Shehri,عبدالله الشهري,Male,2015-10-28,Saudi Arabia,National ID,1397636065,,,Muslim,Riyadh,BRITISH,Grade 6,A,2024-25,749,New Student,Online Mode,New,2025-09-01,Yes,Bader Al-Shehri,Joud Al-Shehri,+966581614778,abdullah.alshehri749@parent.com,"284 Al-Nuzha Street, Jeddah"
,Ziyad Al-Qahtani,زياد القحطاني,Male,2014-09-15,Saudi Arabia,National ID,1351603624,,,Muslim,Khobar,BRITISH,Grade 7,A,2024-25,750,New Student,Seasonal Mode,New,2025-09-01,Yes,Bandar Al-Qahtani,Mariam Al-Qahtani,+966559518212,ziyad.alqahtani750@parent.com,"90 Al-Nuzha Street, Jeddah"
,Aryan Reddy,آريان ريدي,Male,2013-02-13,United Kingdom,Passport,,,GG6718465,Muslim,Cairo,BRITISH,Grade 8,A,2024-25,751,New Student,Seasonal Mode,New,2024-09-01,Yes,Ismail Reddy,Sophia Reddy,+966573977948,aryan.reddy751@parent.com,"103 Al-Nuzha Street, Jeddah"
,Aliya Reddy,عالية ريدي,Female,2012-02-16,United Kingdom,Iqama,,2629678852,,Muslim,Jakarta,BRITISH,Grade 9,A,2024-25,752,New Student,Regular Mode,New,2023-09-01,Yes,Daniel Reddy,Zainab Reddy,+966504973645,aliya.reddy752@parent.com,"252 Al-Nuzha Street, Jeddah"
,Shaden Al-Ghamdi,شادن الغامدي,Female,2011-12-22,Saudi Arabia,National ID,1607490912,,,Muslim,Tabuk,BRITISH,Grade 10,A,2024-25,753,Regular (Continuing),Regular Mode,Regular,2022-09-01,Yes,Ziyad Al-Ghamdi,Reema Al-Ghamdi,+966517653183,shaden.alghamdi753@parent.com,"235 Al-Nuzha Street, Jeddah"
,Omar Al-Zahrani,عمر الزهراني,Male,2010-03-07,Saudi Arabia,National ID,1218946395,,,Muslim,Riyadh,BRITISH,Grade 11,A,2024-25,754,Transfer,Seasonal Mode,Transfer,2023-09-01,Yes,Bader Al-Zahrani,Maha Al-Zahrani,+966541528774,omar.alzahrani754@parent.com,"275 Al-Nuzha Street, Jeddah"
,Zainab Siddiqui,زينب صديقي,Female,2009-07-23,Bangladesh,Iqama,,2252446925,,Non-Muslim,Manila,BRITISH,Grade 12,A,2024-25,755,New Student,Online Mode,New,2022-09-01,Yes,Faris Siddiqui,Nour Siddiqui,+966501045529,zainab.siddiqui755@parent.com,"187 Al-Nuzha Street, Jeddah"
,Khadija Hassan,خديجة حسن,Female,2020-07-07,Syria,Iqama,,2237198336,,Non-Muslim,London,BRITISH,KG1,A,2024-25,756,Regular (Continuing),Regular Mode,Regular,2023-09-01,Yes,Imran Hassan,Riya Hassan,+966552495321,khadija.hassan756@parent.com,"35 Al-Nuzha Street, Jeddah"
,Ali Al-Sudais,علي السديس,Male,2019-03-08,Saudi Arabia,National ID,1771869041,,,Muslim,Dammam,BRITISH,KG2,A,2024-25,757,Regular (Continuing),Regular Mode,Regular,2022-09-01,Yes,Waleed Al-Sudais,Amal Al-Sudais,+966514228387,ali.alsudais757@parent.com,"55 Al-Nuzha Street, Jeddah"
,Abdullah Al-Maliki,عبدالله المالكي,Male,2020-03-10,Saudi Arabia,National ID,1186828397,,,Muslim,Dammam,BRITISH,Grade 1,A,2024-25,758,New Student,Regular Mode,New,2025-09-01,Yes,Ibrahim Al-Maliki,Hanan Al-Maliki,+966589814275,abdullah.almaliki758@parent.com,"37 Al-Nuzha Street, Jeddah"
,Riya Sheikh,ريا شيخ,Female,2019-04-20,Bangladesh,Passport,,,HK9312019,Muslim,Manila,BRITISH,Grade 2,A,2024-25,759,New Student,Seasonal Mode,New,2024-09-01,Yes,David Sheikh,Khadija Sheikh,+966516589222,riya.sheikh759@parent.com,"42 Al-Nuzha Street, Jeddah"
,Faisal Al-Sulami,فيصل السلمي,Male,2018-10-26,Saudi Arabia,National ID,1087996178,,,Non-Muslim,Khobar,BRITISH,Grade 3,A,2024-25,760,Regular (Continuing),Online Mode,Regular,2025-09-01,Yes,Naif Al-Sulami,Asma Al-Sulami,+966590787815,faisal.alsulami760@parent.com,"248 Al-Nuzha Street, Jeddah"
,Omar Al-Saud,عمر آل سعود,Male,2017-11-18,Saudi Arabia,National ID,1510475331,,,Non-Muslim,Mecca,BRITISH,Grade 4,A,2024-25,761,Transfer,Seasonal Mode,Transfer,2023-09-01,Yes,Salman Al-Saud,Lama Al-Saud,+966570445856,omar.alsaud761@parent.com,"237 Al-Nuzha Street, Jeddah"
,Mohammed Al-Zahrani,محمد الزهراني,Male,2016-12-03,Saudi Arabia,National ID,1410850932,,,Muslim,Buraidah,BRITISH,Grade 5,A,2024-25,762,New Student,Online Mode,New,2022-09-01,Yes,Faisal Al-Zahrani,Sara Al-Zahrani,+966510920001,mohammed.alzahrani762@parent.com,"5 Al-Nuzha Street, Jeddah"
,Norah Al-Zahrani,نورة الزهراني,Female,2015-10-27,Saudi Arabia,National ID,1942608145,,,Muslim,Khobar,BRITISH,Grade 6,A,2024-25,763,Regular (Continuing),Online Mode,Regular,2024-09-01,Yes,Faisal Al-Zahrani,Sara Al-Zahrani,+966579447765,norah.alzahrani763@parent.com,"20 Al-Nuzha Street, Jeddah"
,Ali Al-Hussein,علي الحسين,Male,2014-12-15,Saudi Arabia,National ID,1766466633,,,Muslim,Khobar,BRITISH,Grade 7,A,2024-25,764,New Student,Seasonal Mode,New,2023-09-01,Yes,Turki Al-Hussein,Hanan Al-Hussein,+966543700823,ali.alhussein764@parent.com,"239 Al-Nuzha Street, Jeddah"
,Adel Al-Fayez,عادل الفايز,Male,2013-03-23,Saudi Arabia,National ID,1924110947,,,Muslim,Buraidah,BRITISH,Grade 8,A,2024-25,765,Regular (Continuing),Online Mode,Regular,2022-09-01,Yes,Mohammed Al-Fayez,Mariam Al-Fayez,+966508714486,adel.alfayez765@parent.com,"184 Al-Nuzha Street, Jeddah"
,John Smith,جون سميث,Male,2012-06-26,United Kingdom,Iqama,,2413959028,,Muslim,Amman,BRITISH,Grade 9,A,2024-25,766,Regular (Continuing),Seasonal Mode,Regular,2023-09-01,Yes,Zayn Smith,Zoe Smith,+966593184181,john.smith766@parent.com,"178 Al-Nuzha Street, Jeddah"
,Naif Al-Hashemi,نايف الهاشمي,Male,2011-08-23,Saudi Arabia,National ID,1548401816,,,Muslim,Mecca,BRITISH,Grade 10,A,2024-25,767,Regular (Continuing),Online Mode,Regular,2022-09-01,Yes,Salman Al-Hashemi,Mariam Al-Hashemi,+966520224861,naif.alhashemi767@parent.com,"119 Al-Nuzha Street, Jeddah"
,Latifa Al-Shehri,لطيفة الشهري,Female,2010-02-23,Saudi Arabia,National ID,1516520028,,,Muslim,Tabuk,BRITISH,Grade 11,A,2024-25,768,Transfer,Online Mode,Transfer,2024-09-01,Yes,Abdullah Al-Shehri,Joud Al-Shehri,+966554569442,latifa.alshehri768@parent.com,"145 Al-Nuzha Street, Jeddah"
,Zainab Hassan,زينب حسن,Female,2009-09-12,Yemen,Passport,,,HJ3943162,Muslim,Khartoum,BRITISH,Grade 12,A,2024-25,769,Regular (Continuing),Seasonal Mode,Regular,2025-09-01,Yes,Ahmed Hassan,Aliya Hassan,+966554928703,zainab.hassan769@parent.com,"32 Al-Nuzha Street, Jeddah"
,Imran Siddiqui,عمران صديقي,Male,2020-04-13,United Kingdom,Iqama,,2419252310,,Muslim,New York,BRITISH,KG1,A,2024-25,770,New Student,Regular Mode,New,2022-09-01,Yes,Ahmed Siddiqui,Sofia Siddiqui,+966504041080,imran.siddiqui770@parent.com,"279 Al-Nuzha Street, Jeddah"
,Amal Al-Harbi,أمل الحربي,Female,2019-02-10,Saudi Arabia,National ID,1252341257,,,Muslim,Tabuk,BRITISH,KG2,A,2024-25,771,New Student,Regular Mode,New,2023-09-01,Yes,Ali Al-Harbi,Lujain Al-Harbi,+966555935948,amal.alharbi771@parent.com,"12 Al-Nuzha Street, Jeddah"
,Zayn Habib,زين حبيب,Male,2020-03-02,Philippines,Iqama,,2871767908,,Non-Muslim,London,BRITISH,Grade 1,A,2024-25,772,New Student,Seasonal Mode,New,2023-09-01,Yes,Bilal Habib,Priya Habib,+966574253429,zayn.habib772@parent.com,"134 Al-Nuzha Street, Jeddah"
,Omar Al-Sulami,عمر السلمي,Male,2019-04-13,Saudi Arabia,National ID,1143182919,,,Muslim,Madinah,BRITISH,Grade 2,A,2024-25,773,Regular (Continuing),Regular Mode,Regular,2024-09-01,Yes,Khalid Al-Sulami,Mariam Al-Sulami,+966566691044,omar.alsulami773@parent.com,"44 Al-Nuzha Street, Jeddah"
,Khalid Al-Sabah,خالد الصباح,Male,2018-01-20,Saudi Arabia,National ID,1668313095,,,Non-Muslim,Jeddah,BRITISH,Grade 3,A,2024-25,774,Regular (Continuing),Seasonal Mode,Regular,2023-09-01,Yes,Ammar Al-Sabah,Tala Al-Sabah,+966592025181,khalid.alsabah774@parent.com,"242 Al-Nuzha Street, Jeddah"
,Dalal Al-Dosari,دلال الدوسري,Female,2017-08-22,Saudi Arabia,National ID,1398257424,,,Muslim,Riyadh,BRITISH,Grade 4,A,2024-25,775,New Student,Online Mode,New,2025-09-01,Yes,Anas Al-Dosari,Layla Al-Dosari,+966535004279,dalal.aldosari775@parent.com,"204 Al-Nuzha Street, Jeddah"
,Joud Al-Sudais,جود السديس,Female,2016-08-17,Saudi Arabia,National ID,1556628868,,,Muslim,Buraidah,BRITISH,Grade 5,A,2024-25,776,Transfer,Regular Mode,Transfer,2022-09-01,Yes,Omar Al-Sudais,Reema Al-Sudais,+966590980173,joud.alsudais776@parent.com,"32 Al-Nuzha Street, Jeddah"
,Nawaf Al-Hashemi,نواف الهاشمي,Male,2015-04-18,Saudi Arabia,National ID,1095078302,,,Muslim,Mecca,BRITISH,Grade 6,A,2024-25,777,New Student,Online Mode,New,2023-09-01,Yes,Adel Al-Hashemi,Dalal Al-Hashemi,+966588838932,nawaf.alhashemi777@parent.com,"278 Al-Nuzha Street, Jeddah"
,Khadija Mahmood,خديجة محمود,Female,2014-11-15,United States,Passport,,,KD0693119,Non-Muslim,Manila,BRITISH,Grade 7,A,2024-25,778,New Student,Regular Mode,New,2025-09-01,Yes,Aryan Mahmood,Khadija Mahmood,+966522795568,khadija.mahmood778@parent.com,"213 Al-Nuzha Street, Jeddah"
,Dana Al-Sulami,دانا السلمي,Female,2013-02-04,Saudi Arabia,National ID,1948586609,,,Muslim,Tabuk,BRITISH,Grade 8,A,2024-25,779,Regular (Continuing),Online Mode,Regular,2022-09-01,Yes,Naif Al-Sulami,Renad Al-Sulami,+966537606181,dana.alsulami779@parent.com,"88 Al-Nuzha Street, Jeddah"
,Aliya Siddiqui,عالية صديقي,Female,2012-08-02,United States,Passport,,,CB0750713,Non-Muslim,Amman,BRITISH,Grade 9,A,2024-25,780,New Student,Seasonal Mode,New,2025-09-01,Yes,Mustafa Siddiqui,Sana Siddiqui,+966597884137,aliya.siddiqui780@parent.com,"221 Al-Nuzha Street, Jeddah"
,Hassan Al-Hashemi,حسن الهاشمي,Male,2011-01-18,Saudi Arabia,National ID,1621231360,,,Muslim,Tabuk,BRITISH,Grade 10,A,2024-25,781,Regular (Continuing),Seasonal Mode,Regular,2025-09-01,Yes,Ali Al-Hashemi,Dalal Al-Hashemi,+966511991655,hassan.alhashemi781@parent.com,"280 Al-Nuzha Street, Jeddah"
,Layla Saleh,ليلى صالح,Female,2010-11-28,India,Iqama,,2948346170,,Muslim,New York,BRITISH,Grade 11,A,2024-25,782,Regular (Continuing),Seasonal Mode,Regular,2024-09-01,Yes,Daniel Saleh,Maya Saleh,+966518733110,layla.saleh782@parent.com,"35 Al-Nuzha Street, Jeddah"
,Faris Mahmood,فارس محمود,Male,2009-09-09,Indonesia,Passport,,,FN7836513,Non-Muslim,Khartoum,BRITISH,Grade 12,A,2024-25,783,New Student,Regular Mode,New,2022-09-01,Yes,James Mahmood,Saanvi Mahmood,+966570234906,faris.mahmood783@parent.com,"276 Al-Nuzha Street, Jeddah"
,Waleed Al-Harbi,وليد الحربي,Male,2020-05-01,Saudi Arabia,National ID,1319989726,,,Non-Muslim,Buraidah,BRITISH,KG1,A,2024-25,784,New Student,Seasonal Mode,New,2022-09-01,Yes,Nawaf Al-Harbi,Asma Al-Harbi,+966533703587,waleed.alharbi784@parent.com,"157 Al-Nuzha Street, Jeddah"
,Ammar Al-Sulami,عمار السلمي,Male,2019-05-10,Saudi Arabia,National ID,1180561977,,,Muslim,Jeddah,BRITISH,KG2,A,2024-25,785,New Student,Seasonal Mode,New,2022-09-01,Yes,Bandar Al-Sulami,Ghada Al-Sulami,+966536061007,ammar.alsulami785@parent.com,"217 Al-Nuzha Street, Jeddah"
,Mustafa Ahmed,مصطفى أحمد,Male,2020-12-04,Pakistan,Iqama,,2218395014,,Muslim,Khartoum,BRITISH,Grade 1,A,2024-25,786,Regular (Continuing),Seasonal Mode,Regular,2025-09-01,Yes,Ayaan Ahmed,Sadia Ahmed,+966588072465,mustafa.ahmed786@parent.com,"158 Al-Nuzha Street, Jeddah"
,Shaden Al-Hussein,شادن الحسين,Female,2019-06-02,Saudi Arabia,National ID,1243260213,,,Muslim,Jeddah,BRITISH,Grade 2,A,2024-25,787,Regular (Continuing),Online Mode,Regular,2022-09-01,Yes,Mohammed Al-Hussein,Aljawhara Al-Hussein,+966580204386,shaden.alhussein787@parent.com,"70 Al-Nuzha Street, Jeddah"
,Majed Al-Dosari,ماجد الدوسري,Male,2018-06-15,Saudi Arabia,National ID,1797874456,,,Non-Muslim,Jeddah,BRITISH,Grade 3,A,2024-25,788,Transfer,Regular Mode,Transfer,2022-09-01,Yes,Ibrahim Al-Dosari,Manal Al-Dosari,+966594056468,majed.aldosari788@parent.com,"48 Al-Nuzha Street, Jeddah"
,Maha Al-Hashemi,مها الهاشمي,Female,2017-04-20,Saudi Arabia,National ID,1356012866,,,Muslim,Buraidah,BRITISH,Grade 4,A,2024-25,789,New Student,Seasonal Mode,New,2022-09-01,Yes,Bandar Al-Hashemi,Manal Al-Hashemi,+966523866075,maha.alhashemi789@parent.com,"105 Al-Nuzha Street, Jeddah"
,Mariam Sharma,مريم شارما,Female,2016-12-24,Sudan,Iqama,,2026341872,,Muslim,Amman,BRITISH,Grade 5,A,2024-25,790,Transfer,Online Mode,Transfer,2025-09-01,Yes,Faris Sharma,Hira Sharma,+966508235662,mariam.sharma790@parent.com,"186 Al-Nuzha Street, Jeddah"
,Kabir Singh,كبير سينغ,Male,2015-01-20,India,Iqama,,2556741433,,Muslim,Khartoum,BRITISH,Grade 6,A,2024-25,791,Regular (Continuing),Online Mode,Regular,2022-09-01,Yes,Yusuf Singh,Riya Singh,+966595255984,kabir.singh791@parent.com,"169 Al-Nuzha Street, Jeddah"
,Saif Al-Sulami,سيف السلمي,Male,2014-06-18,Saudi Arabia,National ID,1667026390,,,Muslim,Abha,BRITISH,Grade 7,A,2024-25,792,Transfer,Seasonal Mode,Transfer,2022-09-01,Yes,Anas Al-Sulami,Jana Al-Sulami,+966530922331,saif.alsulami792@parent.com,"276 Al-Nuzha Street, Jeddah"
,Mohammed Al-Saud,محمد آل سعود,Male,2013-07-10,Saudi Arabia,National ID,1874877694,,,Muslim,Buraidah,BRITISH,Grade 8,A,2024-25,793,Regular (Continuing),Seasonal Mode,Regular,2023-09-01,Yes,Yazeed Al-Saud,Reem Al-Saud,+966547675987,mohammed.alsaud793@parent.com,"300 Al-Nuzha Street, Jeddah"
,Hira Patel,هيرا باتل,Female,2012-11-13,Sudan,Iqama,,2149224734,,Muslim,Khartoum,BRITISH,Grade 9,A,2024-25,794,Transfer,Seasonal Mode,Transfer,2024-09-01,Yes,Kabir Patel,Maya Patel,+966588943683,hira.patel794@parent.com,"95 Al-Nuzha Street, Jeddah"
,Imran Sheikh,عمران شيخ,Male,2011-11-24,Jordan,Iqama,,2915281708,,Muslim,London,BRITISH,Grade 10,A,2024-25,795,New Student,Regular Mode,New,2023-09-01,Yes,Tariq Sheikh,Aisha Sheikh,+966594350818,imran.sheikh795@parent.com,"95 Al-Nuzha Street, Jeddah"
,Noura Al-Sudais,نورة السديس,Female,2010-04-02,Saudi Arabia,National ID,1508892938,,,Muslim,Tabuk,BRITISH,Grade 11,A,2024-25,796,New Student,Regular Mode,New,2025-09-01,Yes,Waleed Al-Sudais,Reem Al-Sudais,+966504106991,noura.alsudais796@parent.com,"105 Al-Nuzha Street, Jeddah"
,Tala Al-Mutairi,تالا المطيري,Female,2009-08-16,Saudi Arabia,National ID,1975969623,,,Muslim,Buraidah,BRITISH,Grade 12,A,2024-25,797,Regular (Continuing),Online Mode,Regular,2025-09-01,Yes,Hatim Al-Mutairi,Wafa Al-Mutairi,+966595791321,tala.almutairi797@parent.com,"190 Al-Nuzha Street, Jeddah"
,Dalal Al-Rashid,دلال الراشد,Female,2020-11-24,Saudi Arabia,National ID,1965820618,,,Muslim,Madinah,BRITISH,KG1,A,2024-25,798,New Student,Regular Mode,New,2022-09-01,Yes,Hatim Al-Rashid,Asma Al-Rashid,+966585923478,dalal.alrashid798@parent.com,"300 Al-Nuzha Street, Jeddah"
,Michael Patel,مايكل باتل,Male,2019-03-17,Pakistan,Iqama,,2849823281,,Muslim,Damascus,BRITISH,KG2,A,2024-25,799,Transfer,Online Mode,Transfer,2025-09-01,Yes,Junaid Patel,Aisha Patel,+966577002330,michael.patel799@parent.com,"47 Al-Nuzha Street, Jeddah"
,Ammar Al-Shehri,عمار الشهري,Male,2020-03-19,Saudi Arabia,National ID,1800075210,,,Muslim,Dammam,BRITISH,Grade 1,A,2024-25,800,New Student,Seasonal Mode,New,2022-09-01,Yes,Waleed Al-Shehri,Asma Al-Shehri,+966595794600,ammar.alshehri800@parent.com,"123 Al-Nuzha Street, Jeddah"
,Raghad Al-Ghamdi,رغد الغامدي,Female,2019-01-09,Saudi Arabia,National ID,1451389568,,,Muslim,Mecca,BRITISH,Grade 2,A,2024-25,801,Regular (Continuing),Seasonal Mode,Regular,2023-09-01,Yes,Majed Al-Ghamdi,Reema Al-Ghamdi,+966592341055,raghad.alghamdi801@parent.com,"240 Al-Nuzha Street, Jeddah"
,Hassan Kumar,حسن كومار,Male,2018-04-28,Sudan,Iqama,,2402436831,,Muslim,New York,BRITISH,Grade 3,A,2024-25,802,New Student,Seasonal Mode,New,2023-09-01,Yes,Tariq Kumar,Nayla Kumar,+966575523884,hassan.kumar802@parent.com,"18 Al-Nuzha Street, Jeddah"
,Adam Rahman,آدم رحمن,Male,2017-10-07,India,Iqama,,2645303028,,Non-Muslim,Karachi,BRITISH,Grade 4,A,2024-25,803,New Student,Online Mode,New,2025-09-01,Yes,John Rahman,Sana Rahman,+966512620276,adam.rahman803@parent.com,"134 Al-Nuzha Street, Jeddah"
,Imran Sheikh,عمران شيخ,Male,2016-06-19,United Kingdom,Iqama,,2703281522,,Muslim,Amman,BRITISH,Grade 5,A,2024-25,804,New Student,Seasonal Mode,New,2025-09-01,Yes,Ahmed Sheikh,Maya Sheikh,+966573084716,imran.sheikh804@parent.com,"64 Al-Nuzha Street, Jeddah"
,Mohammed Al-Dosari,محمد الدوسري,Male,2015-10-01,Saudi Arabia,National ID,1153636293,,,Muslim,Buraidah,BRITISH,Grade 6,A,2024-25,805,Regular (Continuing),Seasonal Mode,Regular,2022-09-01,Yes,Raed Al-Dosari,Wafa Al-Dosari,+966550350435,mohammed.aldosari805@parent.com,"266 Al-Nuzha Street, Jeddah"
,Fatima Al-Anazi,فاطمة العنزي,Female,2014-09-06,Saudi Arabia,National ID,1874179486,,,Muslim,Riyadh,BRITISH,Grade 7,A,2024-25,806,New Student,Regular Mode,New,2024-09-01,Yes,Yousef Al-Anazi,Dalal Al-Anazi,+966529438511,fatima.alanazi806@parent.com,"291 Al-Nuzha Street, Jeddah"
,John Hassan,جون حسن,Male,2013-03-13,Yemen,Iqama,,2324067559,,Muslim,Khartoum,BRITISH,Grade 8,A,2024-25,807,Regular (Continuing),Online Mode,Regular,2025-09-01,Yes,Talha Hassan,Layla Hassan,+966587475344,john.hassan807@parent.com,"11 Al-Nuzha Street, Jeddah"
,Rohan Chen,روهان تشين,Male,2012-10-05,Pakistan,Iqama,,2151256769,,Non-Muslim,Damascus,BRITISH,Grade 9,A,2024-25,808,Transfer,Seasonal Mode,Transfer,2024-09-01,Yes,Ismail Chen,Khadija Chen,+966598637157,rohan.chen808@parent.com,"74 Al-Nuzha Street, Jeddah"
,Naif Al-Rashid,نايف الراشد,Male,2011-04-26,Saudi Arabia,National ID,1260423884,,,Non-Muslim,Abha,BRITISH,Grade 10,A,2024-25,809,New Student,Regular Mode,New,2025-09-01,Yes,Ali Al-Rashid,Amal Al-Rashid,+966522624189,naif.alrashid809@parent.com,"246 Al-Nuzha Street, Jeddah"
,Daniel Habib,دانيال حبيب,Male,2010-12-08,Philippines,Passport,,,GL0997603,Muslim,New York,BRITISH,Grade 11,A,2024-25,810,Regular (Continuing),Online Mode,Regular,2023-09-01,Yes,Tariq Habib,Anaya Habib,+966581192824,daniel.habib810@parent.com,"273 Al-Nuzha Street, Jeddah"
,Anas Al-Saud,أنس آل سعود,Male,2009-09-28,Saudi Arabia,National ID,1120078672,,,Muslim,Tabuk,BRITISH,Grade 12,A,2024-25,811,Transfer,Regular Mode,Transfer,2023-09-01,Yes,Omar Al-Saud,Sara Al-Saud,+966542356892,anas.alsaud811@parent.com,"225 Al-Nuzha Street, Jeddah"
,Hassan Al-Maliki,حسن المالكي,Male,2020-12-12,Saudi Arabia,National ID,1382401470,,,Muslim,Tabuk,BRITISH,KG1,A,2024-25,812,New Student,Regular Mode,New,2022-09-01,Yes,Omar Al-Maliki,Mariam Al-Maliki,+966520075553,hassan.almaliki812@parent.com,"287 Al-Nuzha Street, Jeddah"
,Sadia Brown,صادية براون,Female,2019-05-10,Philippines,Passport,,,JL4485249,Muslim,Karachi,BRITISH,KG2,A,2024-25,813,Regular (Continuing),Seasonal Mode,Regular,2022-09-01,Yes,Ahmed Brown,Zainab Brown,+966581814587,sadia.brown813@parent.com,"265 Al-Nuzha Street, Jeddah"
,Reema Al-Dosari,ريما الدوسري,Female,2020-08-19,Saudi Arabia,National ID,1427158844,,,Non-Muslim,Khobar,BRITISH,Grade 1,A,2024-25,814,Regular (Continuing),Seasonal Mode,Regular,2022-09-01,Yes,Bandar Al-Dosari,Shaden Al-Dosari,+966554740766,reema.aldosari814@parent.com,"10 Al-Nuzha Street, Jeddah"
,Nayla Kim,نايلة كيم,Female,2019-06-26,Egypt,Iqama,,2104405190,,Muslim,Cairo,BRITISH,Grade 2,A,2024-25,815,New Student,Seasonal Mode,New,2023-09-01,Yes,Mustafa Kim,Mariam Kim,+966591575463,nayla.kim815@parent.com,"18 Al-Nuzha Street, Jeddah"
,Mariam Al-Hashemi,مريم الهاشمي,Female,2018-01-16,Saudi Arabia,National ID,1292398264,,,Muslim,Abha,BRITISH,Grade 3,A,2024-25,816,New Student,Online Mode,New,2023-09-01,Yes,Majed Al-Hashemi,Reem Al-Hashemi,+966550148181,mariam.alhashemi816@parent.com,"1 Al-Nuzha Street, Jeddah"
,Ammar Al-Qahtani,عمار القحطاني,Male,2017-12-28,Saudi Arabia,National ID,1131067580,,,Muslim,Dammam,BRITISH,Grade 4,A,2024-25,817,New Student,Seasonal Mode,New,2023-09-01,Yes,Mohammed Al-Qahtani,Fatima Al-Qahtani,+966589158751,ammar.alqahtani817@parent.com,"19 Al-Nuzha Street, Jeddah"
,Adel Al-Hashemi,عادل الهاشمي,Male,2016-05-14,Saudi Arabia,National ID,1100801513,,,Muslim,Buraidah,BRITISH,Grade 5,A,2024-25,818,Regular (Continuing),Seasonal Mode,Regular,2024-09-01,Yes,Sultan Al-Hashemi,Mariam Al-Hashemi,+966524981043,adel.alhashemi818@parent.com,"2 Al-Nuzha Street, Jeddah"
,Lujain Al-Anazi,لجين العنزي,Female,2015-03-27,Saudi Arabia,National ID,1531966858,,,Muslim,Tabuk,BRITISH,Grade 6,A,2024-25,819,Regular (Continuing),Online Mode,Regular,2023-09-01,Yes,Raed Al-Anazi,Tala Al-Anazi,+966502706831,lujain.alanazi819@parent.com,"232 Al-Nuzha Street, Jeddah"
,Aisha Al-Sabah,عائشة الصباح,Female,2014-09-27,Saudi Arabia,National ID,1432248493,,,Muslim,Khobar,BRITISH,Grade 7,A,2024-25,820,Regular (Continuing),Regular Mode,Regular,2023-09-01,Yes,Adel Al-Sabah,Lama Al-Sabah,+966551486835,aisha.alsabah820@parent.com,"103 Al-Nuzha Street, Jeddah"
,David Khan,ديفيد خان,Male,2013-09-14,Pakistan,Passport,,,LE7406976,Muslim,Khartoum,BRITISH,Grade 8,A,2024-25,821,Regular (Continuing),Online Mode,Regular,2022-09-01,Yes,Tariq Khan,Maya Khan,+966506112654,david.khan821@parent.com,"97 Al-Nuzha Street, Jeddah"
,Ismail Hassan,إسماعيل حسن,Male,2012-10-03,Pakistan,Iqama,,2418358426,,Muslim,Manila,BRITISH,Grade 9,A,2024-25,822,New Student,Seasonal Mode,New,2022-09-01,Yes,Aryan Hassan,Emma Hassan,+966545462736,ismail.hassan822@parent.com,"197 Al-Nuzha Street, Jeddah"
,Naif Al-Dosari,نايف الدوسري,Male,2011-09-22,Saudi Arabia,National ID,1423547204,,,Muslim,Madinah,BRITISH,Grade 10,A,2024-25,823,Regular (Continuing),Online Mode,Regular,2022-09-01,Yes,Hassan Al-Dosari,Mariam Al-Dosari,+966571752057,naif.aldosari823@parent.com,"191 Al-Nuzha Street, Jeddah"
,Riya Smith,ريا سميث,Female,2010-03-04,Syria,Iqama,,2189663017,,Muslim,Dhaka,BRITISH,Grade 11,A,2024-25,824,New Student,Online Mode,New,2023-09-01,Yes,Mustafa Smith,Sofia Smith,+966513540442,riya.smith824@parent.com,"296 Al-Nuzha Street, Jeddah"
,Bilal Habib,بلال حبيب,Male,2009-09-16,United Kingdom,Iqama,,2466803925,,Muslim,London,BRITISH,Grade 12,A,2024-25,825,Regular (Continuing),Online Mode,Regular,2025-09-01,Yes,Aryan Habib,Nayla Habib,+966523709339,bilal.habib825@parent.com,"101 Al-Nuzha Street, Jeddah"
,Saif Al-Saud,سيف آل سعود,Male,2020-03-18,Saudi Arabia,National ID,1140438208,,,Muslim,Abha,BRITISH,KG1,A,2024-25,826,New Student,Regular Mode,New,2024-09-01,Yes,Bader Al-Saud,Reema Al-Saud,+966539564612,saif.alsaud826@parent.com,"117 Al-Nuzha Street, Jeddah"
,Sultan Al-Rashid,سلطان الراشد,Male,2019-05-21,Saudi Arabia,National ID,1974912569,,,Muslim,Khobar,BRITISH,KG2,A,2024-25,827,New Student,Online Mode,New,2024-09-01,Yes,Yazeed Al-Rashid,Maha Al-Rashid,+966576204645,sultan.alrashid827@parent.com,"264 Al-Nuzha Street, Jeddah"
,Noura Al-Sabah,نورة الصباح,Female,2020-12-01,Saudi Arabia,National ID,1573944376,,,Muslim,Mecca,BRITISH,Grade 1,A,2024-25,828,New Student,Regular Mode,New,2022-09-01,Yes,Adel Al-Sabah,Joud Al-Sabah,+966534949194,noura.alsabah828@parent.com,"262 Al-Nuzha Street, Jeddah"
,Hatim Al-Zahrani,حاتم الزهراني,Male,2019-09-21,Saudi Arabia,National ID,1621746529,,,Muslim,Tabuk,BRITISH,Grade 2,A,2024-25,829,New Student,Seasonal Mode,New,2023-09-01,Yes,Salman Al-Zahrani,Dalal Al-Zahrani,+966550398771,hatim.alzahrani829@parent.com,"121 Al-Nuzha Street, Jeddah"
,Ahmed Garcia,أحمد جارسيا,Male,2018-12-13,Jordan,Iqama,,2471193286,,Muslim,Damascus,BRITISH,Grade 3,A,2024-25,830,Regular (Continuing),Regular Mode,Regular,2025-09-01,Yes,Vihaan Garcia,Emma Garcia,+966567403894,ahmed.garcia830@parent.com,"297 Al-Nuzha Street, Jeddah"
,Shaden Al-Sudais,شادن السديس,Female,2017-03-22,Saudi Arabia,National ID,1030241392,,,Muslim,Tabuk,BRITISH,Grade 4,A,2024-25,831,Transfer,Seasonal Mode,Transfer,2024-09-01,Yes,Hatim Al-Sudais,Reema Al-Sudais,+966541697402,shaden.alsudais831@parent.com,"96 Al-Nuzha Street, Jeddah"
,Layla Ali,ليلى علي,Female,2016-02-23,Sudan,Passport,,,HD3061449,Muslim,New York,BRITISH,Grade 5,A,2024-25,832,Regular (Continuing),Seasonal Mode,Regular,2022-09-01,Yes,Adam Ali,Sadia Ali,+966514290146,layla.ali832@parent.com,"62 Al-Nuzha Street, Jeddah"
,Zoe Mansoor,زوي منصور,Female,2015-02-26,United Kingdom,Iqama,,2869454060,,Muslim,New York,BRITISH,Grade 6,A,2024-25,833,New Student,Regular Mode,New,2025-09-01,Yes,Kabir Mansoor,Nayla Mansoor,+966599470806,zoe.mansoor833@parent.com,"117 Al-Nuzha Street, Jeddah"
,Hatim Al-Fayez,حاتم الفايز,Male,2014-07-09,Saudi Arabia,National ID,1109147312,,,Muslim,Buraidah,BRITISH,Grade 7,A,2024-25,834,Transfer,Regular Mode,Transfer,2023-09-01,Yes,Ali Al-Fayez,Aisha Al-Fayez,+966589271299,hatim.alfayez834@parent.com,"205 Al-Nuzha Street, Jeddah"
,Nawaf Al-Sulami,نواف السلمي,Male,2013-07-08,Saudi Arabia,National ID,1676054028,,,Muslim,Tabuk,BRITISH,Grade 8,A,2024-25,835,Regular (Continuing),Online Mode,Regular,2023-09-01,Yes,Fahad Al-Sulami,Fatima Al-Sulami,+966584384203,nawaf.alsulami835@parent.com,"218 Al-Nuzha Street, Jeddah"
,Dalal Al-Saud,دلال آل سعود,Female,2012-08-14,Saudi Arabia,National ID,1541618059,,,Muslim,Mecca,BRITISH,Grade 9,A,2024-25,836,Regular (Continuing),Seasonal Mode,Regular,2022-09-01,Yes,Yousef Al-Saud,Salma Al-Saud,+966531224291,dalal.alsaud836@parent.com,"159 Al-Nuzha Street, Jeddah"
,Naif Al-Fayez,نايف الفايز,Male,2011-10-02,Saudi Arabia,National ID,1813016108,,,Muslim,Madinah,BRITISH,Grade 10,A,2024-25,837,New Student,Online Mode,New,2023-09-01,Yes,Yousef Al-Fayez,Fatima Al-Fayez,+966534480689,naif.alfayez837@parent.com,"170 Al-Nuzha Street, Jeddah"
,Sana Chen,سناء تشين,Female,2010-04-13,Yemen,Passport,,,EH0727937,Muslim,Manila,BRITISH,Grade 11,A,2024-25,838,Regular (Continuing),Regular Mode,Regular,2025-09-01,Yes,Junaid Chen,Zainab Chen,+966532811215,sana.chen838@parent.com,"210 Al-Nuzha Street, Jeddah"
,Talal Al-Maliki,طلال المالكي,Male,2009-03-27,Saudi Arabia,National ID,1324136289,,,Muslim,Mecca,BRITISH,Grade 12,A,2024-25,839,Regular (Continuing),Regular Mode,Regular,2022-09-01,Yes,Faisal Al-Maliki,Aljawhara Al-Maliki,+966542819308,talal.almaliki839@parent.com,"62 Al-Nuzha Street, Jeddah"
,Mariam Al-Sulami,مريم السلمي,Female,2020-06-25,Saudi Arabia,National ID,1732799153,,,Muslim,Abha,BRITISH,KG1,A,2024-25,840,New Student,Regular Mode,New,2023-09-01,Yes,Khalid Al-Sulami,Layla Al-Sulami,+966582138973,mariam.alsulami840@parent.com,"57 Al-Nuzha Street, Jeddah"
,Daniel Khan,دانيال خان,Male,2019-11-07,Sudan,Iqama,,2113480734,,Non-Muslim,Karachi,BRITISH,KG2,A,2024-25,841,Regular (Continuing),Online Mode,Regular,2025-09-01,Yes,Hamza Khan,Anika Khan,+966573386768,daniel.khan841@parent.com,"224 Al-Nuzha Street, Jeddah"
,Bilal Wang,بلال وانج,Male,2020-11-09,Yemen,Passport,,,MJ4247993,Muslim,Sanaa,BRITISH,Grade 1,A,2024-25,842,New Student,Seasonal Mode,New,2025-09-01,Yes,Zayn Wang,Khadija Wang,+966558850624,bilal.wang842@parent.com,"149 Al-Nuzha Street, Jeddah"
,Lama Al-Ghamdi,لمى الغامدي,Female,2019-01-18,Saudi Arabia,National ID,1177964237,,,Muslim,Khobar,BRITISH,Grade 2,A,2024-25,843,New Student,Online Mode,New,2022-09-01,Yes,Faisal Al-Ghamdi,Dalal Al-Ghamdi,+966577974989,lama.alghamdi843@parent.com,"216 Al-Nuzha Street, Jeddah"
,Sana Chen,سناء تشين,Female,2018-10-13,United Kingdom,Passport,,,KD7065816,Muslim,Karachi,BRITISH,Grade 3,A,2024-25,844,New Student,Online Mode,New,2025-09-01,Yes,Kabir Chen,Anaya Chen,+966546403172,sana.chen844@parent.com,"108 Al-Nuzha Street, Jeddah"
,Sultan Al-Hussein,سلطان الحسين,Male,2017-04-18,Saudi Arabia,National ID,1427166268,,,Muslim,Buraidah,BRITISH,Grade 4,A,2024-25,845,New Student,Regular Mode,New,2023-09-01,Yes,Ziyad Al-Hussein,Raghad Al-Hussein,+966533172894,sultan.alhussein845@parent.com,"171 Al-Nuzha Street, Jeddah"
,Ali Al-Hussein,علي الحسين,Male,2016-10-10,Saudi Arabia,National ID,1375380335,,,Muslim,Mecca,BRITISH,Grade 5,A,2024-25,846,Transfer,Online Mode,Transfer,2024-09-01,Yes,Raed Al-Hussein,Latifa Al-Hussein,+966591093941,ali.alhussein846@parent.com,"233 Al-Nuzha Street, Jeddah"
,Latifa Al-Ghamdi,لطيفة الغامدي,Female,2015-03-27,Saudi Arabia,National ID,1494500874,,,Muslim,Mecca,BRITISH,Grade 6,A,2024-25,847,New Student,Regular Mode,New,2023-09-01,Yes,Ali Al-Ghamdi,Asma Al-Ghamdi,+966582919516,latifa.alghamdi847@parent.com,"203 Al-Nuzha Street, Jeddah"
,Hassan Hussain,حسن حسين,Male,2014-12-24,Indonesia,Iqama,,2912731065,,Non-Muslim,London,BRITISH,Grade 7,A,2024-25,848,Transfer,Online Mode,Transfer,2025-09-01,Yes,Imran Hussain,Emma Hussain,+966554011225,hassan.hussain848@parent.com,"272 Al-Nuzha Street, Jeddah"
,Zainab Siddiqui,زينب صديقي,Female,2013-05-04,United States,Passport,,,KG4001220,Muslim,London,BRITISH,Grade 8,A,2024-25,849,Transfer,Seasonal Mode,Transfer,2024-09-01,Yes,Zain Siddiqui,Zoe Siddiqui,+966572717900,zainab.siddiqui849@parent.com,"218 Al-Nuzha Street, Jeddah"
,Aryan Garcia,آريان جارسيا,Male,2012-01-04,Sudan,Iqama,,2565250273,,Non-Muslim,Damascus,BRITISH,Grade 9,A,2024-25,850,Regular (Continuing),Regular Mode,Regular,2025-09-01,Yes,Faris Garcia,Anaya Garcia,+966552112637,aryan.garcia850@parent.com,"139 Al-Nuzha Street, Jeddah"
,Ismail Smith,إسماعيل سميث,Male,2011-07-20,Syria,Iqama,,2425304332,,Muslim,Damascus,BRITISH,Grade 10,A,2024-25,851,Transfer,Online Mode,Transfer,2023-09-01,Yes,Hassan Smith,Maya Smith,+966503907249,ismail.smith851@parent.com,"18 Al-Nuzha Street, Jeddah"
,Dana Al-Sabah,دانا الصباح,Female,2010-02-15,Saudi Arabia,National ID,1670887764,,,Muslim,Khobar,BRITISH,Grade 11,A,2024-25,852,Regular (Continuing),Online Mode,Regular,2025-09-01,Yes,Hamad Al-Sabah,Fatima Al-Sabah,+966579837558,dana.alsabah852@parent.com,"218 Al-Nuzha Street, Jeddah"
,Hatim Al-Saud,حاتم آل سعود,Male,2009-03-14,Saudi Arabia,National ID,1765675279,,,Non-Muslim,Jeddah,BRITISH,Grade 12,A,2024-25,853,Regular (Continuing),Online Mode,Regular,2022-09-01,Yes,Salman Al-Saud,Renad Al-Saud,+966583965601,hatim.alsaud853@parent.com,"243 Al-Nuzha Street, Jeddah"
,Majed Al-Rashid,ماجد الراشد,Male,2020-03-09,Saudi Arabia,National ID,1409420074,,,Muslim,Buraidah,BRITISH,KG1,A,2024-25,854,New Student,Regular Mode,New,2024-09-01,Yes,Ziyad Al-Rashid,Noura Al-Rashid,+966566175009,majed.alrashid854@parent.com,"156 Al-Nuzha Street, Jeddah"
,Faisal Al-Sudais,فيصل السديس,Male,2019-01-22,Saudi Arabia,National ID,1660083150,,,Muslim,Buraidah,BRITISH,KG2,A,2024-25,855,Regular (Continuing),Seasonal Mode,Regular,2022-09-01,Yes,Ammar Al-Sudais,Wafa Al-Sudais,+966565712294,faisal.alsudais855@parent.com,"199 Al-Nuzha Street, Jeddah"
,Turki Al-Yamani,تركي اليماني,Male,2020-01-10,Saudi Arabia,National ID,1806216806,,,Muslim,Khobar,BRITISH,Grade 1,A,2024-25,856,New Student,Online Mode,New,2023-09-01,Yes,Majed Al-Yamani,Renad Al-Yamani,+966559832693,turki.alyamani856@parent.com,"158 Al-Nuzha Street, Jeddah"
,Hassan Singh,حسن سينغ,Male,2019-11-07,United Kingdom,Iqama,,2502990113,,Muslim,Mumbai,BRITISH,Grade 2,A,2024-25,857,Regular (Continuing),Online Mode,Regular,2022-09-01,Yes,Ahmed Singh,Riya Singh,+966513095698,hassan.singh857@parent.com,"248 Al-Nuzha Street, Jeddah"
,Hamza Hussain,حمزة حسين,Male,2018-11-15,Syria,Passport,,,GJ9102449,Muslim,Manila,BRITISH,Grade 3,A,2024-25,858,Transfer,Regular Mode,Transfer,2025-09-01,Yes,Zayn Hussain,Anika Hussain,+966553378662,hamza.hussain858@parent.com,"199 Al-Nuzha Street, Jeddah"
,Ali Al-Rashid,علي الراشد,Male,2017-09-19,Saudi Arabia,National ID,1208532463,,,Muslim,Dammam,BRITISH,Grade 4,A,2024-25,859,Transfer,Regular Mode,Transfer,2025-09-01,Yes,Hassan Al-Rashid,Sara Al-Rashid,+966508394352,ali.alrashid859@parent.com,"134 Al-Nuzha Street, Jeddah"
,Salman Al-Sulami,سلمان السلمي,Male,2016-12-01,Saudi Arabia,National ID,1401205972,,,Muslim,Jeddah,BRITISH,Grade 5,A,2024-25,860,Regular (Continuing),Seasonal Mode,Regular,2023-09-01,Yes,Omar Al-Sulami,Reem Al-Sulami,+966594505798,salman.alsulami860@parent.com,"270 Al-Nuzha Street, Jeddah"
,Nayla Brown,نايلة براون,Female,2015-10-26,Indonesia,Passport,,,BA6221542,Muslim,Amman,BRITISH,Grade 6,A,2024-25,861,Transfer,Online Mode,Transfer,2022-09-01,Yes,Daniel Brown,Aliya Brown,+966520163146,nayla.brown861@parent.com,"11 Al-Nuzha Street, Jeddah"
,Ibrahim Al-Saud,إبراهيم آل سعود,Male,2014-09-13,Saudi Arabia,National ID,1685844471,,,Muslim,Khobar,BRITISH,Grade 7,A,2024-25,862,Transfer,Seasonal Mode,Transfer,2023-09-01,Yes,Bandar Al-Saud,Norah Al-Saud,+966553710781,ibrahim.alsaud862@parent.com,"217 Al-Nuzha Street, Jeddah"
,Reema Al-Shehri,ريما الشهري,Female,2013-11-17,Saudi Arabia,National ID,1561894338,,,Muslim,Tabuk,BRITISH,Grade 8,A,2024-25,863,Regular (Continuing),Seasonal Mode,Regular,2023-09-01,Yes,Omar Al-Shehri,Aljawhara Al-Shehri,+966536465615,reema.alshehri863@parent.com,"127 Al-Nuzha Street, Jeddah"
,Ahmed Malik,أحمد مالك,Male,2012-02-06,Pakistan,Iqama,,2378256320,,Muslim,Khartoum,BRITISH,Grade 9,A,2024-25,864,Regular (Continuing),Seasonal Mode,Regular,2024-09-01,Yes,Zayn Malik,Nayla Malik,+966552644707,ahmed.malik864@parent.com,"244 Al-Nuzha Street, Jeddah"
,Olivia Malik,أوليفيا مالك,Female,2011-04-15,Yemen,Iqama,,2539945081,,Muslim,Damascus,BRITISH,Grade 10,A,2024-25,865,Transfer,Online Mode,Transfer,2023-09-01,Yes,Hassan Malik,Hira Malik,+966503482912,olivia.malik865@parent.com,"222 Al-Nuzha Street, Jeddah"
,Priya Brown,بريا براون,Female,2010-12-24,Pakistan,Iqama,,2622874945,,Muslim,London,BRITISH,Grade 11,A,2024-25,866,Regular (Continuing),Online Mode,Regular,2023-09-01,Yes,Hassan Brown,Priya Brown,+966599548497,priya.brown866@parent.com,"297 Al-Nuzha Street, Jeddah"
,Bandar Al-Hashemi,بندر الهاشمي,Male,2009-05-19,Saudi Arabia,National ID,1759804265,,,Muslim,Riyadh,BRITISH,Grade 12,A,2024-25,867,Transfer,Online Mode,Transfer,2024-09-01,Yes,Bader Al-Hashemi,Joud Al-Hashemi,+966565199470,bandar.alhashemi867@parent.com,"249 Al-Nuzha Street, Jeddah"
,John Shaikh,جون شيخ,Male,2020-11-28,Bangladesh,Iqama,,2995631148,,Muslim,New York,BRITISH,KG1,A,2024-25,868,New Student,Regular Mode,New,2023-09-01,Yes,Yusuf Shaikh,Sophia Shaikh,+966530630283,john.shaikh868@parent.com,"115 Al-Nuzha Street, Jeddah"
,Priya Habib,بريا حبيب,Female,2019-01-01,United Kingdom,Passport,,,CB5089887,Muslim,New York,BRITISH,KG2,A,2024-25,869,Regular (Continuing),Regular Mode,Regular,2025-09-01,Yes,Tariq Habib,Sofia Habib,+966564967967,priya.habib869@parent.com,"31 Al-Nuzha Street, Jeddah"
,Aisha Al-Sudais,عائشة السديس,Female,2020-11-09,Saudi Arabia,National ID,1384826458,,,Muslim,Buraidah,BRITISH,Grade 1,A,2024-25,870,New Student,Regular Mode,New,2025-09-01,Yes,Khalid Al-Sudais,Mariam Al-Sudais,+966577225948,aisha.alsudais870@parent.com,"83 Al-Nuzha Street, Jeddah"
,Sadia Shaikh,صادية شيخ,Female,2019-09-25,Syria,Passport,,,NG8953122,Muslim,Jakarta,BRITISH,Grade 2,A,2024-25,871,Transfer,Regular Mode,Transfer,2025-09-01,Yes,Rohan Shaikh,Mehek Shaikh,+966585155648,sadia.shaikh871@parent.com,"60 Al-Nuzha Street, Jeddah"
,Shaden Al-Tamimi,شادن التميمي,Female,2018-01-24,Saudi Arabia,National ID,1975797750,,,Muslim,Buraidah,BRITISH,Grade 3,A,2024-25,872,New Student,Seasonal Mode,New,2024-09-01,Yes,Sultan Al-Tamimi,Layla Al-Tamimi,+966538683155,shaden.altamimi872@parent.com,"147 Al-Nuzha Street, Jeddah"
,John Siddiqui,جون صديقي,Male,2017-12-10,India,Iqama,,2133071808,,Muslim,New York,BRITISH,Grade 4,A,2024-25,873,Regular (Continuing),Online Mode,Regular,2023-09-01,Yes,Rohan Siddiqui,Zoe Siddiqui,+966572502404,john.siddiqui873@parent.com,"6 Al-Nuzha Street, Jeddah"
,Lujain Al-Anazi,لجين العنزي,Female,2016-07-23,Saudi Arabia,National ID,1361802784,,,Muslim,Madinah,BRITISH,Grade 5,A,2024-25,874,Regular (Continuing),Regular Mode,Regular,2022-09-01,Yes,Salman Al-Anazi,Manal Al-Anazi,+966599725237,lujain.alanazi874@parent.com,"144 Al-Nuzha Street, Jeddah"
,Priya Hassan,بريا حسن,Female,2015-05-14,Sudan,Iqama,,2273401420,,Muslim,Damascus,BRITISH,Grade 6,A,2024-25,875,Regular (Continuing),Online Mode,Regular,2022-09-01,Yes,Ayaan Hassan,Sadia Hassan,+966586940671,priya.hassan875@parent.com,"224 Al-Nuzha Street, Jeddah"
,Sadia Malik,صادية مالك,Female,2014-02-16,Jordan,Iqama,,2438109994,,Muslim,Karachi,BRITISH,Grade 7,A,2024-25,876,New Student,Online Mode,New,2025-09-01,Yes,Tariq Malik,Riya Malik,+966524720474,sadia.malik876@parent.com,"226 Al-Nuzha Street, Jeddah"
,Diya Mahmood,ديا محمود,Female,2013-01-24,Yemen,Passport,,,HD1150922,Muslim,Amman,BRITISH,Grade 8,A,2024-25,877,Transfer,Regular Mode,Transfer,2025-09-01,Yes,Ahmed Mahmood,Hira Mahmood,+966504215807,diya.mahmood877@parent.com,"144 Al-Nuzha Street, Jeddah"
,Mariam Al-Otaibi,مريم العتيبي,Female,2012-07-22,Saudi Arabia,National ID,1550254982,,,Non-Muslim,Abha,BRITISH,Grade 9,A,2024-25,878,New Student,Regular Mode,New,2024-09-01,Yes,Ammar Al-Otaibi,Wafa Al-Otaibi,+966590994627,mariam.alotaibi878@parent.com,"289 Al-Nuzha Street, Jeddah"
,Amal Al-Maliki,أمل المالكي,Female,2011-02-19,Saudi Arabia,National ID,1663129647,,,Muslim,Khobar,BRITISH,Grade 10,A,2024-25,879,Regular (Continuing),Online Mode,Regular,2023-09-01,Yes,Hassan Al-Maliki,Jana Al-Maliki,+966585119076,amal.almaliki879@parent.com,"217 Al-Nuzha Street, Jeddah"
,Nawaf Al-Sabah,نواف الصباح,Male,2010-05-10,Saudi Arabia,National ID,1592255078,,,Muslim,Abha,BRITISH,Grade 11,A,2024-25,880,Regular (Continuing),Seasonal Mode,Regular,2025-09-01,Yes,Yousef Al-Sabah,Maha Al-Sabah,+966599690772,nawaf.alsabah880@parent.com,"140 Al-Nuzha Street, Jeddah"
,Ibrahim Al-Maliki,إبراهيم المالكي,Male,2009-11-17,Saudi Arabia,National ID,1955927596,,,Muslim,Madinah,BRITISH,Grade 12,A,2024-25,881,Regular (Continuing),Seasonal Mode,Regular,2024-09-01,Yes,Waleed Al-Maliki,Manal Al-Maliki,+966556142908,ibrahim.almaliki881@parent.com,"171 Al-Nuzha Street, Jeddah"
,Nour Rahman,نور رحمن,Female,2020-01-01,Jordan,Iqama,,2827535627,,Muslim,Khartoum,BRITISH,KG1,A,2024-25,882,Regular (Continuing),Seasonal Mode,Regular,2022-09-01,Yes,Zain Rahman,Emma Rahman,+966509356044,nour.rahman882@parent.com,"294 Al-Nuzha Street, Jeddah"
,Zain Gupta,زين جوبتا,Male,2019-10-17,Syria,Iqama,,2961830863,,Muslim,New York,BRITISH,KG2,A,2024-25,883,Regular (Continuing),Regular Mode,Regular,2024-09-01,Yes,Michael Gupta,Zoe Gupta,+966572502513,zain.gupta883@parent.com,"254 Al-Nuzha Street, Jeddah"
,Anaya Kumar,أنايا كومار,Female,2020-04-22,Jordan,Iqama,,2791612558,,Muslim,Dhaka,BRITISH,Grade 1,A,2024-25,884,New Student,Seasonal Mode,New,2024-09-01,Yes,Adam Kumar,Riya Kumar,+966598657914,anaya.kumar884@parent.com,"100 Al-Nuzha Street, Jeddah"
,Maha Al-Sabah,مها الصباح,Female,2019-03-04,Saudi Arabia,National ID,1993400750,,,Non-Muslim,Jeddah,BRITISH,Grade 2,A,2024-25,885,Transfer,Seasonal Mode,Transfer,2025-09-01,Yes,Fahad Al-Sabah,Amal Al-Sabah,+966590380308,maha.alsabah885@parent.com,"21 Al-Nuzha Street, Jeddah"
,Anika Wang,أنيكة وانج,Female,2018-11-13,United States,Iqama,,2063483657,,Muslim,Dhaka,BRITISH,Grade 3,A,2024-25,886,Regular (Continuing),Online Mode,Regular,2022-09-01,Yes,Hassan Wang,Layla Wang,+966596163302,anika.wang886@parent.com,"144 Al-Nuzha Street, Jeddah"
,Shaden Al-Harbi,شادن الحربي,Female,2017-04-01,Saudi Arabia,National ID,1946030128,,,Non-Muslim,Madinah,BRITISH,Grade 4,A,2024-25,887,New Student,Regular Mode,New,2023-09-01,Yes,Sultan Al-Harbi,Layla Al-Harbi,+966559100651,shaden.alharbi887@parent.com,"29 Al-Nuzha Street, Jeddah"
,Ghada Al-Qahtani,غادة القحطاني,Female,2016-09-04,Saudi Arabia,National ID,1414426247,,,Non-Muslim,Jeddah,BRITISH,Grade 5,A,2024-25,888,Transfer,Online Mode,Transfer,2024-09-01,Yes,Faisal Al-Qahtani,Tala Al-Qahtani,+966547128160,ghada.alqahtani888@parent.com,"223 Al-Nuzha Street, Jeddah"
,Aryan Chen,آريان تشين,Male,2015-09-13,Indonesia,Passport,,,GA6671822,Muslim,New York,BRITISH,Grade 6,A,2024-25,889,New Student,Online Mode,New,2022-09-01,Yes,Imran Chen,Maya Chen,+966553421716,aryan.chen889@parent.com,"284 Al-Nuzha Street, Jeddah"
,Dalal Al-Harbi,دلال الحربي,Female,2014-05-16,Saudi Arabia,National ID,1381406246,,,Muslim,Khobar,BRITISH,Grade 7,A,2024-25,890,New Student,Regular Mode,New,2024-09-01,Yes,Bandar Al-Harbi,Noura Al-Harbi,+966554233197,dalal.alharbi890@parent.com,"226 Al-Nuzha Street, Jeddah"
,Jana Al-Saud,جنى آل سعود,Female,2013-09-24,Saudi Arabia,National ID,1717529307,,,Muslim,Khobar,BRITISH,Grade 8,A,2024-25,891,Regular (Continuing),Seasonal Mode,Regular,2023-09-01,Yes,Saud Al-Saud,Fatima Al-Saud,+966589067846,jana.alsaud891@parent.com,"266 Al-Nuzha Street, Jeddah"
,Priya Sheikh,بريا شيخ,Female,2012-07-09,Egypt,Iqama,,2194097901,,Muslim,New York,BRITISH,Grade 9,A,2024-25,892,Regular (Continuing),Online Mode,Regular,2024-09-01,Yes,Talha Sheikh,Anvi Sheikh,+966549551004,priya.sheikh892@parent.com,"237 Al-Nuzha Street, Jeddah"
,Ghada Al-Hussein,غادة الحسين,Female,2011-04-17,Saudi Arabia,National ID,1973829218,,,Muslim,Jeddah,BRITISH,Grade 10,A,2024-25,893,Regular (Continuing),Seasonal Mode,Regular,2024-09-01,Yes,Hassan Al-Hussein,Noura Al-Hussein,+966597837436,ghada.alhussein893@parent.com,"255 Al-Nuzha Street, Jeddah"
,Manal Al-Mutairi,منال المطيري,Female,2010-04-24,Saudi Arabia,National ID,1520590305,,,Muslim,Tabuk,BRITISH,Grade 11,A,2024-25,894,Transfer,Online Mode,Transfer,2025-09-01,Yes,Saif Al-Mutairi,Salma Al-Mutairi,+966571959230,manal.almutairi894@parent.com,"70 Al-Nuzha Street, Jeddah"
,Yazeed Al-Saud,يزيد آل سعود,Male,2009-04-18,Saudi Arabia,National ID,1657273982,,,Muslim,Tabuk,BRITISH,Grade 12,A,2024-25,895,Transfer,Regular Mode,Transfer,2025-09-01,Yes,Majed Al-Saud,Lama Al-Saud,+966557868680,yazeed.alsaud895@parent.com,"147 Al-Nuzha Street, Jeddah"
,Raed Al-Yamani,رائد اليماني,Male,2020-11-08,Saudi Arabia,National ID,1116714285,,,Muslim,Madinah,BRITISH,KG1,A,2024-25,896,Transfer,Seasonal Mode,Transfer,2024-09-01,Yes,Ibrahim Al-Yamani,Manal Al-Yamani,+966569960302,raed.alyamani896@parent.com,"179 Al-Nuzha Street, Jeddah"
,Ibrahim Al-Shehri,إبراهيم الشهري,Male,2019-05-25,Saudi Arabia,National ID,1811541482,,,Muslim,Tabuk,BRITISH,KG2,A,2024-25,897,Transfer,Regular Mode,Transfer,2023-09-01,Yes,Anas Al-Shehri,Salma Al-Shehri,+966586349668,ibrahim.alshehri897@parent.com,"259 Al-Nuzha Street, Jeddah"
,Bilal Habib,بلال حبيب,Male,2020-09-09,Syria,Passport,,,BA7815475,Non-Muslim,New York,BRITISH,Grade 1,A,2024-25,898,New Student,Regular Mode,New,2023-09-01,Yes,Kabir Habib,Riya Habib,+966595089985,bilal.habib898@parent.com,"80 Al-Nuzha Street, Jeddah"
,James Malik,جيمس مالك,Male,2019-11-18,Pakistan,Passport,,,CE4942726,Muslim,Jakarta,BRITISH,Grade 2,A,2024-25,899,New Student,Online Mode,New,2023-09-01,Yes,Daniel Malik,Sofia Malik,+966580735508,james.malik899@parent.com,"205 Al-Nuzha Street, Jeddah"
,Hamad Al-Qahtani,حمد القحطاني,Male,2018-05-01,Saudi Arabia,National ID,1097091128,,,Non-Muslim,Mecca,BRITISH,Grade 3,A,2024-25,900,Regular (Continuing),Online Mode,Regular,2023-09-01,Yes,Majed Al-Qahtani,Fatima Al-Qahtani,+966551860307,hamad.alqahtani900@parent.com,"291 Al-Nuzha Street, Jeddah"
,Hamad Al-Sudais,حمد السديس,Male,2017-11-02,Saudi Arabia,National ID,1662979423,,,Muslim,Mecca,BRITISH,Grade 4,A,2024-25,901,Transfer,Seasonal Mode,Transfer,2022-09-01,Yes,Hatim Al-Sudais,Layla Al-Sudais,+966510296048,hamad.alsudais901@parent.com,"270 Al-Nuzha Street, Jeddah"
,Mohammed Al-Zahrani,محمد الزهراني,Male,2016-12-06,Saudi Arabia,National ID,1445270655,,,Non-Muslim,Jeddah,BRITISH,Grade 5,A,2024-25,902,New Student,Seasonal Mode,New,2024-09-01,Yes,Bader Al-Zahrani,Tala Al-Zahrani,+966517138270,mohammed.alzahrani902@parent.com,"198 Al-Nuzha Street, Jeddah"
,Joud Al-Sulami,جود السلمي,Female,2015-10-03,Saudi Arabia,National ID,1999498252,,,Muslim,Mecca,BRITISH,Grade 6,A,2024-25,903,Regular (Continuing),Online Mode,Regular,2023-09-01,Yes,Anas Al-Sulami,Hanan Al-Sulami,+966532741805,joud.alsulami903@parent.com,"147 Al-Nuzha Street, Jeddah"
,Salman Al-Rashid,سلمان الراشد,Male,2014-08-07,Saudi Arabia,National ID,1164113117,,,Muslim,Tabuk,BRITISH,Grade 7,A,2024-25,904,Regular (Continuing),Regular Mode,Regular,2024-09-01,Yes,Hatim Al-Rashid,Sara Al-Rashid,+966562637086,salman.alrashid904@parent.com,"97 Al-Nuzha Street, Jeddah"
,Wafa Al-Qahtani,وفاء القحطاني,Female,2013-08-19,Saudi Arabia,National ID,1782008478,,,Muslim,Riyadh,BRITISH,Grade 8,A,2024-25,905,Regular (Continuing),Seasonal Mode,Regular,2022-09-01,Yes,Nawaf Al-Qahtani,Salma Al-Qahtani,+966578751731,wafa.alqahtani905@parent.com,"231 Al-Nuzha Street, Jeddah"
,Hira Wang,هيرا وانج,Female,2012-07-25,Egypt,Iqama,,2474485026,,Muslim,London,BRITISH,Grade 9,A,2024-25,906,Transfer,Regular Mode,Transfer,2023-09-01,Yes,Zayn Wang,Diya Wang,+966531142353,hira.wang906@parent.com,"157 Al-Nuzha Street, Jeddah"
,Imran Gupta,عمران جوبتا,Male,2011-05-03,Jordan,Iqama,,2388044500,,Muslim,Khartoum,BRITISH,Grade 10,A,2024-25,907,Regular (Continuing),Seasonal Mode,Regular,2025-09-01,Yes,Adam Gupta,Mariam Gupta,+966596711847,imran.gupta907@parent.com,"258 Al-Nuzha Street, Jeddah"
,Aisha Al-Ghamdi,عائشة الغامدي,Female,2010-04-13,Saudi Arabia,National ID,1279833422,,,Non-Muslim,Buraidah,BRITISH,Grade 11,A,2024-25,908,Regular (Continuing),Regular Mode,Regular,2024-09-01,Yes,Raed Al-Ghamdi,Aisha Al-Ghamdi,+966578947057,aisha.alghamdi908@parent.com,"249 Al-Nuzha Street, Jeddah"
,Nayla Garcia,نايلة جارسيا,Female,2009-03-27,Yemen,Passport,,,AC3646718,Muslim,Amman,BRITISH,Grade 12,A,2024-25,909,Regular (Continuing),Seasonal Mode,Regular,2022-09-01,Yes,Hamza Garcia,Anika Garcia,+966561870259,nayla.garcia909@parent.com,"68 Al-Nuzha Street, Jeddah"
,Raghad Al-Mutairi,رغد المطيري,Female,2020-05-18,Saudi Arabia,National ID,1840960081,,,Muslim,Dammam,BRITISH,KG1,A,2024-25,910,Regular (Continuing),Regular Mode,Regular,2024-09-01,Yes,Nawaf Al-Mutairi,Aljawhara Al-Mutairi,+966594138913,raghad.almutairi910@parent.com,"31 Al-Nuzha Street, Jeddah"
,Sultan Al-Anazi,سلطان العنزي,Male,2019-09-24,Saudi Arabia,National ID,1160853186,,,Muslim,Tabuk,BRITISH,KG2,A,2024-25,911,Regular (Continuing),Regular Mode,Regular,2024-09-01,Yes,Naif Al-Anazi,Lujain Al-Anazi,+966558683124,sultan.alanazi911@parent.com,"25 Al-Nuzha Street, Jeddah"
,Waleed Al-Sabah,وليد الصباح,Male,2020-03-10,Saudi Arabia,National ID,1857401239,,,Muslim,Jeddah,BRITISH,Grade 1,A,2024-25,912,Regular (Continuing),Regular Mode,Regular,2024-09-01,Yes,Ali Al-Sabah,Noura Al-Sabah,+966550032271,waleed.alsabah912@parent.com,"254 Al-Nuzha Street, Jeddah"
,Riya Garcia,ريا جارسيا,Female,2019-02-21,Indonesia,Iqama,,2451723681,,Muslim,Mumbai,BRITISH,Grade 2,A,2024-25,913,Transfer,Seasonal Mode,Transfer,2025-09-01,Yes,Hassan Garcia,Sofia Garcia,+966534909387,riya.garcia913@parent.com,"199 Al-Nuzha Street, Jeddah"
,Aliya Ibrahim,عالية إبراهيم,Female,2018-03-25,Philippines,Iqama,,2789367153,,Muslim,Mumbai,BRITISH,Grade 3,A,2024-25,914,Regular (Continuing),Regular Mode,Regular,2024-09-01,Yes,Hamza Ibrahim,Sophia Ibrahim,+966580281051,aliya.ibrahim914@parent.com,"121 Al-Nuzha Street, Jeddah"
,Ali Al-Shehri,علي الشهري,Male,2017-12-06,Saudi Arabia,National ID,1214118018,,,Non-Muslim,Buraidah,BRITISH,Grade 4,A,2024-25,915,Transfer,Seasonal Mode,Transfer,2024-09-01,Yes,Ali Al-Shehri,Raghad Al-Shehri,+966556614310,ali.alshehri915@parent.com,"39 Al-Nuzha Street, Jeddah"
,Adel Al-Yamani,عادل اليماني,Male,2016-02-15,Saudi Arabia,National ID,1547258279,,,Non-Muslim,Buraidah,BRITISH,Grade 5,A,2024-25,916,Regular (Continuing),Regular Mode,Regular,2022-09-01,Yes,Majed Al-Yamani,Wafa Al-Yamani,+966566878627,adel.alyamani916@parent.com,"272 Al-Nuzha Street, Jeddah"
,Ziyad Al-Rashid,زياد الراشد,Male,2015-07-16,Saudi Arabia,National ID,1278021669,,,Muslim,Buraidah,BRITISH,Grade 6,A,2024-25,917,Regular (Continuing),Seasonal Mode,Regular,2024-09-01,Yes,Omar Al-Rashid,Dana Al-Rashid,+966581498968,ziyad.alrashid917@parent.com,"11 Al-Nuzha Street, Jeddah"
,Anika Siddiqui,أنيكة صديقي,Female,2014-04-03,United Kingdom,Passport,,,JD8223130,Muslim,Manila,BRITISH,Grade 7,A,2024-25,918,New Student,Regular Mode,New,2022-09-01,Yes,Imran Siddiqui,Anvi Siddiqui,+966586064418,anika.siddiqui918@parent.com,"49 Al-Nuzha Street, Jeddah"
,Michael Mansoor,مايكل منصور,Male,2013-11-04,Pakistan,Iqama,,2207845084,,Muslim,Mumbai,BRITISH,Grade 8,A,2024-25,919,New Student,Seasonal Mode,New,2023-09-01,Yes,Zayn Mansoor,Khadija Mansoor,+966591669569,michael.mansoor919@parent.com,"263 Al-Nuzha Street, Jeddah"
,Hanan Al-Tamimi,حنان التميمي,Female,2012-03-12,Saudi Arabia,National ID,1094693356,,,Muslim,Tabuk,BRITISH,Grade 9,A,2024-25,920,Transfer,Online Mode,Transfer,2024-09-01,Yes,Yousef Al-Tamimi,Dana Al-Tamimi,+966586777686,hanan.altamimi920@parent.com,"277 Al-Nuzha Street, Jeddah"
,Jana Al-Fayez,جنى الفايز,Female,2011-02-14,Saudi Arabia,National ID,1303954039,,,Muslim,Jeddah,BRITISH,Grade 10,A,2024-25,921,Transfer,Online Mode,Transfer,2022-09-01,Yes,Naif Al-Fayez,Renad Al-Fayez,+966522430245,jana.alfayez921@parent.com,"21 Al-Nuzha Street, Jeddah"
,Sana Habib,سناء حبيب,Female,2010-09-03,Philippines,Passport,,,JB0556878,Muslim,Khartoum,BRITISH,Grade 11,A,2024-25,922,New Student,Regular Mode,New,2023-09-01,Yes,Ayaan Habib,Sadia Habib,+966525443039,sana.habib922@parent.com,"77 Al-Nuzha Street, Jeddah"
,Imran Saleh,عمران صالح,Male,2009-07-27,Bangladesh,Iqama,,2441775473,,Non-Muslim,Khartoum,BRITISH,Grade 12,A,2024-25,923,Transfer,Seasonal Mode,Transfer,2025-09-01,Yes,Ismail Saleh,Sophia Saleh,+966583998534,imran.saleh923@parent.com,"92 Al-Nuzha Street, Jeddah"
,Maha Al-Ghamdi,مها الغامدي,Female,2020-09-26,Saudi Arabia,National ID,1321481144,,,Muslim,Mecca,BRITISH,KG1,A,2024-25,924,Regular (Continuing),Regular Mode,Regular,2024-09-01,Yes,Adel Al-Ghamdi,Amal Al-Ghamdi,+966549908261,maha.alghamdi924@parent.com,"84 Al-Nuzha Street, Jeddah"
,Anaya Mahmood,أنايا محمود,Female,2019-12-28,Philippines,Iqama,,2935554564,,Muslim,Jakarta,BRITISH,KG2,A,2024-25,925,Regular (Continuing),Online Mode,Regular,2024-09-01,Yes,Zayn Mahmood,Zoe Mahmood,+966570382246,anaya.mahmood925@parent.com,"69 Al-Nuzha Street, Jeddah"
,Anaya Chen,أنايا تشين,Female,2020-01-26,Jordan,Iqama,,2758367506,,Non-Muslim,Amman,BRITISH,Grade 1,A,2024-25,926,Regular (Continuing),Online Mode,Regular,2022-09-01,Yes,Michael Chen,Diya Chen,+966583777078,anaya.chen926@parent.com,"76 Al-Nuzha Street, Jeddah"
,Kabir Patel,كبير باتل,Male,2019-03-16,Syria,Passport,,,KM7934745,Muslim,Amman,BRITISH,Grade 2,A,2024-25,927,Regular (Continuing),Seasonal Mode,Regular,2024-09-01,Yes,Tariq Patel,Priya Patel,+966591476034,kabir.patel927@parent.com,"26 Al-Nuzha Street, Jeddah"
,Hamza Chen,حمزة تشين,Male,2018-08-03,Egypt,Iqama,,2286951243,,Muslim,Sanaa,BRITISH,Grade 3,A,2024-25,928,New Student,Seasonal Mode,New,2023-09-01,Yes,John Chen,Maya Chen,+966559238443,hamza.chen928@parent.com,"258 Al-Nuzha Street, Jeddah"
,Salman Al-Harbi,سلمان الحربي,Male,2017-08-26,Saudi Arabia,National ID,1937510436,,,Non-Muslim,Mecca,BRITISH,Grade 4,A,2024-25,929,Regular (Continuing),Online Mode,Regular,2024-09-01,Yes,Hatim Al-Harbi,Lujain Al-Harbi,+966550598647,salman.alharbi929@parent.com,"274 Al-Nuzha Street, Jeddah"
,David Smith,ديفيد سميث,Male,2016-11-24,Pakistan,Iqama,,2924087138,,Muslim,Sanaa,BRITISH,Grade 5,A,2024-25,930,New Student,Online Mode,New,2023-09-01,Yes,Ismail Smith,Sofia Smith,+966539133372,david.smith930@parent.com,"274 Al-Nuzha Street, Jeddah"
,Imran Smith,عمران سميث,Male,2015-05-25,Yemen,Iqama,,2218225439,,Muslim,Karachi,BRITISH,Grade 6,A,2024-25,931,Transfer,Seasonal Mode,Transfer,2023-09-01,Yes,Tariq Smith,Aliya Smith,+966538716775,imran.smith931@parent.com,"104 Al-Nuzha Street, Jeddah"
,Anika Smith,أنيكة سميث,Female,2014-05-12,Egypt,Iqama,,2673040309,,Muslim,Jakarta,BRITISH,Grade 7,A,2024-25,932,New Student,Regular Mode,New,2025-09-01,Yes,Talha Smith,Fatima Smith,+966593408553,anika.smith932@parent.com,"225 Al-Nuzha Street, Jeddah"
,Fahad Al-Otaibi,فهد العتيبي,Male,2013-07-13,Saudi Arabia,National ID,1696987193,,,Muslim,Dammam,BRITISH,Grade 8,A,2024-25,933,Regular (Continuing),Online Mode,Regular,2022-09-01,Yes,Yousef Al-Otaibi,Fatima Al-Otaibi,+966582155425,fahad.alotaibi933@parent.com,"164 Al-Nuzha Street, Jeddah"
,Sofia Siddiqui,صوفيا صديقي,Female,2012-06-04,India,Iqama,,2172051651,,Muslim,Jakarta,BRITISH,Grade 9,A,2024-25,934,Regular (Continuing),Seasonal Mode,Regular,2024-09-01,Yes,Vihaan Siddiqui,Zainab Siddiqui,+966564405057,sofia.siddiqui934@parent.com,"97 Al-Nuzha Street, Jeddah"
,Maya Reddy,مايا ريدي,Female,2011-01-21,United States,Iqama,,2215485000,,Non-Muslim,Jakarta,BRITISH,Grade 10,A,2024-25,935,Regular (Continuing),Regular Mode,Regular,2025-09-01,Yes,Ahmed Reddy,Sofia Reddy,+966568113774,maya.reddy935@parent.com,"157 Al-Nuzha Street, Jeddah"
,Hassan Ali,حسن علي,Male,2010-04-12,Syria,Iqama,,2797823243,,Muslim,Damascus,BRITISH,Grade 11,A,2024-25,936,New Student,Online Mode,New,2023-09-01,Yes,Michael Ali,Riya Ali,+966550370565,hassan.ali936@parent.com,"215 Al-Nuzha Street, Jeddah"
,Nour Habib,نور حبيب,Female,2009-01-06,Jordan,Passport,,,CA5159347,Muslim,Damascus,BRITISH,Grade 12,A,2024-25,937,Regular (Continuing),Online Mode,Regular,2025-09-01,Yes,Kabir Habib,Aliya Habib,+966514787001,nour.habib937@parent.com,"183 Al-Nuzha Street, Jeddah"
,Olivia Chen,أوليفيا تشين,Female,2020-05-16,United States,Iqama,,2331994535,,Non-Muslim,Sanaa,BRITISH,KG1,A,2024-25,938,Regular (Continuing),Online Mode,Regular,2022-09-01,Yes,Rohan Chen,Zainab Chen,+966501647960,olivia.chen938@parent.com,"116 Al-Nuzha Street, Jeddah"
,David Habib,ديفيد حبيب,Male,2019-04-24,India,Passport,,,NB2360229,Muslim,Dhaka,BRITISH,KG2,A,2024-25,939,Transfer,Seasonal Mode,Transfer,2024-09-01,Yes,Tariq Habib,Emma Habib,+966599438786,david.habib939@parent.com,"145 Al-Nuzha Street, Jeddah"
,Anika Garcia,أنيكة جارسيا,Female,2020-10-18,Yemen,Iqama,,2685896161,,Muslim,Damascus,BRITISH,Grade 1,A,2024-25,940,New Student,Seasonal Mode,New,2025-09-01,Yes,John Garcia,Sophia Garcia,+966561208606,anika.garcia940@parent.com,"126 Al-Nuzha Street, Jeddah"
,Hamad Al-Yamani,حمد اليماني,Male,2019-07-19,Saudi Arabia,National ID,1276791620,,,Muslim,Tabuk,BRITISH,Grade 2,A,2024-25,941,New Student,Online Mode,New,2024-09-01,Yes,Waleed Al-Yamani,Lama Al-Yamani,+966504089876,hamad.alyamani941@parent.com,"80 Al-Nuzha Street, Jeddah"
,Sana Chen,سناء تشين,Female,2018-06-10,Syria,Iqama,,2083402809,,Muslim,Karachi,BRITISH,Grade 3,A,2024-25,942,Regular (Continuing),Online Mode,Regular,2022-09-01,Yes,Ayaan Chen,Sana Chen,+966562986654,sana.chen942@parent.com,"44 Al-Nuzha Street, Jeddah"
,Ammar Al-Dosari,عمار الدوسري,Male,2017-02-11,Saudi Arabia,National ID,1901578434,,,Muslim,Mecca,BRITISH,Grade 4,A,2024-25,943,Transfer,Online Mode,Transfer,2024-09-01,Yes,Raed Al-Dosari,Sara Al-Dosari,+966559717791,ammar.aldosari943@parent.com,"296 Al-Nuzha Street, Jeddah"
,Yazeed Al-Hussein,يزيد الحسين,Male,2016-05-18,Saudi Arabia,National ID,1804596214,,,Non-Muslim,Mecca,BRITISH,Grade 5,A,2024-25,944,Regular (Continuing),Seasonal Mode,Regular,2025-09-01,Yes,Sultan Al-Hussein,Ghada Al-Hussein,+966509078519,yazeed.alhussein944@parent.com,"297 Al-Nuzha Street, Jeddah"
,Hira Ahmed,هيرا أحمد,Female,2015-05-24,India,Iqama,,2485184244,,Muslim,Dhaka,BRITISH,Grade 6,A,2024-25,945,Transfer,Online Mode,Transfer,2024-09-01,Yes,Bilal Ahmed,Hira Ahmed,+966538870638,hira.ahmed945@parent.com,"5 Al-Nuzha Street, Jeddah"
,Zoe Singh,زوي سينغ,Female,2014-09-02,Indonesia,Iqama,,2596544399,,Muslim,Sanaa,BRITISH,Grade 7,A,2024-25,946,New Student,Regular Mode,New,2025-09-01,Yes,Rohan Singh,Aliya Singh,+966593966918,zoe.singh946@parent.com,"271 Al-Nuzha Street, Jeddah"
,Majed Al-Sulami,ماجد السلمي,Male,2013-11-13,Saudi Arabia,National ID,1537150878,,,Muslim,Tabuk,BRITISH,Grade 8,A,2024-25,947,Transfer,Seasonal Mode,Transfer,2023-09-01,Yes,Waleed Al-Sulami,Amal Al-Sulami,+966517358514,majed.alsulami947@parent.com,"203 Al-Nuzha Street, Jeddah"
,Salma Al-Fayez,سلمى الفايز,Female,2012-08-10,Saudi Arabia,National ID,1537323943,,,Muslim,Jeddah,BRITISH,Grade 9,A,2024-25,948,Regular (Continuing),Online Mode,Regular,2025-09-01,Yes,Ziyad Al-Fayez,Jana Al-Fayez,+966503669461,salma.alfayez948@parent.com,"82 Al-Nuzha Street, Jeddah"
,Ayaan Gupta,أيان جوبتا,Male,2011-02-01,United States,Iqama,,2152144537,,Non-Muslim,Dhaka,BRITISH,Grade 10,A,2024-25,949,Regular (Continuing),Regular Mode,Regular,2023-09-01,Yes,Zayn Gupta,Anvi Gupta,+966568123696,ayaan.gupta949@parent.com,"225 Al-Nuzha Street, Jeddah"
,Aliya Shaikh,عالية شيخ,Female,2010-04-07,Philippines,Iqama,,2997537565,,Muslim,Mumbai,BRITISH,Grade 11,A,2024-25,950,Regular (Continuing),Seasonal Mode,Regular,2022-09-01,Yes,Ahmed Shaikh,Diya Shaikh,+966562102370,aliya.shaikh950@parent.com,"257 Al-Nuzha Street, Jeddah"
,Sana Sheikh,سناء شيخ,Female,2009-02-19,Philippines,Iqama,,2056656653,,Muslim,Dhaka,BRITISH,Grade 12,A,2024-25,951,New Student,Online Mode,New,2023-09-01,Yes,John Sheikh,Priya Sheikh,+966599146835,sana.sheikh951@parent.com,"147 Al-Nuzha Street, Jeddah"
,Faris Gupta,فارس جوبتا,Male,2020-04-26,Bangladesh,Passport,,,GH5492475,Muslim,Manila,BRITISH,KG1,A,2024-25,952,Regular (Continuing),Online Mode,Regular,2023-09-01,Yes,Daniel Gupta,Aisha Gupta,+966578612415,faris.gupta952@parent.com,"289 Al-Nuzha Street, Jeddah"
,Sophia Kim,سوفيا كيم,Female,2019-09-12,Egypt,Iqama,,2737643749,,Muslim,Jakarta,BRITISH,KG2,A,2024-25,953,Transfer,Seasonal Mode,Transfer,2023-09-01,Yes,Zain Kim,Anvi Kim,+966582387267,sophia.kim953@parent.com,"17 Al-Nuzha Street, Jeddah"
,Turki Al-Sulami,تركي السلمي,Male,2020-08-15,Saudi Arabia,National ID,1121656269,,,Muslim,Mecca,BRITISH,Grade 1,A,2024-25,954,Regular (Continuing),Online Mode,Regular,2024-09-01,Yes,Hamad Al-Sulami,Aljawhara Al-Sulami,+966578006462,turki.alsulami954@parent.com,"10 Al-Nuzha Street, Jeddah"
,Mehek Singh,مهك سينغ,Female,2019-10-20,Indonesia,Iqama,,2114668970,,Non-Muslim,Amman,BRITISH,Grade 2,A,2024-25,955,Regular (Continuing),Seasonal Mode,Regular,2025-09-01,Yes,Adam Singh,Maya Singh,+966528679469,mehek.singh955@parent.com,"178 Al-Nuzha Street, Jeddah"
,Reem Al-Hashemi,ريم الهاشمي,Female,2018-10-22,Saudi Arabia,National ID,1965690435,,,Muslim,Buraidah,BRITISH,Grade 3,A,2024-25,956,New Student,Seasonal Mode,New,2023-09-01,Yes,Hamad Al-Hashemi,Manal Al-Hashemi,+966598465270,reem.alhashemi956@parent.com,"194 Al-Nuzha Street, Jeddah"
,Saud Al-Harbi,سعود الحربي,Male,2017-09-22,Saudi Arabia,National ID,1661600134,,,Muslim,Buraidah,BRITISH,Grade 4,A,2024-25,957,Regular (Continuing),Online Mode,Regular,2024-09-01,Yes,Waleed Al-Harbi,Sara Al-Harbi,+966512793162,saud.alharbi957@parent.com,"66 Al-Nuzha Street, Jeddah"
,Zayn Shaikh,زين شيخ,Male,2016-05-04,Jordan,Passport,,,BD6241760,Muslim,London,BRITISH,Grade 5,A,2024-25,958,New Student,Seasonal Mode,New,2024-09-01,Yes,Ismail Shaikh,Saanvi Shaikh,+966567329181,zayn.shaikh958@parent.com,"11 Al-Nuzha Street, Jeddah"
,Ibrahim Al-Mutairi,إبراهيم المطيري,Male,2015-08-22,Saudi Arabia,National ID,1717840054,,,Muslim,Madinah,BRITISH,Grade 6,A,2024-25,959,Transfer,Regular Mode,Transfer,2023-09-01,Yes,Bandar Al-Mutairi,Lama Al-Mutairi,+966507072818,ibrahim.almutairi959@parent.com,"151 Al-Nuzha Street, Jeddah"
,Mariam Shaikh,مريم شيخ,Female,2014-05-09,United Kingdom,Iqama,,2052978887,,Non-Muslim,Amman,BRITISH,Grade 7,A,2024-25,960,Regular (Continuing),Seasonal Mode,Regular,2022-09-01,Yes,David Shaikh,Hira Shaikh,+966508599367,mariam.shaikh960@parent.com,"108 Al-Nuzha Street, Jeddah"
,Emma Mahmood,إيما محمود,Female,2013-10-08,United States,Iqama,,2378237566,,Muslim,Karachi,BRITISH,Grade 8,A,2024-25,961,New Student,Regular Mode,New,2022-09-01,Yes,Mustafa Mahmood,Sofia Mahmood,+966502109278,emma.mahmood961@parent.com,"164 Al-Nuzha Street, Jeddah"
,Sadia Kumar,صادية كومار,Female,2012-01-10,India,Iqama,,2513199095,,Non-Muslim,New York,BRITISH,Grade 9,A,2024-25,962,Regular (Continuing),Online Mode,Regular,2023-09-01,Yes,Hamza Kumar,Sadia Kumar,+966535383046,sadia.kumar962@parent.com,"290 Al-Nuzha Street, Jeddah"
,Bandar Al-Yamani,بندر اليماني,Male,2011-11-20,Saudi Arabia,National ID,1239133007,,,Muslim,Riyadh,BRITISH,Grade 10,A,2024-25,963,Transfer,Regular Mode,Transfer,2024-09-01,Yes,Talal Al-Yamani,Reema Al-Yamani,+966534441261,bandar.alyamani963@parent.com,"20 Al-Nuzha Street, Jeddah"
,Aisha Al-Otaibi,عائشة العتيبي,Female,2010-10-18,Saudi Arabia,National ID,1665117621,,,Muslim,Khobar,BRITISH,Grade 11,A,2024-25,964,New Student,Seasonal Mode,New,2024-09-01,Yes,Hamad Al-Otaibi,Latifa Al-Otaibi,+966565854045,aisha.alotaibi964@parent.com,"182 Al-Nuzha Street, Jeddah"
,Tariq Sheikh,طارق شيخ,Male,2009-03-23,Jordan,Iqama,,2071997218,,Muslim,New York,BRITISH,Grade 12,A,2024-25,965,New Student,Seasonal Mode,New,2025-09-01,Yes,Ahmed Sheikh,Aisha Sheikh,+966599615162,tariq.sheikh965@parent.com,"211 Al-Nuzha Street, Jeddah"
,Noura Al-Qahtani,نورة القحطاني,Female,2020-07-17,Saudi Arabia,National ID,1334656042,,,Non-Muslim,Abha,BRITISH,KG1,A,2024-25,966,New Student,Online Mode,New,2023-09-01,Yes,Talal Al-Qahtani,Tala Al-Qahtani,+966513327483,noura.alqahtani966@parent.com,"27 Al-Nuzha Street, Jeddah"
,Noura Al-Maliki,نورة المالكي,Female,2019-02-20,Saudi Arabia,National ID,1891257627,,,Muslim,Dammam,BRITISH,KG2,A,2024-25,967,Regular (Continuing),Regular Mode,Regular,2025-09-01,Yes,Abdullah Al-Maliki,Shaden Al-Maliki,+966513127386,noura.almaliki967@parent.com,"61 Al-Nuzha Street, Jeddah"
,Imran Mahmood,عمران محمود,Male,2020-10-05,Jordan,Iqama,,2956755823,,Muslim,Sanaa,BRITISH,Grade 1,A,2024-25,968,Regular (Continuing),Online Mode,Regular,2022-09-01,Yes,Hamza Mahmood,Aisha Mahmood,+966518625309,imran.mahmood968@parent.com,"189 Al-Nuzha Street, Jeddah"
,Khadija Garcia,خديجة جارسيا,Female,2019-09-05,Pakistan,Iqama,,2081974860,,Muslim,Damascus,BRITISH,Grade 2,A,2024-25,969,Regular (Continuing),Regular Mode,Regular,2023-09-01,Yes,Rohan Garcia,Hira Garcia,+966523455660,khadija.garcia969@parent.com,"190 Al-Nuzha Street, Jeddah"
,Aljawhara Al-Shehri,الجوهرة الشهري,Female,2018-07-05,Saudi Arabia,National ID,1511085040,,,Muslim,Jeddah,BRITISH,Grade 3,A,2024-25,970,New Student,Seasonal Mode,New,2025-09-01,Yes,Saif Al-Shehri,Renad Al-Shehri,+966590618386,aljawhara.alshehri970@parent.com,"98 Al-Nuzha Street, Jeddah"
,Fatima Habib,فاطمة حبيب,Female,2017-11-25,Jordan,Passport,,,EA4818546,Muslim,Cairo,BRITISH,Grade 4,A,2024-25,971,Regular (Continuing),Online Mode,Regular,2023-09-01,Yes,Zayn Habib,Nayla Habib,+966509113026,fatima.habib971@parent.com,"157 Al-Nuzha Street, Jeddah"
,Dana Al-Maliki,دانا المالكي,Female,2016-07-14,Saudi Arabia,National ID,1647787753,,,Muslim,Dammam,BRITISH,Grade 5,A,2024-25,972,Transfer,Online Mode,Transfer,2023-09-01,Yes,Saud Al-Maliki,Lama Al-Maliki,+966548635590,dana.almaliki972@parent.com,"90 Al-Nuzha Street, Jeddah"
,Saif Al-Yamani,سيف اليماني,Male,2015-07-13,Saudi Arabia,National ID,1259073411,,,Muslim,Jeddah,BRITISH,Grade 6,A,2024-25,973,Regular (Continuing),Seasonal Mode,Regular,2025-09-01,Yes,Yazeed Al-Yamani,Shaden Al-Yamani,+966549148912,saif.alyamani973@parent.com,"131 Al-Nuzha Street, Jeddah"
,Hira Brown,هيرا براون,Female,2014-04-07,Sudan,Iqama,,2446820462,,Non-Muslim,Dhaka,BRITISH,Grade 7,A,2024-25,974,Regular (Continuing),Seasonal Mode,Regular,2022-09-01,Yes,Hamza Brown,Anvi Brown,+966592130086,hira.brown974@parent.com,"156 Al-Nuzha Street, Jeddah"
,Mariam Al-Dosari,مريم الدوسري,Female,2013-05-21,Saudi Arabia,National ID,1640615830,,,Muslim,Riyadh,BRITISH,Grade 8,A,2024-25,975,Regular (Continuing),Online Mode,Regular,2024-09-01,Yes,Omar Al-Dosari,Hessa Al-Dosari,+966533909376,mariam.aldosari975@parent.com,"224 Al-Nuzha Street, Jeddah"
,Bader Al-Zahrani,بدر الزهراني,Male,2012-08-24,Saudi Arabia,National ID,1221671785,,,Non-Muslim,Jeddah,BRITISH,Grade 9,A,2024-25,976,New Student,Regular Mode,New,2022-09-01,Yes,Mohammed Al-Zahrani,Reema Al-Zahrani,+966518221684,bader.alzahrani976@parent.com,"289 Al-Nuzha Street, Jeddah"
,Aisha Mahmood,عائشة محمود,Female,2011-06-16,Egypt,Passport,,,JB6494377,Muslim,Damascus,BRITISH,Grade 10,A,2024-25,977,Transfer,Regular Mode,Transfer,2023-09-01,Yes,Kabir Mahmood,Maya Mahmood,+966598367272,aisha.mahmood977@parent.com,"158 Al-Nuzha Street, Jeddah"
,Khadija Sheikh,خديجة شيخ,Female,2010-02-08,Pakistan,Iqama,,2496224845,,Muslim,Karachi,BRITISH,Grade 11,A,2024-25,978,Regular (Continuing),Seasonal Mode,Regular,2025-09-01,Yes,Ismail Sheikh,Fatima Sheikh,+966574317954,khadija.sheikh978@parent.com,"218 Al-Nuzha Street, Jeddah"
,Zainab Siddiqui,زينب صديقي,Female,2009-03-20,India,Passport,,,NB0180121,Non-Muslim,Khartoum,BRITISH,Grade 12,A,2024-25,979,New Student,Seasonal Mode,New,2024-09-01,Yes,Hassan Siddiqui,Anvi Siddiqui,+966558061505,zainab.siddiqui979@parent.com,"16 Al-Nuzha Street, Jeddah"
,Layla Al-Dosari,ليلى الدوسري,Female,2020-01-18,Saudi Arabia,National ID,1321713382,,,Non-Muslim,Tabuk,BRITISH,KG1,A,2024-25,980,Transfer,Seasonal Mode,Transfer,2024-09-01,Yes,Hamad Al-Dosari,Latifa Al-Dosari,+966582575305,layla.aldosari980@parent.com,"263 Al-Nuzha Street, Jeddah"
,Mariam Al-Harbi,مريم الحربي,Female,2019-10-22,Saudi Arabia,National ID,1742770159,,,Muslim,Dammam,BRITISH,KG2,A,2024-25,981,New Student,Seasonal Mode,New,2023-09-01,Yes,Hamad Al-Harbi,Hanan Al-Harbi,+966570352743,mariam.alharbi981@parent.com,"290 Al-Nuzha Street, Jeddah"
,Lujain Al-Zahrani,لجين الزهراني,Female,2020-06-26,Saudi Arabia,National ID,1413119217,,,Muslim,Khobar,BRITISH,Grade 1,A,2024-25,982,New Student,Online Mode,New,2023-09-01,Yes,Ziyad Al-Zahrani,Shaden Al-Zahrani,+966529821845,lujain.alzahrani982@parent.com,"157 Al-Nuzha Street, Jeddah"
,Bader Al-Zahrani,بدر الزهراني,Male,2019-01-03,Saudi Arabia,National ID,1348368327,,,Muslim,Mecca,BRITISH,Grade 2,A,2024-25,983,Transfer,Regular Mode,Transfer,2024-09-01,Yes,Ziyad Al-Zahrani,Amal Al-Zahrani,+966522397768,bader.alzahrani983@parent.com,"157 Al-Nuzha Street, Jeddah"
,Rohan Mansoor,روهان منصور,Male,2018-09-08,Yemen,Iqama,,2656814479,,Muslim,Khartoum,BRITISH,Grade 3,A,2024-25,984,Regular (Continuing),Regular Mode,Regular,2023-09-01,Yes,Vihaan Mansoor,Sana Mansoor,+966522451542,rohan.mansoor984@parent.com,"21 Al-Nuzha Street, Jeddah"
,Khalid Al-Tamimi,خالد التميمي,Male,2017-12-09,Saudi Arabia,National ID,1534621317,,,Muslim,Abha,BRITISH,Grade 4,A,2024-25,985,Regular (Continuing),Seasonal Mode,Regular,2024-09-01,Yes,Ziyad Al-Tamimi,Lama Al-Tamimi,+966506759349,khalid.altamimi985@parent.com,"83 Al-Nuzha Street, Jeddah"
,Ibrahim Al-Sabah,إبراهيم الصباح,Male,2016-09-27,Saudi Arabia,National ID,1913824192,,,Muslim,Mecca,BRITISH,Grade 5,A,2024-25,986,Transfer,Seasonal Mode,Transfer,2023-09-01,Yes,Turki Al-Sabah,Manal Al-Sabah,+966560287744,ibrahim.alsabah986@parent.com,"261 Al-Nuzha Street, Jeddah"
,Mehek Malik,مهك مالك,Female,2015-05-26,Egypt,Passport,,,HH4289337,Muslim,London,BRITISH,Grade 6,A,2024-25,987,Regular (Continuing),Seasonal Mode,Regular,2022-09-01,Yes,Ismail Malik,Olivia Malik,+966532789926,mehek.malik987@parent.com,"49 Al-Nuzha Street, Jeddah"
,Mariam Al-Maliki,مريم المالكي,Female,2014-08-16,Saudi Arabia,National ID,1607466686,,,Non-Muslim,Abha,BRITISH,Grade 7,A,2024-25,988,Regular (Continuing),Online Mode,Regular,2025-09-01,Yes,Waleed Al-Maliki,Aljawhara Al-Maliki,+966589818009,mariam.almaliki988@parent.com,"2 Al-Nuzha Street, Jeddah"
,Zayn Ali,زين علي,Male,2013-01-19,Egypt,Iqama,,2679033517,,Muslim,Khartoum,BRITISH,Grade 8,A,2024-25,989,Regular (Continuing),Seasonal Mode,Regular,2022-09-01,Yes,Rohan Ali,Diya Ali,+966586412843,zayn.ali989@parent.com,"191 Al-Nuzha Street, Jeddah"
,Dalal Al-Fayez,دلال الفايز,Female,2012-01-13,Saudi Arabia,National ID,1748883669,,,Muslim,Mecca,BRITISH,Grade 9,A,2024-25,990,Regular (Continuing),Seasonal Mode,Regular,2022-09-01,Yes,Anas Al-Fayez,Layla Al-Fayez,+966522363280,dalal.alfayez990@parent.com,"42 Al-Nuzha Street, Jeddah"
,Nayla Singh,نايلة سينغ,Female,2011-07-07,Jordan,Iqama,,2172791159,,Muslim,Karachi,BRITISH,Grade 10,A,2024-25,991,Regular (Continuing),Seasonal Mode,Regular,2022-09-01,Yes,Ayaan Singh,Fatima Singh,+966575822018,nayla.singh991@parent.com,"272 Al-Nuzha Street, Jeddah"
,Talha Singh,طلحة سينغ,Male,2010-03-20,United States,Iqama,,2222561708,,Muslim,New York,BRITISH,Grade 11,A,2024-25,992,Regular (Continuing),Online Mode,Regular,2022-09-01,Yes,Kabir Singh,Priya Singh,+966566046279,talha.singh992@parent.com,"156 Al-Nuzha Street, Jeddah"
,Saif Al-Otaibi,سيف العتيبي,Male,2009-07-06,Saudi Arabia,National ID,1679493203,,,Non-Muslim,Buraidah,BRITISH,Grade 12,A,2024-25,993,New Student,Seasonal Mode,New,2022-09-01,Yes,Ibrahim Al-Otaibi,Aisha Al-Otaibi,+966501899687,saif.alotaibi993@parent.com,"107 Al-Nuzha Street, Jeddah"
,Shaden Al-Shehri,شادن الشهري,Female,2020-09-06,Saudi Arabia,National ID,1194506407,,,Muslim,Madinah,BRITISH,KG1,A,2024-25,994,New Student,Regular Mode,New,2022-09-01,Yes,Talal Al-Shehri,Reema Al-Shehri,+966504775347,shaden.alshehri994@parent.com,"172 Al-Nuzha Street, Jeddah"
,Adam Reddy,آدم ريدي,Male,2019-08-12,India,Iqama,,2323720804,,Muslim,London,BRITISH,KG2,A,2024-25,995,Regular (Continuing),Online Mode,Regular,2025-09-01,Yes,Ahmed Reddy,Hira Reddy,+966500633893,adam.reddy995@parent.com,"25 Al-Nuzha Street, Jeddah"
,Talha Ali,طلحة علي,Male,2020-08-13,Philippines,Passport,,,FD7668164,Muslim,Damascus,BRITISH,Grade 1,A,2024-25,996,New Student,Regular Mode,New,2024-09-01,Yes,Zain Ali,Mariam Ali,+966517771782,talha.ali996@parent.com,"169 Al-Nuzha Street, Jeddah"
,Aliya Mahmood,عالية محمود,Female,2019-02-26,Yemen,Iqama,,2823348426,,Muslim,Manila,BRITISH,Grade 2,A,2024-25,997,Transfer,Online Mode,Transfer,2023-09-01,Yes,Ahmed Mahmood,Mehek Mahmood,+966540928325,aliya.mahmood997@parent.com,"214 Al-Nuzha Street, Jeddah"
,Hira Mahmood,هيرا محمود,Female,2018-08-07,Sudan,Iqama,,2505410396,,Non-Muslim,Khartoum,BRITISH,Grade 3,A,2024-25,998,Regular (Continuing),Seasonal Mode,Regular,2022-09-01,Yes,Daniel Mahmood,Maya Mahmood,+966528754529,hira.mahmood998@parent.com,"236 Al-Nuzha Street, Jeddah"
,Zain Kumar,زين كومار,Male,2017-08-12,Jordan,Iqama,,2066306656,,Non-Muslim,London,BRITISH,Grade 4,A,2024-25,999,Transfer,Seasonal Mode,Transfer,2025-09-01,Yes,David Kumar,Emma Kumar,+966551595389,zain.kumar999@parent.com,"211 Al-Nuzha Street, Jeddah"
,Riya Ali,ريا علي,Female,2016-10-09,Indonesia,Iqama,,2091380311,,Muslim,Damascus,BRITISH,Grade 5,A,2024-25,1000,New Student,Online Mode,New,2025-09-01,Yes,Hassan Ali,Anvi Ali,+966584553950,riya.ali1000@parent.com,"287 Al-Nuzha Street, Jeddah"
,Shaden Al-Dosari,شادن الدوسري,Female,2019-01-14,Saudi Arabia,National ID,1949843301,,,Muslim,Abha,FRENCH,KG2,A,2024-25,001,Regular (Continuing),Seasonal Mode,Regular,2024-09-01,Yes,Turki Al-Dosari,Aljawhara Al-Dosari,+966592597052,shaden.aldosari1@parent.com,"72 Al-Nuzha Street, Jeddah"
,Faisal Al-Hussein,فيصل الحسين,Male,2020-10-11,Saudi Arabia,National ID,1904966334,,,Muslim,Tabuk,FRENCH,Grade 1,A,2024-25,002,Transfer,Online Mode,Transfer,2023-09-01,Yes,Fahad Al-Hussein,Wafa Al-Hussein,+966522936409,faisal.alhussein2@parent.com,"159 Al-Nuzha Street, Jeddah"
,Mustafa Kumar,مصطفى كومار,Male,2019-06-20,Syria,Iqama,,2622465755,,Non-Muslim,Damascus,FRENCH,Grade 2,A,2024-25,003,New Student,Seasonal Mode,New,2025-09-01,Yes,Zayn Kumar,Sophia Kumar,+966514513598,mustafa.kumar3@parent.com,"170 Al-Nuzha Street, Jeddah"
,Reem Al-Otaibi,ريم العتيبي,Female,2018-06-06,Saudi Arabia,National ID,1482242790,,,Muslim,Riyadh,FRENCH,Grade 3,A,2024-25,004,New Student,Seasonal Mode,New,2023-09-01,Yes,Mohammed Al-Otaibi,Fatima Al-Otaibi,+966561859174,reem.alotaibi4@parent.com,"56 Al-Nuzha Street, Jeddah"
,Ammar Al-Sulami,عمار السلمي,Male,2017-11-04,Saudi Arabia,National ID,1251266118,,,Muslim,Buraidah,FRENCH,Grade 4,A,2024-25,005,New Student,Online Mode,New,2023-09-01,Yes,Adel Al-Sulami,Raghad Al-Sulami,+966589917286,ammar.alsulami5@parent.com,"32 Al-Nuzha Street, Jeddah"
,Yazeed Al-Otaibi,يزيد العتيبي,Male,2016-04-21,Saudi Arabia,National ID,1562924791,,,Muslim,Dammam,FRENCH,Grade 5,A,2024-25,006,New Student,Seasonal Mode,New,2022-09-01,Yes,Salman Al-Otaibi,Norah Al-Otaibi,+966545336993,yazeed.alotaibi6@parent.com,"183 Al-Nuzha Street, Jeddah"
,Sara Al-Zahrani,سارة الزهراني,Female,2015-07-05,Saudi Arabia,National ID,1340640913,,,Muslim,Khobar,FRENCH,Grade 6,A,2024-25,007,Regular (Continuing),Regular Mode,Regular,2022-09-01,Yes,Hamad Al-Zahrani,Noura Al-Zahrani,+966561919910,sara.alzahrani7@parent.com,"283 Al-Nuzha Street, Jeddah"
,Ammar Al-Otaibi,عمار العتيبي,Male,2014-12-17,Saudi Arabia,National ID,1796428557,,,Muslim,Buraidah,FRENCH,Grade 7,A,2024-25,008,Regular (Continuing),Regular Mode,Regular,2025-09-01,Yes,Omar Al-Otaibi,Dana Al-Otaibi,+966504597009,ammar.alotaibi8@parent.com,"91 Al-Nuzha Street, Jeddah"
,Aryan Smith,آريان سميث,Male,2013-07-17,Bangladesh,Iqama,,2932006830,,Muslim,London,FRENCH,Grade 8,A,2024-25,009,Transfer,Online Mode,Transfer,2025-09-01,Yes,Talha Smith,Riya Smith,+966560298005,aryan.smith9@parent.com,"289 Al-Nuzha Street, Jeddah"
,Renad Al-Qahtani,رناد القحطاني,Female,2012-05-04,Saudi Arabia,National ID,1979927538,,,Muslim,Madinah,FRENCH,Grade 9,A,2024-25,010,New Student,Regular Mode,New,2024-09-01,Yes,Omar Al-Qahtani,Shaden Al-Qahtani,+966519025271,renad.alqahtani10@parent.com,"177 Al-Nuzha Street, Jeddah"
,Zayn Mahmood,زين محمود,Male,2011-05-11,United Kingdom,Iqama,,2069560274,,Muslim,Dhaka,FRENCH,Grade 10,A,2024-25,011,New Student,Seasonal Mode,New,2024-09-01,Yes,Talha Mahmood,Hira Mahmood,+966538053066,zayn.mahmood11@parent.com,"252 Al-Nuzha Street, Jeddah"
,Yousef Al-Tamimi,يوسف التميمي,Male,2010-12-15,Saudi Arabia,National ID,1635044245,,,Muslim,Mecca,FRENCH,Grade 11,A,2024-25,012,New Student,Online Mode,New,2022-09-01,Yes,Talal Al-Tamimi,Reema Al-Tamimi,+966540863864,yousef.altamimi12@parent.com,"155 Al-Nuzha Street, Jeddah"
,Faris Ibrahim,فارس إبراهيم,Male,2009-08-22,Egypt,Iqama,,2216637397,,Muslim,Manila,FRENCH,Grade 12,A,2024-25,013,Regular (Continuing),Seasonal Mode,Regular,2023-09-01,Yes,Adam Ibrahim,Mariam Ibrahim,+966545909617,faris.ibrahim13@parent.com,"280 Al-Nuzha Street, Jeddah"
,Anaya Garcia,أنايا جارسيا,Female,2020-04-20,United Kingdom,Iqama,,2904027226,,Non-Muslim,New York,FRENCH,KG1,A,2024-25,014,New Student,Online Mode,New,2022-09-01,Yes,John Garcia,Fatima Garcia,+966501649268,anaya.garcia14@parent.com,"158 Al-Nuzha Street, Jeddah"
,Khalid Al-Qahtani,خالد القحطاني,Male,2019-12-21,Saudi Arabia,National ID,1550821385,,,Non-Muslim,Jeddah,FRENCH,KG2,A,2024-25,015,Regular (Continuing),Seasonal Mode,Regular,2022-09-01,Yes,Sultan Al-Qahtani,Lama Al-Qahtani,+966561077590,khalid.alqahtani15@parent.com,"198 Al-Nuzha Street, Jeddah"
,Ayaan Hussain,أيان حسين,Male,2020-07-26,Jordan,Iqama,,2863810410,,Muslim,New York,FRENCH,Grade 1,A,2024-25,016,Regular (Continuing),Seasonal Mode,Regular,2025-09-01,Yes,Ahmed Hussain,Olivia Hussain,+966506825232,ayaan.hussain16@parent.com,"107 Al-Nuzha Street, Jeddah"
,Hanan Al-Hussein,حنان الحسين,Female,2019-02-02,Saudi Arabia,National ID,1037563261,,,Muslim,Buraidah,FRENCH,Grade 2,A,2024-25,017,Regular (Continuing),Seasonal Mode,Regular,2025-09-01,Yes,Hatim Al-Hussein,Hanan Al-Hussein,+966502283024,hanan.alhussein17@parent.com,"192 Al-Nuzha Street, Jeddah"
,Saanvi Chen,سانفي تشين,Female,2018-08-08,Jordan,Passport,,,JE4503077,Muslim,Manila,FRENCH,Grade 3,A,2024-25,018,Regular (Continuing),Seasonal Mode,Regular,2023-09-01,Yes,John Chen,Anaya Chen,+966514371390,saanvi.chen18@parent.com,"35 Al-Nuzha Street, Jeddah"
,Anika Garcia,أنيكة جارسيا,Female,2017-07-27,Philippines,Iqama,,2333067868,,Muslim,Sanaa,FRENCH,Grade 4,A,2024-25,019,New Student,Regular Mode,New,2024-09-01,Yes,Imran Garcia,Priya Garcia,+966500517407,anika.garcia19@parent.com,"71 Al-Nuzha Street, Jeddah"
,Dana Al-Saud,دانا آل سعود,Female,2016-07-23,Saudi Arabia,National ID,1788642336,,,Muslim,Buraidah,FRENCH,Grade 5,A,2024-25,020,Regular (Continuing),Seasonal Mode,Regular,2023-09-01,Yes,Saud Al-Saud,Ghada Al-Saud,+966536769797,dana.alsaud20@parent.com,"201 Al-Nuzha Street, Jeddah"
,Zayn Khan,زين خان,Male,2015-09-08,Yemen,Iqama,,2688777482,,Muslim,Damascus,FRENCH,Grade 6,A,2024-25,021,Regular (Continuing),Regular Mode,Regular,2022-09-01,Yes,James Khan,Mehek Khan,+966535677049,zayn.khan21@parent.com,"37 Al-Nuzha Street, Jeddah"
,Khalid Al-Rashid,خالد الراشد,Male,2014-08-19,Saudi Arabia,National ID,1055240258,,,Muslim,Riyadh,FRENCH,Grade 7,A,2024-25,022,Regular (Continuing),Regular Mode,Regular,2025-09-01,Yes,Omar Al-Rashid,Hessa Al-Rashid,+966541010997,khalid.alrashid22@parent.com,"272 Al-Nuzha Street, Jeddah"
,Lujain Al-Sulami,لجين السلمي,Female,2013-03-10,Saudi Arabia,National ID,1307679216,,,Muslim,Buraidah,FRENCH,Grade 8,A,2024-25,023,New Student,Regular Mode,New,2025-09-01,Yes,Hamad Al-Sulami,Sara Al-Sulami,+966570665331,lujain.alsulami23@parent.com,"99 Al-Nuzha Street, Jeddah"
,Ali Al-Zahrani,علي الزهراني,Male,2012-07-22,Saudi Arabia,National ID,1006187966,,,Muslim,Mecca,FRENCH,Grade 9,A,2024-25,024,Regular (Continuing),Online Mode,Regular,2023-09-01,Yes,Mohammed Al-Zahrani,Latifa Al-Zahrani,+966543020201,ali.alzahrani24@parent.com,"78 Al-Nuzha Street, Jeddah"
,Michael Ali,مايكل علي,Male,2011-09-19,Syria,Iqama,,2563671918,,Non-Muslim,Khartoum,FRENCH,Grade 10,A,2024-25,025,Transfer,Seasonal Mode,Transfer,2022-09-01,Yes,Kabir Ali,Mehek Ali,+966564779935,michael.ali25@parent.com,"92 Al-Nuzha Street, Jeddah"
,Sana Hassan,سناء حسن,Female,2010-09-09,Syria,Iqama,,2896492280,,Muslim,Karachi,FRENCH,Grade 11,A,2024-25,026,Regular (Continuing),Online Mode,Regular,2025-09-01,Yes,Ahmed Hassan,Diya Hassan,+966570737883,sana.hassan26@parent.com,"13 Al-Nuzha Street, Jeddah"
,Aljawhara Al-Dosari,الجوهرة الدوسري,Female,2009-01-02,Saudi Arabia,National ID,1901473433,,,Non-Muslim,Madinah,FRENCH,Grade 12,A,2024-25,027,Transfer,Online Mode,Transfer,2024-09-01,Yes,Sultan Al-Dosari,Ghada Al-Dosari,+966504219052,aljawhara.aldosari27@parent.com,"96 Al-Nuzha Street, Jeddah"
,Joud Al-Saud,جود آل سعود,Female,2020-02-28,Saudi Arabia,National ID,1664439260,,,Muslim,Riyadh,FRENCH,KG1,A,2024-25,028,Regular (Continuing),Regular Mode,Regular,2023-09-01,Yes,Bader Al-Saud,Dana Al-Saud,+966550451390,joud.alsaud28@parent.com,"291 Al-Nuzha Street, Jeddah"
,Reem Al-Mutairi,ريم المطيري,Female,2019-04-05,Saudi Arabia,National ID,1312221975,,,Non-Muslim,Khobar,FRENCH,KG2,A,2024-25,029,New Student,Regular Mode,New,2022-09-01,Yes,Raed Al-Mutairi,Aljawhara Al-Mutairi,+966523949756,reem.almutairi29@parent.com,"45 Al-Nuzha Street, Jeddah"
,Dalal Al-Sulami,دلال السلمي,Female,2020-06-16,Saudi Arabia,National ID,1439770315,,,Muslim,Jeddah,FRENCH,Grade 1,A,2024-25,030,Regular (Continuing),Seasonal Mode,Regular,2022-09-01,Yes,Majed Al-Sulami,Jana Al-Sulami,+966562312242,dalal.alsulami30@parent.com,"97 Al-Nuzha Street, Jeddah"
,Turki Al-Sabah,تركي الصباح,Male,2019-08-11,Saudi Arabia,National ID,1327322446,,,Muslim,Dammam,FRENCH,Grade 2,A,2024-25,031,Regular (Continuing),Seasonal Mode,Regular,2023-09-01,Yes,Omar Al-Sabah,Lama Al-Sabah,+966514036209,turki.alsabah31@parent.com,"285 Al-Nuzha Street, Jeddah"
,Emma Mahmood,إيما محمود,Female,2018-05-17,Yemen,Iqama,,2744765762,,Muslim,Mumbai,FRENCH,Grade 3,A,2024-25,032,New Student,Regular Mode,New,2025-09-01,Yes,Ismail Mahmood,Anvi Mahmood,+966554962289,emma.mahmood32@parent.com,"192 Al-Nuzha Street, Jeddah"
,Zoe Smith,زوي سميث,Female,2017-10-26,Indonesia,Iqama,,2177484493,,Muslim,Dhaka,FRENCH,Grade 4,A,2024-25,033,Transfer,Regular Mode,Transfer,2024-09-01,Yes,Hamza Smith,Khadija Smith,+966552679443,zoe.smith33@parent.com,"269 Al-Nuzha Street, Jeddah"
,Khalid Al-Tamimi,خالد التميمي,Male,2016-02-11,Saudi Arabia,National ID,1537396664,,,Muslim,Abha,FRENCH,Grade 5,A,2024-25,034,Regular (Continuing),Online Mode,Regular,2025-09-01,Yes,Abdullah Al-Tamimi,Jana Al-Tamimi,+966571658051,khalid.altamimi34@parent.com,"163 Al-Nuzha Street, Jeddah"
,Tala Al-Anazi,تالا العنزي,Female,2015-03-05,Saudi Arabia,National ID,1916912909,,,Muslim,Dammam,FRENCH,Grade 6,A,2024-25,035,Regular (Continuing),Regular Mode,Regular,2022-09-01,Yes,Salman Al-Anazi,Ghada Al-Anazi,+966550281026,tala.alanazi35@parent.com,"226 Al-Nuzha Street, Jeddah"
,Fahad Al-Maliki,فهد المالكي,Male,2014-07-12,Saudi Arabia,National ID,1246560594,,,Muslim,Dammam,FRENCH,Grade 7,A,2024-25,036,Transfer,Online Mode,Transfer,2023-09-01,Yes,Omar Al-Maliki,Amal Al-Maliki,+966545627097,fahad.almaliki36@parent.com,"4 Al-Nuzha Street, Jeddah"
,Junaid Singh,جنيد سينغ,Male,2013-01-10,Philippines,Passport,,,NC7342893,Non-Muslim,Dhaka,FRENCH,Grade 8,A,2024-25,037,New Student,Seasonal Mode,New,2024-09-01,Yes,Bilal Singh,Sadia Singh,+966560893206,junaid.singh37@parent.com,"198 Al-Nuzha Street, Jeddah"
,Reema Al-Maliki,ريما المالكي,Female,2012-07-05,Saudi Arabia,National ID,1118168912,,,Non-Muslim,Madinah,FRENCH,Grade 9,A,2024-25,038,Regular (Continuing),Online Mode,Regular,2025-09-01,Yes,Mohammed Al-Maliki,Salma Al-Maliki,+966565419496,reema.almaliki38@parent.com,"98 Al-Nuzha Street, Jeddah"
,Ibrahim Al-Ghamdi,إبراهيم الغامدي,Male,2011-01-11,Saudi Arabia,National ID,1093269977,,,Muslim,Buraidah,FRENCH,Grade 10,A,2024-25,039,Transfer,Online Mode,Transfer,2024-09-01,Yes,Talal Al-Ghamdi,Joud Al-Ghamdi,+966532249604,ibrahim.alghamdi39@parent.com,"128 Al-Nuzha Street, Jeddah"
,Layla Mansoor,ليلى منصور,Female,2010-03-28,United Kingdom,Passport,,,JL8214807,Muslim,Dhaka,FRENCH,Grade 11,A,2024-25,040,New Student,Regular Mode,New,2022-09-01,Yes,Ismail Mansoor,Khadija Mansoor,+966556964659,layla.mansoor40@parent.com,"142 Al-Nuzha Street, Jeddah"
,Adel Al-Sulami,عادل السلمي,Male,2009-04-22,Saudi Arabia,National ID,1293372489,,,Muslim,Tabuk,FRENCH,Grade 12,A,2024-25,041,Transfer,Seasonal Mode,Transfer,2022-09-01,Yes,Omar Al-Sulami,Dana Al-Sulami,+966579387257,adel.alsulami41@parent.com,"242 Al-Nuzha Street, Jeddah"
,Aryan Rahman,آريان رحمن,Male,2020-05-01,Jordan,Passport,,,DA5725039,Muslim,New York,FRENCH,KG1,A,2024-25,042,Regular (Continuing),Seasonal Mode,Regular,2023-09-01,Yes,Zayn Rahman,Olivia Rahman,+966512035512,aryan.rahman42@parent.com,"76 Al-Nuzha Street, Jeddah"
,Saif Al-Dosari,سيف الدوسري,Male,2019-06-18,Saudi Arabia,National ID,1825124299,,,Non-Muslim,Dammam,FRENCH,KG2,A,2024-25,043,New Student,Online Mode,New,2023-09-01,Yes,Raed Al-Dosari,Latifa Al-Dosari,+966576814011,saif.aldosari43@parent.com,"153 Al-Nuzha Street, Jeddah"
,Reem Al-Hussein,ريم الحسين,Female,2020-07-22,Saudi Arabia,National ID,1497290121,,,Muslim,Dammam,FRENCH,Grade 1,A,2024-25,044,Regular (Continuing),Regular Mode,Regular,2024-09-01,Yes,Saif Al-Hussein,Tala Al-Hussein,+966513428585,reem.alhussein44@parent.com,"200 Al-Nuzha Street, Jeddah"
,Ayaan Smith,أيان سميث,Male,2019-11-25,Egypt,Passport,,,KM2100906,Muslim,Amman,FRENCH,Grade 2,A,2024-25,045,New Student,Seasonal Mode,New,2022-09-01,Yes,Ismail Smith,Layla Smith,+966549980398,ayaan.smith45@parent.com,"192 Al-Nuzha Street, Jeddah"
,Reema Al-Sudais,ريما السديس,Female,2018-03-26,Saudi Arabia,National ID,1790947915,,,Muslim,Jeddah,FRENCH,Grade 3,A,2024-25,046,Transfer,Seasonal Mode,Transfer,2023-09-01,Yes,Nawaf Al-Sudais,Hanan Al-Sudais,+966576607556,reema.alsudais46@parent.com,"73 Al-Nuzha Street, Jeddah"
,Khalid Al-Yamani,خالد اليماني,Male,2017-06-27,Saudi Arabia,National ID,1472016684,,,Muslim,Madinah,FRENCH,Grade 4,A,2024-25,047,Transfer,Regular Mode,Transfer,2022-09-01,Yes,Ibrahim Al-Yamani,Lujain Al-Yamani,+966598326062,khalid.alyamani47@parent.com,"283 Al-Nuzha Street, Jeddah"
,Wafa Al-Zahrani,وفاء الزهراني,Female,2016-12-04,Saudi Arabia,National ID,1900864812,,,Muslim,Khobar,FRENCH,Grade 5,A,2024-25,048,Transfer,Regular Mode,Transfer,2025-09-01,Yes,Yousef Al-Zahrani,Salma Al-Zahrani,+966564936709,wafa.alzahrani48@parent.com,"227 Al-Nuzha Street, Jeddah"
,Hira Kumar,هيرا كومار,Female,2015-04-27,Philippines,Passport,,,FJ5949519,Muslim,Dhaka,FRENCH,Grade 6,A,2024-25,049,New Student,Regular Mode,New,2023-09-01,Yes,Kabir Kumar,Zoe Kumar,+966554697776,hira.kumar49@parent.com,"46 Al-Nuzha Street, Jeddah"
,Bandar Al-Dosari,بندر الدوسري,Male,2014-11-09,Saudi Arabia,National ID,1307067018,,,Muslim,Riyadh,FRENCH,Grade 7,A,2024-25,050,New Student,Online Mode,New,2025-09-01,Yes,Fahad Al-Dosari,Shaden Al-Dosari,+966520403106,bandar.aldosari50@parent.com,"75 Al-Nuzha Street, Jeddah"
,Layla Al-Sudais,ليلى السديس,Female,2013-06-03,Saudi Arabia,National ID,1383210306,,,Muslim,Dammam,FRENCH,Grade 8,A,2024-25,051,New Student,Regular Mode,New,2023-09-01,Yes,Waleed Al-Sudais,Dalal Al-Sudais,+966504194600,layla.alsudais51@parent.com,"268 Al-Nuzha Street, Jeddah"
,John Kim,جون كيم,Male,2012-03-24,United Kingdom,Iqama,,2055901772,,Muslim,Jakarta,FRENCH,Grade 9,A,2024-25,052,New Student,Regular Mode,New,2022-09-01,Yes,James Kim,Fatima Kim,+966580279899,john.kim52@parent.com,"31 Al-Nuzha Street, Jeddah"
,Adel Al-Otaibi,عادل العتيبي,Male,2011-02-10,Saudi Arabia,National ID,1381859079,,,Muslim,Riyadh,FRENCH,Grade 10,A,2024-25,053,Transfer,Seasonal Mode,Transfer,2024-09-01,Yes,Anas Al-Otaibi,Joud Al-Otaibi,+966599864997,adel.alotaibi53@parent.com,"133 Al-Nuzha Street, Jeddah"
,Fatima Al-Shehri,فاطمة الشهري,Female,2010-06-22,Saudi Arabia,National ID,1091238996,,,Non-Muslim,Buraidah,FRENCH,Grade 11,A,2024-25,054,Transfer,Online Mode,Transfer,2024-09-01,Yes,Abdullah Al-Shehri,Tala Al-Shehri,+966579334944,fatima.alshehri54@parent.com,"70 Al-Nuzha Street, Jeddah"
,James Patel,جيمس باتل,Male,2009-05-03,India,Passport,,,EA3460589,Muslim,London,FRENCH,Grade 12,A,2024-25,055,Transfer,Regular Mode,Transfer,2023-09-01,Yes,John Patel,Aisha Patel,+966517582508,james.patel55@parent.com,"147 Al-Nuzha Street, Jeddah"
,Yousef Al-Shehri,يوسف الشهري,Male,2020-01-02,Saudi Arabia,National ID,1441853357,,,Non-Muslim,Tabuk,FRENCH,KG1,A,2024-25,056,Regular (Continuing),Regular Mode,Regular,2024-09-01,Yes,Mohammed Al-Shehri,Noura Al-Shehri,+966502445643,yousef.alshehri56@parent.com,"111 Al-Nuzha Street, Jeddah"
,Diya Chen,ديا تشين,Female,2019-01-24,India,Iqama,,2534035828,,Muslim,Karachi,FRENCH,KG2,A,2024-25,057,New Student,Online Mode,New,2024-09-01,Yes,Ayaan Chen,Sophia Chen,+966501279870,diya.chen57@parent.com,"183 Al-Nuzha Street, Jeddah"
,Zainab Ibrahim,زينب إبراهيم,Female,2020-02-28,Philippines,Passport,,,EE9824583,Muslim,Mumbai,FRENCH,Grade 1,A,2024-25,058,Regular (Continuing),Regular Mode,Regular,2023-09-01,Yes,Bilal Ibrahim,Anaya Ibrahim,+966506712248,zainab.ibrahim58@parent.com,"65 Al-Nuzha Street, Jeddah"
,Tala Al-Harbi,تالا الحربي,Female,2019-05-07,Saudi Arabia,National ID,1728617714,,,Muslim,Madinah,FRENCH,Grade 2,A,2024-25,059,New Student,Seasonal Mode,New,2025-09-01,Yes,Waleed Al-Harbi,Hanan Al-Harbi,+966579143525,tala.alharbi59@parent.com,"297 Al-Nuzha Street, Jeddah"
,Mariam Al-Fayez,مريم الفايز,Female,2018-11-09,Saudi Arabia,National ID,1840151818,,,Muslim,Madinah,FRENCH,Grade 3,A,2024-25,060,Regular (Continuing),Seasonal Mode,Regular,2025-09-01,Yes,Nawaf Al-Fayez,Wafa Al-Fayez,+966560902369,mariam.alfayez60@parent.com,"271 Al-Nuzha Street, Jeddah"
,Olivia Rahman,أوليفيا رحمن,Female,2017-12-17,Jordan,Passport,,,KK4477632,Muslim,Karachi,FRENCH,Grade 4,A,2024-25,061,Regular (Continuing),Online Mode,Regular,2025-09-01,Yes,Ahmed Rahman,Nayla Rahman,+966550674420,olivia.rahman61@parent.com,"164 Al-Nuzha Street, Jeddah"
,Sadia Wang,صادية وانج,Female,2016-12-03,Sudan,Passport,,,CG8397845,Non-Muslim,Dhaka,FRENCH,Grade 5,A,2024-25,062,Regular (Continuing),Regular Mode,Regular,2025-09-01,Yes,Rohan Wang,Sophia Wang,+966568555643,sadia.wang62@parent.com,"297 Al-Nuzha Street, Jeddah"
,Hatim Al-Saud,حاتم آل سعود,Male,2015-01-18,Saudi Arabia,National ID,1175112325,,,Muslim,Mecca,FRENCH,Grade 6,A,2024-25,063,Transfer,Online Mode,Transfer,2023-09-01,Yes,Adel Al-Saud,Maha Al-Saud,+966544903317,hatim.alsaud63@parent.com,"36 Al-Nuzha Street, Jeddah"
,Ayaan Garcia,أيان جارسيا,Male,2014-02-13,Egypt,Passport,,,CC8443536,Muslim,Khartoum,FRENCH,Grade 7,A,2024-25,064,New Student,Seasonal Mode,New,2025-09-01,Yes,Adam Garcia,Fatima Garcia,+966539788809,ayaan.garcia64@parent.com,"64 Al-Nuzha Street, Jeddah"
,Wafa Al-Anazi,وفاء العنزي,Female,2013-03-16,Saudi Arabia,National ID,1105352645,,,Muslim,Dammam,FRENCH,Grade 8,A,2024-25,065,Transfer,Regular Mode,Transfer,2023-09-01,Yes,Ammar Al-Anazi,Ghada Al-Anazi,+966586711358,wafa.alanazi65@parent.com,"81 Al-Nuzha Street, Jeddah"
,Waleed Al-Shehri,وليد الشهري,Male,2012-04-10,Saudi Arabia,National ID,1170263419,,,Muslim,Mecca,FRENCH,Grade 9,A,2024-25,066,Regular (Continuing),Online Mode,Regular,2022-09-01,Yes,Fahad Al-Shehri,Wafa Al-Shehri,+966506085321,waleed.alshehri66@parent.com,"262 Al-Nuzha Street, Jeddah"
,Hira Siddiqui,هيرا صديقي,Female,2011-07-10,Jordan,Iqama,,2354466014,,Muslim,London,FRENCH,Grade 10,A,2024-25,067,Regular (Continuing),Online Mode,Regular,2023-09-01,Yes,Talha Siddiqui,Saanvi Siddiqui,+966511525720,hira.siddiqui67@parent.com,"25 Al-Nuzha Street, Jeddah"
,Hatim Al-Mutairi,حاتم المطيري,Male,2010-03-17,Saudi Arabia,National ID,1106215214,,,Non-Muslim,Jeddah,FRENCH,Grade 11,A,2024-25,068,Regular (Continuing),Regular Mode,Regular,2023-09-01,Yes,Salman Al-Mutairi,Salma Al-Mutairi,+966571709483,hatim.almutairi68@parent.com,"117 Al-Nuzha Street, Jeddah"
,Olivia Ibrahim,أوليفيا إبراهيم,Female,2009-02-22,Philippines,Passport,,,KH7890161,Non-Muslim,Amman,FRENCH,Grade 12,A,2024-25,069,New Student,Seasonal Mode,New,2024-09-01,Yes,Hassan Ibrahim,Mariam Ibrahim,+966513955152,olivia.ibrahim69@parent.com,"294 Al-Nuzha Street, Jeddah"
,Mustafa Shaikh,مصطفى شيخ,Male,2020-01-08,Pakistan,Passport,,,NG0031690,Non-Muslim,Jakarta,FRENCH,KG1,A,2024-25,070,Regular (Continuing),Seasonal Mode,Regular,2025-09-01,Yes,John Shaikh,Aliya Shaikh,+966588381925,mustafa.shaikh70@parent.com,"249 Al-Nuzha Street, Jeddah"
,Hamad Al-Sabah,حمد الصباح,Male,2019-05-16,Saudi Arabia,National ID,1667168709,,,Muslim,Buraidah,FRENCH,KG2,A,2024-25,071,New Student,Online Mode,New,2023-09-01,Yes,Bandar Al-Sabah,Salma Al-Sabah,+966586019023,hamad.alsabah71@parent.com,"73 Al-Nuzha Street, Jeddah"
,Daniel Ali,دانيال علي,Male,2020-03-15,Philippines,Passport,,,NH4275636,Muslim,Cairo,FRENCH,Grade 1,A,2024-25,072,Transfer,Regular Mode,Transfer,2025-09-01,Yes,Talha Ali,Maya Ali,+966571545474,daniel.ali72@parent.com,"10 Al-Nuzha Street, Jeddah"
,Yousef Al-Fayez,يوسف الفايز,Male,2019-02-08,Saudi Arabia,National ID,1248859575,,,Non-Muslim,Dammam,FRENCH,Grade 2,A,2024-25,073,Regular (Continuing),Online Mode,Regular,2022-09-01,Yes,Salman Al-Fayez,Raghad Al-Fayez,+966517013201,yousef.alfayez73@parent.com,"299 Al-Nuzha Street, Jeddah"
,Layla Ahmed,ليلى أحمد,Female,2018-08-10,India,Iqama,,2186800627,,Muslim,Damascus,FRENCH,Grade 3,A,2024-25,074,Regular (Continuing),Seasonal Mode,Regular,2024-09-01,Yes,Zayn Ahmed,Aisha Ahmed,+966505173780,layla.ahmed74@parent.com,"180 Al-Nuzha Street, Jeddah"
,Sultan Al-Maliki,سلطان المالكي,Male,2017-07-28,Saudi Arabia,National ID,1843492575,,,Muslim,Dammam,FRENCH,Grade 4,A,2024-25,075,New Student,Seasonal Mode,New,2022-09-01,Yes,Salman Al-Maliki,Reem Al-Maliki,+966512512607,sultan.almaliki75@parent.com,"139 Al-Nuzha Street, Jeddah"
,Shaden Al-Maliki,شادن المالكي,Female,2016-12-11,Saudi Arabia,National ID,1825718471,,,Muslim,Jeddah,FRENCH,Grade 5,A,2024-25,076,Regular (Continuing),Online Mode,Regular,2023-09-01,Yes,Talal Al-Maliki,Ghada Al-Maliki,+966543521640,shaden.almaliki76@parent.com,"171 Al-Nuzha Street, Jeddah"
,Tariq Malik,طارق مالك,Male,2015-06-04,Philippines,Iqama,,2992363275,,Muslim,New York,FRENCH,Grade 6,A,2024-25,077,Regular (Continuing),Regular Mode,Regular,2025-09-01,Yes,Zain Malik,Priya Malik,+966537727001,tariq.malik77@parent.com,"54 Al-Nuzha Street, Jeddah"
,Naif Al-Fayez,نايف الفايز,Male,2014-09-13,Saudi Arabia,National ID,1033856023,,,Muslim,Buraidah,FRENCH,Grade 7,A,2024-25,078,Regular (Continuing),Seasonal Mode,Regular,2025-09-01,Yes,Ammar Al-Fayez,Sara Al-Fayez,+966580911733,naif.alfayez78@parent.com,"217 Al-Nuzha Street, Jeddah"
,Reem Al-Qahtani,ريم القحطاني,Female,2013-05-18,Saudi Arabia,National ID,1981788632,,,Non-Muslim,Riyadh,FRENCH,Grade 8,A,2024-25,079,Regular (Continuing),Regular Mode,Regular,2025-09-01,Yes,Faisal Al-Qahtani,Reema Al-Qahtani,+966572875620,reem.alqahtani79@parent.com,"265 Al-Nuzha Street, Jeddah"
,Junaid Ibrahim,جنيد إبراهيم,Male,2012-05-10,Philippines,Iqama,,2846269979,,Muslim,Amman,FRENCH,Grade 9,A,2024-25,080,New Student,Seasonal Mode,New,2025-09-01,Yes,John Ibrahim,Riya Ibrahim,+966539288292,junaid.ibrahim80@parent.com,"278 Al-Nuzha Street, Jeddah"
,Ayaan Malik,أيان مالك,Male,2011-08-22,Indonesia,Iqama,,2643563874,,Muslim,Mumbai,FRENCH,Grade 10,A,2024-25,081,New Student,Seasonal Mode,New,2024-09-01,Yes,Vihaan Malik,Mariam Malik,+966537674819,ayaan.malik81@parent.com,"208 Al-Nuzha Street, Jeddah"
,Talal Al-Saud,طلال آل سعود,Male,2010-08-12,Saudi Arabia,National ID,1223878129,,,Muslim,Tabuk,FRENCH,Grade 11,A,2024-25,082,Transfer,Regular Mode,Transfer,2025-09-01,Yes,Talal Al-Saud,Shaden Al-Saud,+966565539517,talal.alsaud82@parent.com,"114 Al-Nuzha Street, Jeddah"
,Nawaf Al-Qahtani,نواف القحطاني,Male,2009-04-27,Saudi Arabia,National ID,1569586630,,,Muslim,Khobar,FRENCH,Grade 12,A,2024-25,083,Regular (Continuing),Seasonal Mode,Regular,2023-09-01,Yes,Ibrahim Al-Qahtani,Reem Al-Qahtani,+966554644891,nawaf.alqahtani83@parent.com,"14 Al-Nuzha Street, Jeddah"
,Omar Al-Qahtani,عمر القحطاني,Male,2020-02-17,Saudi Arabia,National ID,1651787951,,,Non-Muslim,Buraidah,FRENCH,KG1,A,2024-25,084,Regular (Continuing),Seasonal Mode,Regular,2024-09-01,Yes,Adel Al-Qahtani,Latifa Al-Qahtani,+966530720373,omar.alqahtani84@parent.com,"184 Al-Nuzha Street, Jeddah"
,Zoe Patel,زوي باتل,Female,2019-05-10,Bangladesh,Passport,,,KM2960013,Muslim,Amman,FRENCH,KG2,A,2024-25,085,Regular (Continuing),Regular Mode,Regular,2022-09-01,Yes,Ahmed Patel,Fatima Patel,+966548264712,zoe.patel85@parent.com,"196 Al-Nuzha Street, Jeddah"
,Olivia Saleh,أوليفيا صالح,Female,2020-12-03,Jordan,Iqama,,2347580956,,Non-Muslim,London,FRENCH,Grade 1,A,2024-25,086,Regular (Continuing),Regular Mode,Regular,2022-09-01,Yes,Faris Saleh,Layla Saleh,+966513130172,olivia.saleh86@parent.com,"20 Al-Nuzha Street, Jeddah"
,Saud Al-Otaibi,سعود العتيبي,Male,2019-07-06,Saudi Arabia,National ID,1576352921,,,Muslim,Tabuk,FRENCH,Grade 2,A,2024-25,087,Transfer,Regular Mode,Transfer,2024-09-01,Yes,Khalid Al-Otaibi,Sara Al-Otaibi,+966563807899,saud.alotaibi87@parent.com,"56 Al-Nuzha Street, Jeddah"
,Sana Mahmood,سناء محمود,Female,2018-01-07,United States,Iqama,,2045488391,,Muslim,Damascus,FRENCH,Grade 3,A,2024-25,088,Regular (Continuing),Online Mode,Regular,2022-09-01,Yes,Hamza Mahmood,Diya Mahmood,+966549260347,sana.mahmood88@parent.com,"166 Al-Nuzha Street, Jeddah"
,Mustafa Hussain,مصطفى حسين,Male,2017-02-13,Yemen,Iqama,,2405993783,,Non-Muslim,Damascus,FRENCH,Grade 4,A,2024-25,089,Regular (Continuing),Online Mode,Regular,2025-09-01,Yes,Ismail Hussain,Nour Hussain,+966582005616,mustafa.hussain89@parent.com,"179 Al-Nuzha Street, Jeddah"
,Sadia Wang,صادية وانج,Female,2016-05-13,Philippines,Iqama,,2541430317,,Muslim,Dhaka,FRENCH,Grade 5,A,2024-25,090,Transfer,Regular Mode,Transfer,2022-09-01,Yes,Vihaan Wang,Khadija Wang,+966527520998,sadia.wang90@parent.com,"124 Al-Nuzha Street, Jeddah"
,Aisha Khan,عائشة خان,Female,2015-01-19,Philippines,Iqama,,2395116968,,Non-Muslim,Amman,FRENCH,Grade 6,A,2024-25,091,Regular (Continuing),Regular Mode,Regular,2024-09-01,Yes,Ayaan Khan,Layla Khan,+966572469826,aisha.khan91@parent.com,"16 Al-Nuzha Street, Jeddah"
,Fatima Reddy,فاطمة ريدي,Female,2014-10-26,Bangladesh,Passport,,,LF2687000,Muslim,Cairo,FRENCH,Grade 7,A,2024-25,092,Transfer,Seasonal Mode,Transfer,2022-09-01,Yes,Kabir Reddy,Sana Reddy,+966574831858,fatima.reddy92@parent.com,"35 Al-Nuzha Street, Jeddah"
,Layla Hussain,ليلى حسين,Female,2013-09-25,Egypt,Iqama,,2402210644,,Non-Muslim,Dhaka,FRENCH,Grade 8,A,2024-25,093,New Student,Seasonal Mode,New,2022-09-01,Yes,Mustafa Hussain,Zainab Hussain,+966557817011,layla.hussain93@parent.com,"153 Al-Nuzha Street, Jeddah"
,Fahad Al-Sudais,فهد السديس,Male,2012-12-03,Saudi Arabia,National ID,1334698892,,,Muslim,Buraidah,FRENCH,Grade 9,A,2024-25,094,Transfer,Online Mode,Transfer,2025-09-01,Yes,Waleed Al-Sudais,Amal Al-Sudais,+966551434578,fahad.alsudais94@parent.com,"54 Al-Nuzha Street, Jeddah"
,Kabir Singh,كبير سينغ,Male,2011-04-03,Bangladesh,Iqama,,2975061144,,Muslim,Khartoum,FRENCH,Grade 10,A,2024-25,095,Regular (Continuing),Online Mode,Regular,2025-09-01,Yes,Zayn Singh,Diya Singh,+966592332611,kabir.singh95@parent.com,"260 Al-Nuzha Street, Jeddah"
,Hanan Al-Hashemi,حنان الهاشمي,Female,2010-10-25,Saudi Arabia,National ID,1148400956,,,Muslim,Mecca,FRENCH,Grade 11,A,2024-25,096,Regular (Continuing),Regular Mode,Regular,2024-09-01,Yes,Abdullah Al-Hashemi,Lujain Al-Hashemi,+966501666470,hanan.alhashemi96@parent.com,"261 Al-Nuzha Street, Jeddah"
,Adel Al-Mutairi,عادل المطيري,Male,2009-09-02,Saudi Arabia,National ID,1137411381,,,Muslim,Dammam,FRENCH,Grade 12,A,2024-25,097,Regular (Continuing),Regular Mode,Regular,2022-09-01,Yes,Yousef Al-Mutairi,Maha Al-Mutairi,+966560593250,adel.almutairi97@parent.com,"105 Al-Nuzha Street, Jeddah"
,Yazeed Al-Anazi,يزيد العنزي,Male,2020-04-04,Saudi Arabia,National ID,1803971416,,,Muslim,Buraidah,FRENCH,KG1,A,2024-25,098,Regular (Continuing),Regular Mode,Regular,2024-09-01,Yes,Naif Al-Anazi,Lujain Al-Anazi,+966570974889,yazeed.alanazi98@parent.com,"294 Al-Nuzha Street, Jeddah"
,Junaid Siddiqui,جنيد صديقي,Male,2019-12-23,United States,Passport,,,CN4149986,Muslim,Jakarta,FRENCH,KG2,A,2024-25,099,Regular (Continuing),Seasonal Mode,Regular,2024-09-01,Yes,Kabir Siddiqui,Riya Siddiqui,+966552565018,junaid.siddiqui99@parent.com,"2 Al-Nuzha Street, Jeddah"
,Raed Al-Hussein,رائد الحسين,Male,2020-09-04,Saudi Arabia,National ID,1992304925,,,Muslim,Khobar,FRENCH,Grade 1,A,2024-25,100,Regular (Continuing),Regular Mode,Regular,2022-09-01,Yes,Bader Al-Hussein,Wafa Al-Hussein,+966501868573,raed.alhussein100@parent.com,"269 Al-Nuzha Street, Jeddah"
,Anvi Siddiqui,أنفي صديقي,Female,2019-07-13,Egypt,Iqama,,2514728023,,Muslim,Amman,FRENCH,Grade 2,A,2024-25,101,Regular (Continuing),Seasonal Mode,Regular,2024-09-01,Yes,James Siddiqui,Emma Siddiqui,+966502746261,anvi.siddiqui101@parent.com,"71 Al-Nuzha Street, Jeddah"
,Raed Al-Otaibi,رائد العتيبي,Male,2018-05-14,Saudi Arabia,National ID,1586807932,,,Muslim,Mecca,FRENCH,Grade 3,A,2024-25,102,Regular (Continuing),Online Mode,Regular,2025-09-01,Yes,Khalid Al-Otaibi,Noura Al-Otaibi,+966580235436,raed.alotaibi102@parent.com,"169 Al-Nuzha Street, Jeddah"
,Sultan Al-Yamani,سلطان اليماني,Male,2017-04-20,Saudi Arabia,National ID,1501470095,,,Muslim,Khobar,FRENCH,Grade 4,A,2024-25,103,Regular (Continuing),Online Mode,Regular,2022-09-01,Yes,Mohammed Al-Yamani,Ghada Al-Yamani,+966509341960,sultan.alyamani103@parent.com,"222 Al-Nuzha Street, Jeddah"
,Daniel Ibrahim,دانيال إبراهيم,Male,2016-06-10,Syria,Iqama,,2842772778,,Muslim,Jakarta,FRENCH,Grade 5,A,2024-25,104,Transfer,Seasonal Mode,Transfer,2025-09-01,Yes,Michael Ibrahim,Riya Ibrahim,+966538713074,daniel.ibrahim104@parent.com,"132 Al-Nuzha Street, Jeddah"
,Sofia Shaikh,صوفيا شيخ,Female,2015-11-24,Syria,Iqama,,2178739067,,Non-Muslim,Cairo,FRENCH,Grade 6,A,2024-25,105,Regular (Continuing),Regular Mode,Regular,2025-09-01,Yes,Zain Shaikh,Zoe Shaikh,+966583296103,sofia.shaikh105@parent.com,"102 Al-Nuzha Street, Jeddah"
,Jana Al-Otaibi,جنى العتيبي,Female,2014-02-18,Saudi Arabia,National ID,1707543032,,,Muslim,Dammam,FRENCH,Grade 7,A,2024-25,106,New Student,Seasonal Mode,New,2023-09-01,Yes,Saud Al-Otaibi,Fatima Al-Otaibi,+966505283772,jana.alotaibi106@parent.com,"284 Al-Nuzha Street, Jeddah"
,Omar Al-Zahrani,عمر الزهراني,Male,2013-05-03,Saudi Arabia,National ID,1131348948,,,Muslim,Abha,FRENCH,Grade 8,A,2024-25,107,Transfer,Online Mode,Transfer,2023-09-01,Yes,Turki Al-Zahrani,Noura Al-Zahrani,+966596134570,omar.alzahrani107@parent.com,"117 Al-Nuzha Street, Jeddah"
,Anvi Reddy,أنفي ريدي,Female,2012-05-20,Bangladesh,Iqama,,2200186028,,Muslim,Cairo,FRENCH,Grade 9,A,2024-25,108,Regular (Continuing),Online Mode,Regular,2025-09-01,Yes,David Reddy,Zoe Reddy,+966529289248,anvi.reddy108@parent.com,"96 Al-Nuzha Street, Jeddah"
,Diya Saleh,ديا صالح,Female,2011-03-18,United States,Iqama,,2185935033,,Muslim,Jakarta,FRENCH,Grade 10,A,2024-25,109,New Student,Online Mode,New,2023-09-01,Yes,Zain Saleh,Nour Saleh,+966531127876,diya.saleh109@parent.com,"95 Al-Nuzha Street, Jeddah"
,Ghada Al-Otaibi,غادة العتيبي,Female,2010-04-26,Saudi Arabia,National ID,1662731345,,,Muslim,Dammam,FRENCH,Grade 11,A,2024-25,110,Regular (Continuing),Regular Mode,Regular,2023-09-01,Yes,Turki Al-Otaibi,Wafa Al-Otaibi,+966578805787,ghada.alotaibi110@parent.com,"133 Al-Nuzha Street, Jeddah"
,Nawaf Al-Shehri,نواف الشهري,Male,2009-07-21,Saudi Arabia,National ID,1902376707,,,Muslim,Abha,FRENCH,Grade 12,A,2024-25,111,Regular (Continuing),Seasonal Mode,Regular,2025-09-01,Yes,Saif Al-Shehri,Wafa Al-Shehri,+966581002727,nawaf.alshehri111@parent.com,"126 Al-Nuzha Street, Jeddah"
,Aliya Ahmed,عالية أحمد,Female,2020-12-24,Jordan,Iqama,,2050550194,,Non-Muslim,Dhaka,FRENCH,KG1,A,2024-25,112,Transfer,Online Mode,Transfer,2022-09-01,Yes,Adam Ahmed,Anvi Ahmed,+966572871929,aliya.ahmed112@parent.com,"282 Al-Nuzha Street, Jeddah"
,Anas Al-Rashid,أنس الراشد,Male,2019-04-25,Saudi Arabia,National ID,1310592001,,,Muslim,Dammam,FRENCH,KG2,A,2024-25,113,Regular (Continuing),Seasonal Mode,Regular,2025-09-01,Yes,Fahad Al-Rashid,Asma Al-Rashid,+966525111867,anas.alrashid113@parent.com,"121 Al-Nuzha Street, Jeddah"
,Hamza Singh,حمزة سينغ,Male,2020-10-03,United Kingdom,Iqama,,2767053608,,Muslim,Jakarta,FRENCH,Grade 1,A,2024-25,114,New Student,Regular Mode,New,2025-09-01,Yes,Yusuf Singh,Fatima Singh,+966558674905,hamza.singh114@parent.com,"222 Al-Nuzha Street, Jeddah"
,Anika Garcia,أنيكة جارسيا,Female,2019-08-22,Indonesia,Iqama,,2313769721,,Muslim,New York,FRENCH,Grade 2,A,2024-25,115,New Student,Seasonal Mode,New,2024-09-01,Yes,Ayaan Garcia,Aliya Garcia,+966521119712,anika.garcia115@parent.com,"260 Al-Nuzha Street, Jeddah"
,Tala Al-Hussein,تالا الحسين,Female,2018-02-23,Saudi Arabia,National ID,1347330964,,,Muslim,Mecca,FRENCH,Grade 3,A,2024-25,116,New Student,Online Mode,New,2023-09-01,Yes,Abdullah Al-Hussein,Wafa Al-Hussein,+966550789470,tala.alhussein116@parent.com,"175 Al-Nuzha Street, Jeddah"
,Aisha Al-Tamimi,عائشة التميمي,Female,2017-01-05,Saudi Arabia,National ID,1594996308,,,Muslim,Dammam,FRENCH,Grade 4,A,2024-25,117,Transfer,Online Mode,Transfer,2023-09-01,Yes,Bader Al-Tamimi,Sara Al-Tamimi,+966508623666,aisha.altamimi117@parent.com,"156 Al-Nuzha Street, Jeddah"
,Yousef Al-Rashid,يوسف الراشد,Male,2016-10-04,Saudi Arabia,National ID,1817637818,,,Muslim,Madinah,FRENCH,Grade 5,A,2024-25,118,Transfer,Regular Mode,Transfer,2024-09-01,Yes,Mohammed Al-Rashid,Dalal Al-Rashid,+966576377048,yousef.alrashid118@parent.com,"25 Al-Nuzha Street, Jeddah"
,Hamad Al-Ghamdi,حمد الغامدي,Male,2015-04-16,Saudi Arabia,National ID,1142237423,,,Muslim,Tabuk,FRENCH,Grade 6,A,2024-25,119,New Student,Online Mode,New,2025-09-01,Yes,Bader Al-Ghamdi,Ghada Al-Ghamdi,+966510707519,hamad.alghamdi119@parent.com,"267 Al-Nuzha Street, Jeddah"
,Anas Al-Otaibi,أنس العتيبي,Male,2014-03-08,Saudi Arabia,National ID,1792876046,,,Muslim,Jeddah,FRENCH,Grade 7,A,2024-25,120,Regular (Continuing),Online Mode,Regular,2025-09-01,Yes,Nawaf Al-Otaibi,Tala Al-Otaibi,+966540002382,anas.alotaibi120@parent.com,"111 Al-Nuzha Street, Jeddah"
,Adam Mahmood,آدم محمود,Male,2013-02-07,Syria,Passport,,,HG1742951,Muslim,Jakarta,FRENCH,Grade 8,A,2024-25,121,Transfer,Online Mode,Transfer,2025-09-01,Yes,Tariq Mahmood,Sofia Mahmood,+966531659997,adam.mahmood121@parent.com,"132 Al-Nuzha Street, Jeddah"
,Aryan Rahman,آريان رحمن,Male,2012-08-27,United Kingdom,Iqama,,2167159310,,Muslim,Khartoum,FRENCH,Grade 9,A,2024-25,122,Regular (Continuing),Online Mode,Regular,2022-09-01,Yes,Zain Rahman,Emma Rahman,+966536662649,aryan.rahman122@parent.com,"117 Al-Nuzha Street, Jeddah"
,Hamza Kumar,حمزة كومار,Male,2011-05-24,Yemen,Passport,,,JH0177119,Muslim,London,FRENCH,Grade 10,A,2024-25,123,Regular (Continuing),Seasonal Mode,Regular,2025-09-01,Yes,Michael Kumar,Mariam Kumar,+966596145624,hamza.kumar123@parent.com,"296 Al-Nuzha Street, Jeddah"
,Bader Al-Hussein,بدر الحسين,Male,2010-07-03,Saudi Arabia,National ID,1114395784,,,Muslim,Khobar,FRENCH,Grade 11,A,2024-25,124,Transfer,Regular Mode,Transfer,2025-09-01,Yes,Abdullah Al-Hussein,Reem Al-Hussein,+966586254886,bader.alhussein124@parent.com,"116 Al-Nuzha Street, Jeddah"
,Ghada Al-Dosari,غادة الدوسري,Female,2009-07-08,Saudi Arabia,National ID,1333820851,,,Muslim,Tabuk,FRENCH,Grade 12,A,2024-25,125,Regular (Continuing),Online Mode,Regular,2024-09-01,Yes,Bader Al-Dosari,Joud Al-Dosari,+966586279511,ghada.aldosari125@parent.com,"179 Al-Nuzha Street, Jeddah"
,Maya Siddiqui,مايا صديقي,Female,2020-03-13,Sudan,Iqama,,2902653903,,Muslim,Cairo,FRENCH,KG1,A,2024-25,126,Regular (Continuing),Seasonal Mode,Regular,2024-09-01,Yes,Rohan Siddiqui,Sofia Siddiqui,+966576291573,maya.siddiqui126@parent.com,"148 Al-Nuzha Street, Jeddah"
,Hatim Al-Zahrani,حاتم الزهراني,Male,2019-08-23,Saudi Arabia,National ID,1006537108,,,Muslim,Mecca,FRENCH,KG2,A,2024-25,127,Regular (Continuing),Regular Mode,Regular,2024-09-01,Yes,Khalid Al-Zahrani,Joud Al-Zahrani,+966513740667,hatim.alzahrani127@parent.com,"212 Al-Nuzha Street, Jeddah"
,Bader Al-Qahtani,بدر القحطاني,Male,2020-05-12,Saudi Arabia,National ID,1522521817,,,Muslim,Abha,FRENCH,Grade 1,A,2024-25,128,Regular (Continuing),Online Mode,Regular,2023-09-01,Yes,Ali Al-Qahtani,Sara Al-Qahtani,+966502558839,bader.alqahtani128@parent.com,"111 Al-Nuzha Street, Jeddah"
,Aljawhara Al-Maliki,الجوهرة المالكي,Female,2019-11-07,Saudi Arabia,National ID,1120209319,,,Muslim,Dammam,FRENCH,Grade 2,A,2024-25,129,Regular (Continuing),Regular Mode,Regular,2024-09-01,Yes,Abdullah Al-Maliki,Asma Al-Maliki,+966510795936,aljawhara.almaliki129@parent.com,"161 Al-Nuzha Street, Jeddah"
,Adam Mansoor,آدم منصور,Male,2018-11-28,Pakistan,Iqama,,2898172952,,Non-Muslim,Cairo,FRENCH,Grade 3,A,2024-25,130,Transfer,Regular Mode,Transfer,2024-09-01,Yes,Junaid Mansoor,Khadija Mansoor,+966571653915,adam.mansoor130@parent.com,"144 Al-Nuzha Street, Jeddah"
,Mustafa Kim,مصطفى كيم,Male,2017-12-04,Bangladesh,Iqama,,2791875426,,Muslim,Manila,FRENCH,Grade 4,A,2024-25,131,Regular (Continuing),Regular Mode,Regular,2022-09-01,Yes,Talha Kim,Emma Kim,+966581880352,mustafa.kim131@parent.com,"122 Al-Nuzha Street, Jeddah"
,Sana Sheikh,سناء شيخ,Female,2016-12-05,Philippines,Iqama,,2061270709,,Muslim,Damascus,FRENCH,Grade 5,A,2024-25,132,Regular (Continuing),Regular Mode,Regular,2022-09-01,Yes,Hassan Sheikh,Zainab Sheikh,+966566427445,sana.sheikh132@parent.com,"78 Al-Nuzha Street, Jeddah"
,Adel Al-Hashemi,عادل الهاشمي,Male,2015-02-14,Saudi Arabia,National ID,1498363154,,,Muslim,Jeddah,FRENCH,Grade 6,A,2024-25,133,Transfer,Online Mode,Transfer,2023-09-01,Yes,Majed Al-Hashemi,Norah Al-Hashemi,+966557166426,adel.alhashemi133@parent.com,"42 Al-Nuzha Street, Jeddah"
,Fatima Al-Harbi,فاطمة الحربي,Female,2014-08-26,Saudi Arabia,National ID,1024337942,,,Muslim,Khobar,FRENCH,Grade 7,A,2024-25,134,Regular (Continuing),Online Mode,Regular,2025-09-01,Yes,Fahad Al-Harbi,Renad Al-Harbi,+966507994363,fatima.alharbi134@parent.com,"110 Al-Nuzha Street, Jeddah"
,Yusuf Khan,يوسف خان,Male,2013-04-07,Yemen,Passport,,,LG2062314,Muslim,Mumbai,FRENCH,Grade 8,A,2024-25,135,New Student,Seasonal Mode,New,2023-09-01,Yes,Imran Khan,Zainab Khan,+966563035386,yusuf.khan135@parent.com,"174 Al-Nuzha Street, Jeddah"
,Faisal Al-Zahrani,فيصل الزهراني,Male,2012-05-04,Saudi Arabia,National ID,1467851276,,,Non-Muslim,Madinah,FRENCH,Grade 9,A,2024-25,136,New Student,Seasonal Mode,New,2023-09-01,Yes,Ali Al-Zahrani,Salma Al-Zahrani,+966519695253,faisal.alzahrani136@parent.com,"225 Al-Nuzha Street, Jeddah"
,John Ibrahim,جون إبراهيم,Male,2011-09-11,Indonesia,Iqama,,2611794827,,Muslim,Jakarta,FRENCH,Grade 10,A,2024-25,137,Regular (Continuing),Regular Mode,Regular,2023-09-01,Yes,Vihaan Ibrahim,Diya Ibrahim,+966526463937,john.ibrahim137@parent.com,"208 Al-Nuzha Street, Jeddah"
,Bilal Ahmed,بلال أحمد,Male,2010-04-13,Pakistan,Iqama,,2507354515,,Muslim,New York,FRENCH,Grade 11,A,2024-25,138,New Student,Online Mode,New,2024-09-01,Yes,Kabir Ahmed,Hira Ahmed,+966593624663,bilal.ahmed138@parent.com,"277 Al-Nuzha Street, Jeddah"
,Bandar Al-Ghamdi,بندر الغامدي,Male,2009-04-03,Saudi Arabia,National ID,1064782011,,,Muslim,Jeddah,FRENCH,Grade 12,A,2024-25,139,Regular (Continuing),Online Mode,Regular,2022-09-01,Yes,Sultan Al-Ghamdi,Wafa Al-Ghamdi,+966515743378,bandar.alghamdi139@parent.com,"43 Al-Nuzha Street, Jeddah"
,Turki Al-Hussein,تركي الحسين,Male,2020-04-07,Saudi Arabia,National ID,1380793094,,,Muslim,Mecca,FRENCH,KG1,A,2024-25,140,Transfer,Seasonal Mode,Transfer,2024-09-01,Yes,Yousef Al-Hussein,Renad Al-Hussein,+966556050093,turki.alhussein140@parent.com,"147 Al-Nuzha Street, Jeddah"
,Aisha Wang,عائشة وانج,Female,2019-01-22,India,Iqama,,2913395510,,Muslim,Manila,FRENCH,KG2,A,2024-25,141,New Student,Seasonal Mode,New,2024-09-01,Yes,Imran Wang,Sana Wang,+966588792060,aisha.wang141@parent.com,"281 Al-Nuzha Street, Jeddah"
,Tala Al-Sabah,تالا الصباح,Female,2020-12-02,Saudi Arabia,National ID,1224465506,,,Non-Muslim,Riyadh,FRENCH,Grade 1,A,2024-25,142,New Student,Regular Mode,New,2025-09-01,Yes,Yousef Al-Sabah,Lujain Al-Sabah,+966503639013,tala.alsabah142@parent.com,"177 Al-Nuzha Street, Jeddah"
,Dana Al-Otaibi,دانا العتيبي,Female,2019-01-12,Saudi Arabia,National ID,1031162653,,,Muslim,Dammam,FRENCH,Grade 2,A,2024-25,143,Regular (Continuing),Online Mode,Regular,2023-09-01,Yes,Ziyad Al-Otaibi,Norah Al-Otaibi,+966543143519,dana.alotaibi143@parent.com,"86 Al-Nuzha Street, Jeddah"
,Adel Al-Fayez,عادل الفايز,Male,2018-02-17,Saudi Arabia,National ID,1821416055,,,Muslim,Dammam,FRENCH,Grade 3,A,2024-25,144,Transfer,Seasonal Mode,Transfer,2022-09-01,Yes,Mohammed Al-Fayez,Maha Al-Fayez,+966599375771,adel.alfayez144@parent.com,"296 Al-Nuzha Street, Jeddah"
,Mohammed Al-Hussein,محمد الحسين,Male,2017-11-23,Saudi Arabia,National ID,1359787842,,,Muslim,Tabuk,FRENCH,Grade 4,A,2024-25,145,Regular (Continuing),Regular Mode,Regular,2025-09-01,Yes,Saif Al-Hussein,Norah Al-Hussein,+966534888187,mohammed.alhussein145@parent.com,"244 Al-Nuzha Street, Jeddah"
,Sultan Al-Hashemi,سلطان الهاشمي,Male,2016-04-28,Saudi Arabia,National ID,1616128603,,,Muslim,Jeddah,FRENCH,Grade 5,A,2024-25,146,New Student,Seasonal Mode,New,2022-09-01,Yes,Sultan Al-Hashemi,Maha Al-Hashemi,+966568987261,sultan.alhashemi146@parent.com,"288 Al-Nuzha Street, Jeddah"
,Raed Al-Maliki,رائد المالكي,Male,2015-03-03,Saudi Arabia,National ID,1446851932,,,Muslim,Riyadh,FRENCH,Grade 6,A,2024-25,147,New Student,Online Mode,New,2022-09-01,Yes,Khalid Al-Maliki,Lama Al-Maliki,+966516519276,raed.almaliki147@parent.com,"280 Al-Nuzha Street, Jeddah"
,Michael Siddiqui,مايكل صديقي,Male,2014-09-03,Syria,Passport,,,EK1642761,Muslim,London,FRENCH,Grade 7,A,2024-25,148,Regular (Continuing),Online Mode,Regular,2022-09-01,Yes,Zayn Siddiqui,Emma Siddiqui,+966557852435,michael.siddiqui148@parent.com,"271 Al-Nuzha Street, Jeddah"
,Fatima Garcia,فاطمة جارسيا,Female,2013-06-05,Bangladesh,Iqama,,2474115904,,Muslim,London,FRENCH,Grade 8,A,2024-25,149,New Student,Online Mode,New,2023-09-01,Yes,Michael Garcia,Zainab Garcia,+966564841969,fatima.garcia149@parent.com,"139 Al-Nuzha Street, Jeddah"
,Imran Sharma,عمران شارما,Male,2012-08-23,Egypt,Iqama,,2918961418,,Muslim,Mumbai,FRENCH,Grade 9,A,2024-25,150,New Student,Seasonal Mode,New,2022-09-01,Yes,Vihaan Sharma,Aliya Sharma,+966514175057,imran.sharma150@parent.com,"283 Al-Nuzha Street, Jeddah"
,Omar Al-Zahrani,عمر الزهراني,Male,2011-12-11,Saudi Arabia,National ID,1654385580,,,Muslim,Mecca,FRENCH,Grade 10,A,2024-25,151,Transfer,Regular Mode,Transfer,2025-09-01,Yes,Hatim Al-Zahrani,Tala Al-Zahrani,+966582747479,omar.alzahrani151@parent.com,"246 Al-Nuzha Street, Jeddah"
,Ammar Al-Maliki,عمار المالكي,Male,2010-01-22,Saudi Arabia,National ID,1419726041,,,Muslim,Dammam,FRENCH,Grade 11,A,2024-25,152,Regular (Continuing),Seasonal Mode,Regular,2024-09-01,Yes,Adel Al-Maliki,Wafa Al-Maliki,+966566799092,ammar.almaliki152@parent.com,"102 Al-Nuzha Street, Jeddah"
,Salma Al-Tamimi,سلمى التميمي,Female,2009-02-25,Saudi Arabia,National ID,1677469960,,,Muslim,Khobar,FRENCH,Grade 12,A,2024-25,153,Transfer,Online Mode,Transfer,2025-09-01,Yes,Ammar Al-Tamimi,Manal Al-Tamimi,+966580466921,salma.altamimi153@parent.com,"123 Al-Nuzha Street, Jeddah"
,Lujain Al-Fayez,لجين الفايز,Female,2020-03-14,Saudi Arabia,National ID,1044732065,,,Muslim,Jeddah,FRENCH,KG1,A,2024-25,154,New Student,Seasonal Mode,New,2025-09-01,Yes,Faisal Al-Fayez,Dana Al-Fayez,+966533036890,lujain.alfayez154@parent.com,"285 Al-Nuzha Street, Jeddah"
,Nour Brown,نور براون,Female,2019-12-26,Yemen,Passport,,,FA1500023,Muslim,Khartoum,FRENCH,KG2,A,2024-25,155,New Student,Online Mode,New,2022-09-01,Yes,Bilal Brown,Saanvi Brown,+966539125724,nour.brown155@parent.com,"49 Al-Nuzha Street, Jeddah"
,Faris Saleh,فارس صالح,Male,2020-03-23,Indonesia,Passport,,,EG7454562,Muslim,Damascus,FRENCH,Grade 1,A,2024-25,156,Transfer,Online Mode,Transfer,2023-09-01,Yes,Ahmed Saleh,Aliya Saleh,+966577913045,faris.saleh156@parent.com,"208 Al-Nuzha Street, Jeddah"
,Hassan Al-Sudais,حسن السديس,Male,2019-10-27,Saudi Arabia,National ID,1348339016,,,Muslim,Jeddah,FRENCH,Grade 2,A,2024-25,157,Regular (Continuing),Online Mode,Regular,2024-09-01,Yes,Saud Al-Sudais,Hanan Al-Sudais,+966522149113,hassan.alsudais157@parent.com,"131 Al-Nuzha Street, Jeddah"
,Latifa Al-Sudais,لطيفة السديس,Female,2018-09-18,Saudi Arabia,National ID,1009128228,,,Muslim,Mecca,FRENCH,Grade 3,A,2024-25,158,New Student,Seasonal Mode,New,2024-09-01,Yes,Hatim Al-Sudais,Reema Al-Sudais,+966573347962,latifa.alsudais158@parent.com,"41 Al-Nuzha Street, Jeddah"
,Joud Al-Fayez,جود الفايز,Female,2017-05-02,Saudi Arabia,National ID,1438342439,,,Muslim,Jeddah,FRENCH,Grade 4,A,2024-25,159,New Student,Online Mode,New,2024-09-01,Yes,Ali Al-Fayez,Fatima Al-Fayez,+966537990626,joud.alfayez159@parent.com,"117 Al-Nuzha Street, Jeddah"
,Mohammed Al-Shehri,محمد الشهري,Male,2016-03-21,Saudi Arabia,National ID,1486113871,,,Muslim,Buraidah,FRENCH,Grade 5,A,2024-25,160,Regular (Continuing),Regular Mode,Regular,2025-09-01,Yes,Abdullah Al-Shehri,Salma Al-Shehri,+966594791788,mohammed.alshehri160@parent.com,"11 Al-Nuzha Street, Jeddah"
,Vihaan Mahmood,فيهان محمود,Male,2015-06-24,United States,Iqama,,2455174150,,Muslim,Cairo,FRENCH,Grade 6,A,2024-25,161,New Student,Regular Mode,New,2022-09-01,Yes,Ahmed Mahmood,Anvi Mahmood,+966514902614,vihaan.mahmood161@parent.com,"79 Al-Nuzha Street, Jeddah"
,Reema Al-Hashemi,ريما الهاشمي,Female,2014-10-15,Saudi Arabia,National ID,1752609772,,,Muslim,Dammam,FRENCH,Grade 7,A,2024-25,162,New Student,Online Mode,New,2022-09-01,Yes,Saud Al-Hashemi,Reem Al-Hashemi,+966572412915,reema.alhashemi162@parent.com,"139 Al-Nuzha Street, Jeddah"
,Tala Al-Maliki,تالا المالكي,Female,2013-08-03,Saudi Arabia,National ID,1178530333,,,Non-Muslim,Madinah,FRENCH,Grade 8,A,2024-25,163,New Student,Online Mode,New,2024-09-01,Yes,Ammar Al-Maliki,Norah Al-Maliki,+966533292211,tala.almaliki163@parent.com,"217 Al-Nuzha Street, Jeddah"
,Lujain Al-Hussein,لجين الحسين,Female,2012-12-24,Saudi Arabia,National ID,1142789508,,,Muslim,Abha,FRENCH,Grade 9,A,2024-25,164,Regular (Continuing),Online Mode,Regular,2022-09-01,Yes,Talal Al-Hussein,Hanan Al-Hussein,+966521799665,lujain.alhussein164@parent.com,"34 Al-Nuzha Street, Jeddah"
,Priya Saleh,بريا صالح,Female,2011-10-18,Bangladesh,Iqama,,2660226791,,Muslim,Manila,FRENCH,Grade 10,A,2024-25,165,Regular (Continuing),Online Mode,Regular,2025-09-01,Yes,Ahmed Saleh,Sofia Saleh,+966505737375,priya.saleh165@parent.com,"185 Al-Nuzha Street, Jeddah"
,Majed Al-Hussein,ماجد الحسين,Male,2010-07-28,Saudi Arabia,National ID,1958453396,,,Non-Muslim,Madinah,FRENCH,Grade 11,A,2024-25,166,Transfer,Regular Mode,Transfer,2022-09-01,Yes,Sultan Al-Hussein,Renad Al-Hussein,+966553406458,majed.alhussein166@parent.com,"111 Al-Nuzha Street, Jeddah"
,Hamza Hussain,حمزة حسين,Male,2009-03-24,United Kingdom,Iqama,,2826723170,,Muslim,Amman,FRENCH,Grade 12,A,2024-25,167,Transfer,Seasonal Mode,Transfer,2022-09-01,Yes,Ismail Hussain,Nayla Hussain,+966563205438,hamza.hussain167@parent.com,"254 Al-Nuzha Street, Jeddah"
,Noura Al-Hussein,نورة الحسين,Female,2020-06-22,Saudi Arabia,National ID,1873205155,,,Muslim,Jeddah,FRENCH,KG1,A,2024-25,168,Transfer,Regular Mode,Transfer,2022-09-01,Yes,Yazeed Al-Hussein,Hanan Al-Hussein,+966529535564,noura.alhussein168@parent.com,"257 Al-Nuzha Street, Jeddah"
,Ismail Brown,إسماعيل براون,Male,2019-12-23,Indonesia,Iqama,,2434653514,,Non-Muslim,Jakarta,FRENCH,KG2,A,2024-25,169,New Student,Regular Mode,New,2023-09-01,Yes,Junaid Brown,Sofia Brown,+966541516050,ismail.brown169@parent.com,"115 Al-Nuzha Street, Jeddah"
,Ammar Al-Rashid,عمار الراشد,Male,2020-11-22,Saudi Arabia,National ID,1609339984,,,Muslim,Tabuk,FRENCH,Grade 1,A,2024-25,170,New Student,Online Mode,New,2024-09-01,Yes,Nawaf Al-Rashid,Amal Al-Rashid,+966549150009,ammar.alrashid170@parent.com,"49 Al-Nuzha Street, Jeddah"
,Anas Al-Tamimi,أنس التميمي,Male,2019-04-10,Saudi Arabia,National ID,1564018994,,,Muslim,Khobar,FRENCH,Grade 2,A,2024-25,171,Regular (Continuing),Regular Mode,Regular,2022-09-01,Yes,Waleed Al-Tamimi,Layla Al-Tamimi,+966541583181,anas.altamimi171@parent.com,"281 Al-Nuzha Street, Jeddah"
,James Kim,جيمس كيم,Male,2018-09-11,Jordan,Iqama,,2821426029,,Muslim,Jakarta,FRENCH,Grade 3,A,2024-25,172,Regular (Continuing),Seasonal Mode,Regular,2024-09-01,Yes,Michael Kim,Khadija Kim,+966556648281,james.kim172@parent.com,"294 Al-Nuzha Street, Jeddah"
,Faisal Al-Yamani,فيصل اليماني,Male,2017-09-13,Saudi Arabia,National ID,1046323977,,,Muslim,Khobar,FRENCH,Grade 4,A,2024-25,173,Regular (Continuing),Regular Mode,Regular,2023-09-01,Yes,Faisal Al-Yamani,Manal Al-Yamani,+966549456364,faisal.alyamani173@parent.com,"297 Al-Nuzha Street, Jeddah"
,Zainab Sharma,زينب شارما,Female,2016-04-19,Syria,Iqama,,2990331061,,Muslim,Karachi,FRENCH,Grade 5,A,2024-25,174,New Student,Regular Mode,New,2022-09-01,Yes,James Sharma,Hira Sharma,+966565981995,zainab.sharma174@parent.com,"169 Al-Nuzha Street, Jeddah"
,Khadija Brown,خديجة براون,Female,2015-06-17,Philippines,Iqama,,2620195688,,Non-Muslim,London,FRENCH,Grade 6,A,2024-25,175,Regular (Continuing),Seasonal Mode,Regular,2022-09-01,Yes,Zayn Brown,Aisha Brown,+966530970589,khadija.brown175@parent.com,"100 Al-Nuzha Street, Jeddah"
,Olivia Sheikh,أوليفيا شيخ,Female,2014-04-15,United States,Iqama,,2208600709,,Muslim,Dhaka,FRENCH,Grade 7,A,2024-25,176,Regular (Continuing),Seasonal Mode,Regular,2025-09-01,Yes,Yusuf Sheikh,Zainab Sheikh,+966560879560,olivia.sheikh176@parent.com,"21 Al-Nuzha Street, Jeddah"
,Nawaf Al-Shehri,نواف الشهري,Male,2013-08-19,Saudi Arabia,National ID,1878095768,,,Muslim,Jeddah,FRENCH,Grade 8,A,2024-25,177,New Student,Seasonal Mode,New,2024-09-01,Yes,Ziyad Al-Shehri,Lujain Al-Shehri,+966546474061,nawaf.alshehri177@parent.com,"174 Al-Nuzha Street, Jeddah"
,Fahad Al-Rashid,فهد الراشد,Male,2012-05-14,Saudi Arabia,National ID,1346530066,,,Muslim,Buraidah,FRENCH,Grade 9,A,2024-25,178,Regular (Continuing),Regular Mode,Regular,2023-09-01,Yes,Mohammed Al-Rashid,Hessa Al-Rashid,+966571652972,fahad.alrashid178@parent.com,"22 Al-Nuzha Street, Jeddah"
,Ammar Al-Dosari,عمار الدوسري,Male,2011-03-22,Saudi Arabia,National ID,1701775450,,,Muslim,Madinah,FRENCH,Grade 10,A,2024-25,179,Regular (Continuing),Seasonal Mode,Regular,2025-09-01,Yes,Talal Al-Dosari,Wafa Al-Dosari,+966556943004,ammar.aldosari179@parent.com,"45 Al-Nuzha Street, Jeddah"
,Sara Al-Hashemi,سارة الهاشمي,Female,2010-03-08,Saudi Arabia,National ID,1994904583,,,Non-Muslim,Buraidah,FRENCH,Grade 11,A,2024-25,180,Transfer,Online Mode,Transfer,2022-09-01,Yes,Faisal Al-Hashemi,Layla Al-Hashemi,+966500500829,sara.alhashemi180@parent.com,"226 Al-Nuzha Street, Jeddah"
,Mariam Mansoor,مريم منصور,Female,2009-12-20,United Kingdom,Iqama,,2075216390,,Non-Muslim,Jakarta,FRENCH,Grade 12,A,2024-25,181,Regular (Continuing),Online Mode,Regular,2025-09-01,Yes,Zain Mansoor,Zoe Mansoor,+966515808666,mariam.mansoor181@parent.com,"235 Al-Nuzha Street, Jeddah"
,Ammar Al-Otaibi,عمار العتيبي,Male,2020-06-23,Saudi Arabia,National ID,1141816276,,,Muslim,Riyadh,FRENCH,KG1,A,2024-25,182,New Student,Online Mode,New,2024-09-01,Yes,Faisal Al-Otaibi,Sara Al-Otaibi,+966548607494,ammar.alotaibi182@parent.com,"242 Al-Nuzha Street, Jeddah"
,Saif Al-Sabah,سيف الصباح,Male,2019-07-12,Saudi Arabia,National ID,1987794866,,,Muslim,Dammam,FRENCH,KG2,A,2024-25,183,New Student,Regular Mode,New,2024-09-01,Yes,Bandar Al-Sabah,Noura Al-Sabah,+966565447141,saif.alsabah183@parent.com,"184 Al-Nuzha Street, Jeddah"
,John Wang,جون وانج,Male,2020-02-24,India,Passport,,,BH3018698,Muslim,Cairo,FRENCH,Grade 1,A,2024-25,184,New Student,Seasonal Mode,New,2025-09-01,Yes,James Wang,Riya Wang,+966588582990,john.wang184@parent.com,"36 Al-Nuzha Street, Jeddah"
,Ahmed Reddy,أحمد ريدي,Male,2019-05-01,United Kingdom,Iqama,,2663067655,,Muslim,Dhaka,FRENCH,Grade 2,A,2024-25,185,Transfer,Seasonal Mode,Transfer,2024-09-01,Yes,Adam Reddy,Aisha Reddy,+966510234094,ahmed.reddy185@parent.com,"162 Al-Nuzha Street, Jeddah"
,Salman Al-Harbi,سلمان الحربي,Male,2018-10-25,Saudi Arabia,National ID,1998573206,,,Muslim,Buraidah,FRENCH,Grade 3,A,2024-25,186,Regular (Continuing),Seasonal Mode,Regular,2024-09-01,Yes,Hatim Al-Harbi,Reema Al-Harbi,+966517641968,salman.alharbi186@parent.com,"150 Al-Nuzha Street, Jeddah"
,Diya Siddiqui,ديا صديقي,Female,2017-07-08,India,Iqama,,2303358351,,Muslim,London,FRENCH,Grade 4,A,2024-25,187,Regular (Continuing),Online Mode,Regular,2023-09-01,Yes,Bilal Siddiqui,Nour Siddiqui,+966566029428,diya.siddiqui187@parent.com,"173 Al-Nuzha Street, Jeddah"
,John Ahmed,جون أحمد,Male,2016-09-06,United States,Passport,,,GF7909945,Muslim,Cairo,FRENCH,Grade 5,A,2024-25,188,Regular (Continuing),Regular Mode,Regular,2022-09-01,Yes,Junaid Ahmed,Saanvi Ahmed,+966562943085,john.ahmed188@parent.com,"121 Al-Nuzha Street, Jeddah"
,Abdullah Al-Sulami,عبدالله السلمي,Male,2015-03-12,Saudi Arabia,National ID,1981598364,,,Muslim,Tabuk,FRENCH,Grade 6,A,2024-25,189,New Student,Seasonal Mode,New,2022-09-01,Yes,Adel Al-Sulami,Aljawhara Al-Sulami,+966528721554,abdullah.alsulami189@parent.com,"143 Al-Nuzha Street, Jeddah"
,Maya Mahmood,مايا محمود,Female,2014-06-24,United Kingdom,Iqama,,2149298127,,Muslim,London,FRENCH,Grade 7,A,2024-25,190,Regular (Continuing),Online Mode,Regular,2024-09-01,Yes,John Mahmood,Anvi Mahmood,+966542806118,maya.mahmood190@parent.com,"202 Al-Nuzha Street, Jeddah"
,Hanan Al-Zahrani,حنان الزهراني,Female,2013-11-04,Saudi Arabia,National ID,1537921077,,,Muslim,Khobar,FRENCH,Grade 8,A,2024-25,191,New Student,Online Mode,New,2022-09-01,Yes,Anas Al-Zahrani,Layla Al-Zahrani,+966582016497,hanan.alzahrani191@parent.com,"166 Al-Nuzha Street, Jeddah"
,Michael Malik,مايكل مالك,Male,2012-07-26,Sudan,Iqama,,2698004870,,Non-Muslim,Damascus,FRENCH,Grade 9,A,2024-25,192,New Student,Seasonal Mode,New,2022-09-01,Yes,Mustafa Malik,Zainab Malik,+966537075023,michael.malik192@parent.com,"48 Al-Nuzha Street, Jeddah"
,Renad Al-Otaibi,رناد العتيبي,Female,2011-02-21,Saudi Arabia,National ID,1951895268,,,Muslim,Madinah,FRENCH,Grade 10,A,2024-25,193,Regular (Continuing),Online Mode,Regular,2025-09-01,Yes,Hatim Al-Otaibi,Asma Al-Otaibi,+966584696004,renad.alotaibi193@parent.com,"144 Al-Nuzha Street, Jeddah"
,Sadia Shaikh,صادية شيخ,Female,2010-03-14,Bangladesh,Iqama,,2344276605,,Muslim,London,FRENCH,Grade 11,A,2024-25,194,Transfer,Regular Mode,Transfer,2025-09-01,Yes,Hassan Shaikh,Sadia Shaikh,+966508012609,sadia.shaikh194@parent.com,"98 Al-Nuzha Street, Jeddah"
,Hanan Al-Sulami,حنان السلمي,Female,2009-01-07,Saudi Arabia,National ID,1420300139,,,Muslim,Buraidah,FRENCH,Grade 12,A,2024-25,195,Regular (Continuing),Online Mode,Regular,2023-09-01,Yes,Saud Al-Sulami,Reema Al-Sulami,+966504205132,hanan.alsulami195@parent.com,"175 Al-Nuzha Street, Jeddah"
,Tala Al-Hussein,تالا الحسين,Female,2020-01-12,Saudi Arabia,National ID,1175239216,,,Muslim,Mecca,FRENCH,KG1,A,2024-25,196,Regular (Continuing),Seasonal Mode,Regular,2023-09-01,Yes,Talal Al-Hussein,Norah Al-Hussein,+966542000313,tala.alhussein196@parent.com,"46 Al-Nuzha Street, Jeddah"
,Dalal Al-Dosari,دلال الدوسري,Female,2019-06-26,Saudi Arabia,National ID,1827488864,,,Muslim,Dammam,FRENCH,KG2,A,2024-25,197,Transfer,Online Mode,Transfer,2022-09-01,Yes,Ammar Al-Dosari,Joud Al-Dosari,+966501776895,dalal.aldosari197@parent.com,"290 Al-Nuzha Street, Jeddah"
,Ahmed Gupta,أحمد جوبتا,Male,2020-03-23,Syria,Iqama,,2867633816,,Muslim,Khartoum,FRENCH,Grade 1,A,2024-25,198,Regular (Continuing),Seasonal Mode,Regular,2023-09-01,Yes,Bilal Gupta,Sana Gupta,+966518768907,ahmed.gupta198@parent.com,"57 Al-Nuzha Street, Jeddah"
,Reema Al-Sulami,ريما السلمي,Female,2019-12-19,Saudi Arabia,National ID,1829980310,,,Non-Muslim,Mecca,FRENCH,Grade 2,A,2024-25,199,Transfer,Online Mode,Transfer,2022-09-01,Yes,Salman Al-Sulami,Dalal Al-Sulami,+966522904543,reema.alsulami199@parent.com,"10 Al-Nuzha Street, Jeddah"
,Raghad Al-Hashemi,رغد الهاشمي,Female,2018-09-16,Saudi Arabia,National ID,1332489018,,,Muslim,Jeddah,FRENCH,Grade 3,A,2024-25,200,Regular (Continuing),Online Mode,Regular,2025-09-01,Yes,Omar Al-Hashemi,Raghad Al-Hashemi,+966524682344,raghad.alhashemi200@parent.com,"121 Al-Nuzha Street, Jeddah"
,Bandar Al-Anazi,بندر العنزي,Male,2017-03-11,Saudi Arabia,National ID,1968267613,,,Muslim,Riyadh,FRENCH,Grade 4,A,2024-25,201,Regular (Continuing),Seasonal Mode,Regular,2023-09-01,Yes,Mohammed Al-Anazi,Salma Al-Anazi,+966564034711,bandar.alanazi201@parent.com,"255 Al-Nuzha Street, Jeddah"
,Tala Al-Yamani,تالا اليماني,Female,2016-11-05,Saudi Arabia,National ID,1712126352,,,Non-Muslim,Madinah,FRENCH,Grade 5,A,2024-25,202,New Student,Seasonal Mode,New,2024-09-01,Yes,Hatim Al-Yamani,Hessa Al-Yamani,+966568923426,tala.alyamani202@parent.com,"255 Al-Nuzha Street, Jeddah"
,Yazeed Al-Qahtani,يزيد القحطاني,Male,2015-12-02,Saudi Arabia,National ID,1236909774,,,Muslim,Tabuk,FRENCH,Grade 6,A,2024-25,203,Regular (Continuing),Seasonal Mode,Regular,2023-09-01,Yes,Ibrahim Al-Qahtani,Salma Al-Qahtani,+966573532476,yazeed.alqahtani203@parent.com,"257 Al-Nuzha Street, Jeddah"
,Mariam Al-Harbi,مريم الحربي,Female,2014-01-14,Saudi Arabia,National ID,1878903616,,,Muslim,Jeddah,FRENCH,Grade 7,A,2024-25,204,Regular (Continuing),Seasonal Mode,Regular,2025-09-01,Yes,Anas Al-Harbi,Asma Al-Harbi,+966537188918,mariam.alharbi204@parent.com,"245 Al-Nuzha Street, Jeddah"
,John Singh,جون سينغ,Male,2013-09-25,Yemen,Iqama,,2712080948,,Muslim,London,FRENCH,Grade 8,A,2024-25,205,Regular (Continuing),Online Mode,Regular,2024-09-01,Yes,James Singh,Fatima Singh,+966508088065,john.singh205@parent.com,"142 Al-Nuzha Street, Jeddah"
,Mariam Sharma,مريم شارما,Female,2012-05-27,Pakistan,Iqama,,2599687433,,Non-Muslim,Mumbai,FRENCH,Grade 9,A,2024-25,206,New Student,Online Mode,New,2025-09-01,Yes,Daniel Sharma,Anaya Sharma,+966519784035,mariam.sharma206@parent.com,"98 Al-Nuzha Street, Jeddah"
,Yazeed Al-Shehri,يزيد الشهري,Male,2011-01-24,Saudi Arabia,National ID,1139214078,,,Muslim,Dammam,FRENCH,Grade 10,A,2024-25,207,New Student,Seasonal Mode,New,2025-09-01,Yes,Faisal Al-Shehri,Raghad Al-Shehri,+966500029178,yazeed.alshehri207@parent.com,"13 Al-Nuzha Street, Jeddah"
,Saanvi Ibrahim,سانفي إبراهيم,Female,2010-04-02,Indonesia,Iqama,,2305937494,,Muslim,Cairo,FRENCH,Grade 11,A,2024-25,208,Regular (Continuing),Seasonal Mode,Regular,2023-09-01,Yes,Aryan Ibrahim,Layla Ibrahim,+966500315809,saanvi.ibrahim208@parent.com,"185 Al-Nuzha Street, Jeddah"
,Naif Al-Otaibi,نايف العتيبي,Male,2009-02-20,Saudi Arabia,National ID,1656154507,,,Muslim,Dammam,FRENCH,Grade 12,A,2024-25,209,New Student,Regular Mode,New,2024-09-01,Yes,Anas Al-Otaibi,Wafa Al-Otaibi,+966568433508,naif.alotaibi209@parent.com,"35 Al-Nuzha Street, Jeddah"
,David Rahman,ديفيد رحمن,Male,2020-05-09,Indonesia,Iqama,,2585849693,,Non-Muslim,Karachi,FRENCH,KG1,A,2024-25,210,Regular (Continuing),Seasonal Mode,Regular,2025-09-01,Yes,Kabir Rahman,Zainab Rahman,+966538966351,david.rahman210@parent.com,"164 Al-Nuzha Street, Jeddah"
,Bader Al-Fayez,بدر الفايز,Male,2019-05-18,Saudi Arabia,National ID,1084491623,,,Muslim,Abha,FRENCH,KG2,A,2024-25,211,New Student,Regular Mode,New,2025-09-01,Yes,Salman Al-Fayez,Raghad Al-Fayez,+966556623823,bader.alfayez211@parent.com,"272 Al-Nuzha Street, Jeddah"
,Nour Hussain,نور حسين,Female,2020-01-02,United Kingdom,Iqama,,2648314660,,Muslim,Jakarta,FRENCH,Grade 1,A,2024-25,212,Regular (Continuing),Online Mode,Regular,2025-09-01,Yes,Imran Hussain,Khadija Hussain,+966513491356,nour.hussain212@parent.com,"191 Al-Nuzha Street, Jeddah"
,Lama Al-Dosari,لمى الدوسري,Female,2019-05-15,Saudi Arabia,National ID,1169366287,,,Muslim,Buraidah,FRENCH,Grade 2,A,2024-25,213,Transfer,Online Mode,Transfer,2023-09-01,Yes,Naif Al-Dosari,Amal Al-Dosari,+966510087081,lama.aldosari213@parent.com,"105 Al-Nuzha Street, Jeddah"
,Hassan Garcia,حسن جارسيا,Male,2018-02-25,United States,Iqama,,2940841379,,Muslim,New York,FRENCH,Grade 3,A,2024-25,214,Transfer,Regular Mode,Transfer,2022-09-01,Yes,Vihaan Garcia,Mehek Garcia,+966503172646,hassan.garcia214@parent.com,"129 Al-Nuzha Street, Jeddah"
,Ziyad Al-Fayez,زياد الفايز,Male,2017-06-26,Saudi Arabia,National ID,1774594399,,,Muslim,Khobar,FRENCH,Grade 4,A,2024-25,215,Transfer,Regular Mode,Transfer,2025-09-01,Yes,Majed Al-Fayez,Renad Al-Fayez,+966534608282,ziyad.alfayez215@parent.com,"5 Al-Nuzha Street, Jeddah"
,Mehek Mahmood,مهك محمود,Female,2016-02-02,Yemen,Iqama,,2182030881,,Muslim,Karachi,FRENCH,Grade 5,A,2024-25,216,New Student,Seasonal Mode,New,2023-09-01,Yes,Bilal Mahmood,Aisha Mahmood,+966586595879,mehek.mahmood216@parent.com,"265 Al-Nuzha Street, Jeddah"
,Hamad Al-Hussein,حمد الحسين,Male,2015-11-20,Saudi Arabia,National ID,1651783176,,,Muslim,Jeddah,FRENCH,Grade 6,A,2024-25,217,Regular (Continuing),Regular Mode,Regular,2023-09-01,Yes,Yazeed Al-Hussein,Asma Al-Hussein,+966577404514,hamad.alhussein217@parent.com,"191 Al-Nuzha Street, Jeddah"
,Reema Al-Hussein,ريما الحسين,Female,2014-08-08,Saudi Arabia,National ID,1794683494,,,Muslim,Mecca,FRENCH,Grade 7,A,2024-25,218,Regular (Continuing),Online Mode,Regular,2024-09-01,Yes,Waleed Al-Hussein,Shaden Al-Hussein,+966516631178,reema.alhussein218@parent.com,"222 Al-Nuzha Street, Jeddah"
,Fatima Rahman,فاطمة رحمن,Female,2013-06-07,Jordan,Iqama,,2938831105,,Muslim,Manila,FRENCH,Grade 8,A,2024-25,219,Transfer,Seasonal Mode,Transfer,2025-09-01,Yes,Bilal Rahman,Saanvi Rahman,+966567438516,fatima.rahman219@parent.com,"134 Al-Nuzha Street, Jeddah"
,Norah Al-Mutairi,نورة المطيري,Female,2012-04-21,Saudi Arabia,National ID,1401295381,,,Non-Muslim,Mecca,FRENCH,Grade 9,A,2024-25,220,Regular (Continuing),Online Mode,Regular,2022-09-01,Yes,Yousef Al-Mutairi,Noura Al-Mutairi,+966550297923,norah.almutairi220@parent.com,"274 Al-Nuzha Street, Jeddah"
,Reem Al-Dosari,ريم الدوسري,Female,2011-04-27,Saudi Arabia,National ID,1904710578,,,Muslim,Jeddah,FRENCH,Grade 10,A,2024-25,221,New Student,Seasonal Mode,New,2024-09-01,Yes,Naif Al-Dosari,Sara Al-Dosari,+966542816370,reem.aldosari221@parent.com,"275 Al-Nuzha Street, Jeddah"
,Ismail Kumar,إسماعيل كومار,Male,2010-02-01,United Kingdom,Iqama,,2513834347,,Muslim,Sanaa,FRENCH,Grade 11,A,2024-25,222,New Student,Online Mode,New,2024-09-01,Yes,Rohan Kumar,Aliya Kumar,+966551635761,ismail.kumar222@parent.com,"74 Al-Nuzha Street, Jeddah"
,Jana Al-Fayez,جنى الفايز,Female,2009-09-07,Saudi Arabia,National ID,1083436246,,,Muslim,Jeddah,FRENCH,Grade 12,A,2024-25,223,Regular (Continuing),Regular Mode,Regular,2022-09-01,Yes,Khalid Al-Fayez,Shaden Al-Fayez,+966591862482,jana.alfayez223@parent.com,"218 Al-Nuzha Street, Jeddah"
,Adel Al-Zahrani,عادل الزهراني,Male,2020-04-16,Saudi Arabia,National ID,1669988538,,,Muslim,Abha,FRENCH,KG1,A,2024-25,224,Regular (Continuing),Online Mode,Regular,2022-09-01,Yes,Sultan Al-Zahrani,Ghada Al-Zahrani,+966506151396,adel.alzahrani224@parent.com,"68 Al-Nuzha Street, Jeddah"
,Saif Al-Tamimi,سيف التميمي,Male,2019-07-17,Saudi Arabia,National ID,1083803561,,,Non-Muslim,Khobar,FRENCH,KG2,A,2024-25,225,Regular (Continuing),Online Mode,Regular,2023-09-01,Yes,Yousef Al-Tamimi,Manal Al-Tamimi,+966567368623,saif.altamimi225@parent.com,"283 Al-Nuzha Street, Jeddah"
,Anaya Mansoor,أنايا منصور,Female,2020-10-17,Egypt,Passport,,,FG2676943,Muslim,Jakarta,FRENCH,Grade 1,A,2024-25,226,New Student,Regular Mode,New,2022-09-01,Yes,Hassan Mansoor,Anaya Mansoor,+966558946625,anaya.mansoor226@parent.com,"198 Al-Nuzha Street, Jeddah"
,Kabir Brown,كبير براون,Male,2019-02-27,Philippines,Iqama,,2783812299,,Muslim,Sanaa,FRENCH,Grade 2,A,2024-25,227,Regular (Continuing),Seasonal Mode,Regular,2023-09-01,Yes,Zain Brown,Aliya Brown,+966512156965,kabir.brown227@parent.com,"126 Al-Nuzha Street, Jeddah"
,Michael Khan,مايكل خان,Male,2018-04-01,Yemen,Iqama,,2103650313,,Muslim,Sanaa,FRENCH,Grade 3,A,2024-25,228,Regular (Continuing),Regular Mode,Regular,2022-09-01,Yes,Vihaan Khan,Anvi Khan,+966500225897,michael.khan228@parent.com,"9 Al-Nuzha Street, Jeddah"
,Noura Al-Dosari,نورة الدوسري,Female,2017-07-18,Saudi Arabia,National ID,1623834709,,,Muslim,Khobar,FRENCH,Grade 4,A,2024-25,229,Regular (Continuing),Regular Mode,Regular,2025-09-01,Yes,Nawaf Al-Dosari,Fatima Al-Dosari,+966529174029,noura.aldosari229@parent.com,"292 Al-Nuzha Street, Jeddah"
,Ghada Al-Sudais,غادة السديس,Female,2016-09-22,Saudi Arabia,National ID,1625818375,,,Muslim,Abha,FRENCH,Grade 5,A,2024-25,230,New Student,Regular Mode,New,2022-09-01,Yes,Mohammed Al-Sudais,Ghada Al-Sudais,+966520957738,ghada.alsudais230@parent.com,"96 Al-Nuzha Street, Jeddah"
,Ayaan Shaikh,أيان شيخ,Male,2015-02-08,Syria,Passport,,,HD0336742,Muslim,Dhaka,FRENCH,Grade 6,A,2024-25,231,Transfer,Online Mode,Transfer,2023-09-01,Yes,Talha Shaikh,Fatima Shaikh,+966543219856,ayaan.shaikh231@parent.com,"293 Al-Nuzha Street, Jeddah"
,James Gupta,جيمس جوبتا,Male,2014-04-20,Yemen,Passport,,,MF0442844,Muslim,New York,FRENCH,Grade 7,A,2024-25,232,Regular (Continuing),Seasonal Mode,Regular,2025-09-01,Yes,Daniel Gupta,Olivia Gupta,+966551715310,james.gupta232@parent.com,"237 Al-Nuzha Street, Jeddah"
,Wafa Al-Tamimi,وفاء التميمي,Female,2013-06-03,Saudi Arabia,National ID,1485789150,,,Muslim,Madinah,FRENCH,Grade 8,A,2024-25,233,Regular (Continuing),Regular Mode,Regular,2024-09-01,Yes,Saud Al-Tamimi,Manal Al-Tamimi,+966547962770,wafa.altamimi233@parent.com,"13 Al-Nuzha Street, Jeddah"
,Ibrahim Al-Dosari,إبراهيم الدوسري,Male,2012-05-23,Saudi Arabia,National ID,1990456781,,,Non-Muslim,Buraidah,FRENCH,Grade 9,A,2024-25,234,Transfer,Online Mode,Transfer,2023-09-01,Yes,Saif Al-Dosari,Salma Al-Dosari,+966550907779,ibrahim.aldosari234@parent.com,"193 Al-Nuzha Street, Jeddah"
,Reema Al-Sudais,ريما السديس,Female,2011-06-12,Saudi Arabia,National ID,1730989417,,,Non-Muslim,Riyadh,FRENCH,Grade 10,A,2024-25,235,Regular (Continuing),Regular Mode,Regular,2024-09-01,Yes,Nawaf Al-Sudais,Norah Al-Sudais,+966532037396,reema.alsudais235@parent.com,"212 Al-Nuzha Street, Jeddah"
,Saud Al-Dosari,سعود الدوسري,Male,2010-11-02,Saudi Arabia,National ID,1168383432,,,Non-Muslim,Madinah,FRENCH,Grade 11,A,2024-25,236,New Student,Regular Mode,New,2022-09-01,Yes,Bandar Al-Dosari,Norah Al-Dosari,+966573616320,saud.aldosari236@parent.com,"95 Al-Nuzha Street, Jeddah"
,Hira Sharma,هيرا شارما,Female,2009-12-24,Yemen,Passport,,,AN0376324,Muslim,Manila,FRENCH,Grade 12,A,2024-25,237,Regular (Continuing),Online Mode,Regular,2022-09-01,Yes,John Sharma,Aisha Sharma,+966576712450,hira.sharma237@parent.com,"27 Al-Nuzha Street, Jeddah"
,Fahad Al-Tamimi,فهد التميمي,Male,2020-11-17,Saudi Arabia,National ID,1749414344,,,Muslim,Abha,FRENCH,KG1,A,2024-25,238,Transfer,Seasonal Mode,Transfer,2024-09-01,Yes,Hassan Al-Tamimi,Hessa Al-Tamimi,+966514319442,fahad.altamimi238@parent.com,"271 Al-Nuzha Street, Jeddah"
,Norah Al-Maliki,نورة المالكي,Female,2019-10-09,Saudi Arabia,National ID,1395791120,,,Non-Muslim,Riyadh,FRENCH,KG2,A,2024-25,239,New Student,Seasonal Mode,New,2023-09-01,Yes,Turki Al-Maliki,Reema Al-Maliki,+966522750568,norah.almaliki239@parent.com,"213 Al-Nuzha Street, Jeddah"
,Zainab Rahman,زينب رحمن,Female,2020-08-08,United Kingdom,Iqama,,2339529572,,Non-Muslim,Dhaka,FRENCH,Grade 1,A,2024-25,240,Regular (Continuing),Regular Mode,Regular,2025-09-01,Yes,Rohan Rahman,Zainab Rahman,+966519027690,zainab.rahman240@parent.com,"3 Al-Nuzha Street, Jeddah"
,Latifa Al-Maliki,لطيفة المالكي,Female,2019-06-07,Saudi Arabia,National ID,1156096889,,,Muslim,Mecca,FRENCH,Grade 2,A,2024-25,241,Regular (Continuing),Seasonal Mode,Regular,2023-09-01,Yes,Abdullah Al-Maliki,Hanan Al-Maliki,+966519805330,latifa.almaliki241@parent.com,"24 Al-Nuzha Street, Jeddah"
,Dalal Al-Hussein,دلال الحسين,Female,2018-12-14,Saudi Arabia,National ID,1157409659,,,Muslim,Buraidah,FRENCH,Grade 3,A,2024-25,242,Transfer,Regular Mode,Transfer,2025-09-01,Yes,Hamad Al-Hussein,Lujain Al-Hussein,+966525657545,dalal.alhussein242@parent.com,"70 Al-Nuzha Street, Jeddah"
,Riya Gupta,ريا جوبتا,Female,2017-10-06,Indonesia,Passport,,,JH1280572,Muslim,Cairo,FRENCH,Grade 4,A,2024-25,243,Regular (Continuing),Seasonal Mode,Regular,2025-09-01,Yes,Ahmed Gupta,Nour Gupta,+966562685567,riya.gupta243@parent.com,"159 Al-Nuzha Street, Jeddah"
,Ammar Al-Zahrani,عمار الزهراني,Male,2016-02-11,Saudi Arabia,National ID,1863551909,,,Muslim,Madinah,FRENCH,Grade 5,A,2024-25,244,New Student,Seasonal Mode,New,2022-09-01,Yes,Hassan Al-Zahrani,Noura Al-Zahrani,+966591779699,ammar.alzahrani244@parent.com,"231 Al-Nuzha Street, Jeddah"
,Turki Al-Saud,تركي آل سعود,Male,2015-11-16,Saudi Arabia,National ID,1873151802,,,Muslim,Jeddah,FRENCH,Grade 6,A,2024-25,245,Regular (Continuing),Online Mode,Regular,2025-09-01,Yes,Naif Al-Saud,Asma Al-Saud,+966556659531,turki.alsaud245@parent.com,"226 Al-Nuzha Street, Jeddah"
,Raghad Al-Shehri,رغد الشهري,Female,2014-04-22,Saudi Arabia,National ID,1856464597,,,Muslim,Khobar,FRENCH,Grade 7,A,2024-25,246,Regular (Continuing),Regular Mode,Regular,2023-09-01,Yes,Adel Al-Shehri,Wafa Al-Shehri,+966579726302,raghad.alshehri246@parent.com,"69 Al-Nuzha Street, Jeddah"
,Raed Al-Dosari,رائد الدوسري,Male,2013-02-15,Saudi Arabia,National ID,1460859778,,,Muslim,Tabuk,FRENCH,Grade 8,A,2024-25,247,Regular (Continuing),Regular Mode,Regular,2025-09-01,Yes,Khalid Al-Dosari,Asma Al-Dosari,+966548417593,raed.aldosari247@parent.com,"10 Al-Nuzha Street, Jeddah"
,Raed Al-Otaibi,رائد العتيبي,Male,2012-11-23,Saudi Arabia,National ID,1394887192,,,Muslim,Abha,FRENCH,Grade 9,A,2024-25,248,Regular (Continuing),Regular Mode,Regular,2025-09-01,Yes,Hamad Al-Otaibi,Layla Al-Otaibi,+966515896023,raed.alotaibi248@parent.com,"57 Al-Nuzha Street, Jeddah"
,John Garcia,جون جارسيا,Male,2011-04-15,Yemen,Iqama,,2608343321,,Muslim,Khartoum,FRENCH,Grade 10,A,2024-25,249,Transfer,Regular Mode,Transfer,2025-09-01,Yes,James Garcia,Sophia Garcia,+966509843249,john.garcia249@parent.com,"187 Al-Nuzha Street, Jeddah"
,Hira Saleh,هيرا صالح,Female,2010-04-12,Bangladesh,Iqama,,2227092206,,Muslim,Jakarta,FRENCH,Grade 11,A,2024-25,250,Regular (Continuing),Seasonal Mode,Regular,2023-09-01,Yes,Faris Saleh,Saanvi Saleh,+966541272050,hira.saleh250@parent.com,"65 Al-Nuzha Street, Jeddah"
,Maha Al-Tamimi,مها التميمي,Female,2009-12-04,Saudi Arabia,National ID,1528561660,,,Muslim,Khobar,FRENCH,Grade 12,A,2024-25,251,Regular (Continuing),Seasonal Mode,Regular,2023-09-01,Yes,Yousef Al-Tamimi,Reema Al-Tamimi,+966591744952,maha.altamimi251@parent.com,"188 Al-Nuzha Street, Jeddah"
,Bader Al-Qahtani,بدر القحطاني,Male,2020-07-12,Saudi Arabia,National ID,1250487118,,,Non-Muslim,Mecca,FRENCH,KG1,A,2024-25,252,Regular (Continuing),Online Mode,Regular,2023-09-01,Yes,Hassan Al-Qahtani,Hanan Al-Qahtani,+966539960217,bader.alqahtani252@parent.com,"91 Al-Nuzha Street, Jeddah"
,Fatima Ibrahim,فاطمة إبراهيم,Female,2019-07-19,Sudan,Iqama,,2518693328,,Non-Muslim,Mumbai,FRENCH,KG2,A,2024-25,253,Regular (Continuing),Online Mode,Regular,2024-09-01,Yes,Mustafa Ibrahim,Aisha Ibrahim,+966564111296,fatima.ibrahim253@parent.com,"243 Al-Nuzha Street, Jeddah"
,Sophia Khan,سوفيا خان,Female,2020-10-12,Pakistan,Iqama,,2615685310,,Non-Muslim,Damascus,FRENCH,Grade 1,A,2024-25,254,Regular (Continuing),Seasonal Mode,Regular,2024-09-01,Yes,Mustafa Khan,Riya Khan,+966529055210,sophia.khan254@parent.com,"142 Al-Nuzha Street, Jeddah"
,Reem Al-Saud,ريم آل سعود,Female,2019-02-08,Saudi Arabia,National ID,1265203536,,,Muslim,Mecca,FRENCH,Grade 2,A,2024-25,255,Transfer,Regular Mode,Transfer,2022-09-01,Yes,Turki Al-Saud,Joud Al-Saud,+966565823243,reem.alsaud255@parent.com,"210 Al-Nuzha Street, Jeddah"
,Hatim Al-Mutairi,حاتم المطيري,Male,2018-02-18,Saudi Arabia,National ID,1855570009,,,Muslim,Riyadh,FRENCH,Grade 3,A,2024-25,256,Transfer,Regular Mode,Transfer,2024-09-01,Yes,Bader Al-Mutairi,Lujain Al-Mutairi,+966511675933,hatim.almutairi256@parent.com,"86 Al-Nuzha Street, Jeddah"
,Mehek Khan,مهك خان,Female,2017-06-27,India,Iqama,,2730250842,,Muslim,Amman,FRENCH,Grade 4,A,2024-25,257,Regular (Continuing),Regular Mode,Regular,2023-09-01,Yes,Rohan Khan,Priya Khan,+966517412639,mehek.khan257@parent.com,"116 Al-Nuzha Street, Jeddah"
,Tala Al-Ghamdi,تالا الغامدي,Female,2016-07-10,Saudi Arabia,National ID,1304399749,,,Muslim,Khobar,FRENCH,Grade 5,A,2024-25,258,Regular (Continuing),Seasonal Mode,Regular,2025-09-01,Yes,Omar Al-Ghamdi,Lujain Al-Ghamdi,+966518701476,tala.alghamdi258@parent.com,"89 Al-Nuzha Street, Jeddah"
,Zoe Kim,زوي كيم,Female,2015-04-24,Syria,Iqama,,2799144366,,Muslim,Sanaa,FRENCH,Grade 6,A,2024-25,259,Transfer,Online Mode,Transfer,2025-09-01,Yes,Ayaan Kim,Khadija Kim,+966590835028,zoe.kim259@parent.com,"136 Al-Nuzha Street, Jeddah"
,Ali Al-Yamani,علي اليماني,Male,2014-10-15,Saudi Arabia,National ID,1215276325,,,Muslim,Mecca,FRENCH,Grade 7,A,2024-25,260,Transfer,Regular Mode,Transfer,2025-09-01,Yes,Faisal Al-Yamani,Ghada Al-Yamani,+966595095597,ali.alyamani260@parent.com,"265 Al-Nuzha Street, Jeddah"
,Salman Al-Sabah,سلمان الصباح,Male,2013-02-11,Saudi Arabia,National ID,1509596444,,,Non-Muslim,Tabuk,FRENCH,Grade 8,A,2024-25,261,Regular (Continuing),Seasonal Mode,Regular,2025-09-01,Yes,Ali Al-Sabah,Dana Al-Sabah,+966573676220,salman.alsabah261@parent.com,"10 Al-Nuzha Street, Jeddah"
,Hanan Al-Yamani,حنان اليماني,Female,2012-02-01,Saudi Arabia,National ID,1825702440,,,Muslim,Riyadh,FRENCH,Grade 9,A,2024-25,262,Regular (Continuing),Online Mode,Regular,2022-09-01,Yes,Talal Al-Yamani,Joud Al-Yamani,+966555875950,hanan.alyamani262@parent.com,"245 Al-Nuzha Street, Jeddah"
,Sultan Al-Ghamdi,سلطان الغامدي,Male,2011-12-05,Saudi Arabia,National ID,1582931222,,,Muslim,Jeddah,FRENCH,Grade 10,A,2024-25,263,New Student,Online Mode,New,2023-09-01,Yes,Salman Al-Ghamdi,Layla Al-Ghamdi,+966577906425,sultan.alghamdi263@parent.com,"107 Al-Nuzha Street, Jeddah"
,Vihaan Mahmood,فيهان محمود,Male,2010-03-08,Bangladesh,Iqama,,2332897344,,Muslim,Khartoum,FRENCH,Grade 11,A,2024-25,264,Transfer,Seasonal Mode,Transfer,2025-09-01,Yes,Hassan Mahmood,Olivia Mahmood,+966563195008,vihaan.mahmood264@parent.com,"154 Al-Nuzha Street, Jeddah"
,Yazeed Al-Hussein,يزيد الحسين,Male,2009-07-22,Saudi Arabia,National ID,1250058562,,,Muslim,Khobar,FRENCH,Grade 12,A,2024-25,265,New Student,Online Mode,New,2022-09-01,Yes,Ziyad Al-Hussein,Hanan Al-Hussein,+966560001571,yazeed.alhussein265@parent.com,"213 Al-Nuzha Street, Jeddah"
,Riya Patel,ريا باتل,Female,2020-04-27,Syria,Iqama,,2200408269,,Non-Muslim,London,FRENCH,KG1,A,2024-25,266,Regular (Continuing),Regular Mode,Regular,2022-09-01,Yes,Hamza Patel,Khadija Patel,+966594532231,riya.patel266@parent.com,"46 Al-Nuzha Street, Jeddah"
,Ghada Al-Saud,غادة آل سعود,Female,2019-09-15,Saudi Arabia,National ID,1590123287,,,Non-Muslim,Mecca,FRENCH,KG2,A,2024-25,267,Regular (Continuing),Regular Mode,Regular,2024-09-01,Yes,Talal Al-Saud,Reema Al-Saud,+966571250945,ghada.alsaud267@parent.com,"255 Al-Nuzha Street, Jeddah"
,Ahmed Siddiqui,أحمد صديقي,Male,2020-09-25,United Kingdom,Passport,,,BL2413724,Muslim,Karachi,FRENCH,Grade 1,A,2024-25,268,New Student,Online Mode,New,2023-09-01,Yes,Ayaan Siddiqui,Aliya Siddiqui,+966531533804,ahmed.siddiqui268@parent.com,"65 Al-Nuzha Street, Jeddah"
,Tala Al-Tamimi,تالا التميمي,Female,2019-03-15,Saudi Arabia,National ID,1814980025,,,Non-Muslim,Madinah,FRENCH,Grade 2,A,2024-25,269,New Student,Regular Mode,New,2022-09-01,Yes,Saud Al-Tamimi,Hanan Al-Tamimi,+966506998038,tala.altamimi269@parent.com,"108 Al-Nuzha Street, Jeddah"
,Rohan Brown,روهان براون,Male,2018-12-24,Egypt,Iqama,,2772968667,,Muslim,Damascus,FRENCH,Grade 3,A,2024-25,270,Regular (Continuing),Online Mode,Regular,2024-09-01,Yes,Ayaan Brown,Emma Brown,+966597645301,rohan.brown270@parent.com,"151 Al-Nuzha Street, Jeddah"
,Priya Kim,بريا كيم,Female,2017-01-05,Bangladesh,Passport,,,NH8462872,Muslim,Jakarta,FRENCH,Grade 4,A,2024-25,271,New Student,Seasonal Mode,New,2024-09-01,Yes,Daniel Kim,Aliya Kim,+966545836898,priya.kim271@parent.com,"48 Al-Nuzha Street, Jeddah"
,Noura Al-Saud,نورة آل سعود,Female,2016-03-04,Saudi Arabia,National ID,1552831541,,,Non-Muslim,Tabuk,FRENCH,Grade 5,A,2024-25,272,Regular (Continuing),Online Mode,Regular,2024-09-01,Yes,Anas Al-Saud,Norah Al-Saud,+966591241217,noura.alsaud272@parent.com,"123 Al-Nuzha Street, Jeddah"
,Faris Wang,فارس وانج,Male,2015-11-27,Bangladesh,Iqama,,2110972605,,Muslim,Jakarta,FRENCH,Grade 6,A,2024-25,273,Regular (Continuing),Seasonal Mode,Regular,2023-09-01,Yes,Ayaan Wang,Sofia Wang,+966525276284,faris.wang273@parent.com,"152 Al-Nuzha Street, Jeddah"
,Ibrahim Al-Hussein,إبراهيم الحسين,Male,2014-04-11,Saudi Arabia,National ID,1762119716,,,Muslim,Jeddah,FRENCH,Grade 7,A,2024-25,274,Regular (Continuing),Seasonal Mode,Regular,2025-09-01,Yes,Turki Al-Hussein,Salma Al-Hussein,+966568032720,ibrahim.alhussein274@parent.com,"69 Al-Nuzha Street, Jeddah"
,Fatima Saleh,فاطمة صالح,Female,2013-03-12,Indonesia,Passport,,,JL3557770,Muslim,Sanaa,FRENCH,Grade 8,A,2024-25,275,New Student,Seasonal Mode,New,2025-09-01,Yes,Imran Saleh,Olivia Saleh,+966565894445,fatima.saleh275@parent.com,"87 Al-Nuzha Street, Jeddah"
,Ahmed Chen,أحمد تشين,Male,2012-07-28,Bangladesh,Passport,,,KB9595832,Muslim,London,FRENCH,Grade 9,A,2024-25,276,Regular (Continuing),Online Mode,Regular,2025-09-01,Yes,Adam Chen,Mehek Chen,+966586723038,ahmed.chen276@parent.com,"143 Al-Nuzha Street, Jeddah"
,Sophia Mansoor,سوفيا منصور,Female,2011-10-23,Philippines,Iqama,,2483512874,,Muslim,Amman,FRENCH,Grade 10,A,2024-25,277,Regular (Continuing),Online Mode,Regular,2022-09-01,Yes,Ayaan Mansoor,Sophia Mansoor,+966563318244,sophia.mansoor277@parent.com,"3 Al-Nuzha Street, Jeddah"
,Yousef Al-Otaibi,يوسف العتيبي,Male,2010-01-15,Saudi Arabia,National ID,1345246317,,,Muslim,Jeddah,FRENCH,Grade 11,A,2024-25,278,Transfer,Regular Mode,Transfer,2022-09-01,Yes,Waleed Al-Otaibi,Norah Al-Otaibi,+966521872494,yousef.alotaibi278@parent.com,"99 Al-Nuzha Street, Jeddah"
,Mustafa Mahmood,مصطفى محمود,Male,2009-05-06,Syria,Passport,,,LA2300042,Non-Muslim,Khartoum,FRENCH,Grade 12,A,2024-25,279,Regular (Continuing),Regular Mode,Regular,2022-09-01,Yes,Imran Mahmood,Aisha Mahmood,+966565337154,mustafa.mahmood279@parent.com,"213 Al-Nuzha Street, Jeddah"
,Khadija Reddy,خديجة ريدي,Female,2020-02-04,Philippines,Iqama,,2248498993,,Non-Muslim,Dhaka,FRENCH,KG1,A,2024-25,280,Regular (Continuing),Regular Mode,Regular,2024-09-01,Yes,Yusuf Reddy,Sophia Reddy,+966510085642,khadija.reddy280@parent.com,"213 Al-Nuzha Street, Jeddah"
,Adam Chen,آدم تشين,Male,2019-02-17,United States,Iqama,,2279779585,,Muslim,Dhaka,FRENCH,KG2,A,2024-25,281,New Student,Seasonal Mode,New,2022-09-01,Yes,John Chen,Olivia Chen,+966538670274,adam.chen281@parent.com,"61 Al-Nuzha Street, Jeddah"
,Sadia Rahman,صادية رحمن,Female,2020-10-03,Pakistan,Iqama,,2225781130,,Muslim,London,FRENCH,Grade 1,A,2024-25,282,Transfer,Online Mode,Transfer,2022-09-01,Yes,Faris Rahman,Priya Rahman,+966590936423,sadia.rahman282@parent.com,"15 Al-Nuzha Street, Jeddah"
,Anvi Sheikh,أنفي شيخ,Female,2019-07-14,Pakistan,Iqama,,2460235119,,Muslim,Damascus,FRENCH,Grade 2,A,2024-25,283,New Student,Regular Mode,New,2025-09-01,Yes,Yusuf Sheikh,Saanvi Sheikh,+966520190446,anvi.sheikh283@parent.com,"115 Al-Nuzha Street, Jeddah"
,Ahmed Malik,أحمد مالك,Male,2018-11-05,United Kingdom,Iqama,,2665807481,,Muslim,New York,FRENCH,Grade 3,A,2024-25,284,New Student,Online Mode,New,2025-09-01,Yes,Rohan Malik,Sana Malik,+966532296701,ahmed.malik284@parent.com,"207 Al-Nuzha Street, Jeddah"
,Aljawhara Al-Sudais,الجوهرة السديس,Female,2017-11-06,Saudi Arabia,National ID,1199544615,,,Muslim,Jeddah,FRENCH,Grade 4,A,2024-25,285,New Student,Regular Mode,New,2025-09-01,Yes,Salman Al-Sudais,Lujain Al-Sudais,+966543400306,aljawhara.alsudais285@parent.com,"72 Al-Nuzha Street, Jeddah"
,Adam Malik,آدم مالك,Male,2016-04-03,Yemen,Iqama,,2448682321,,Muslim,Jakarta,FRENCH,Grade 5,A,2024-25,286,Regular (Continuing),Online Mode,Regular,2025-09-01,Yes,Faris Malik,Aisha Malik,+966517689954,adam.malik286@parent.com,"85 Al-Nuzha Street, Jeddah"
,Zayn Patel,زين باتل,Male,2015-03-08,Bangladesh,Passport,,,EL3971109,Muslim,Manila,FRENCH,Grade 6,A,2024-25,287,New Student,Seasonal Mode,New,2022-09-01,Yes,Rohan Patel,Anaya Patel,+966563211401,zayn.patel287@parent.com,"106 Al-Nuzha Street, Jeddah"
,Priya Sheikh,بريا شيخ,Female,2014-05-08,Yemen,Iqama,,2172757220,,Muslim,Manila,FRENCH,Grade 7,A,2024-25,288,Transfer,Seasonal Mode,Transfer,2023-09-01,Yes,Yusuf Sheikh,Sofia Sheikh,+966523290915,priya.sheikh288@parent.com,"298 Al-Nuzha Street, Jeddah"
,Khadija Siddiqui,خديجة صديقي,Female,2013-10-19,United Kingdom,Iqama,,2311479259,,Muslim,New York,FRENCH,Grade 8,A,2024-25,289,Regular (Continuing),Seasonal Mode,Regular,2025-09-01,Yes,Talha Siddiqui,Anika Siddiqui,+966512722165,khadija.siddiqui289@parent.com,"53 Al-Nuzha Street, Jeddah"
,Reema Al-Dosari,ريما الدوسري,Female,2012-08-22,Saudi Arabia,National ID,1227487788,,,Muslim,Dammam,FRENCH,Grade 9,A,2024-25,290,Regular (Continuing),Seasonal Mode,Regular,2022-09-01,Yes,Faisal Al-Dosari,Aisha Al-Dosari,+966582832629,reema.aldosari290@parent.com,"229 Al-Nuzha Street, Jeddah"
,Tala Al-Sulami,تالا السلمي,Female,2011-06-23,Saudi Arabia,National ID,1141428142,,,Muslim,Madinah,FRENCH,Grade 10,A,2024-25,291,Regular (Continuing),Regular Mode,Regular,2023-09-01,Yes,Majed Al-Sulami,Amal Al-Sulami,+966556719936,tala.alsulami291@parent.com,"181 Al-Nuzha Street, Jeddah"
,Riya Ali,ريا علي,Female,2010-05-13,Philippines,Passport,,,CM6026463,Muslim,Cairo,FRENCH,Grade 11,A,2024-25,292,Regular (Continuing),Seasonal Mode,Regular,2023-09-01,Yes,Talha Ali,Sana Ali,+966591804077,riya.ali292@parent.com,"210 Al-Nuzha Street, Jeddah"
,Salman Al-Harbi,سلمان الحربي,Male,2009-11-14,Saudi Arabia,National ID,1406368780,,,Muslim,Abha,FRENCH,Grade 12,A,2024-25,293,Regular (Continuing),Online Mode,Regular,2023-09-01,Yes,Fahad Al-Harbi,Dalal Al-Harbi,+966525239114,salman.alharbi293@parent.com,"64 Al-Nuzha Street, Jeddah"
,Manal Al-Harbi,منال الحربي,Female,2020-12-06,Saudi Arabia,National ID,1673491615,,,Muslim,Riyadh,FRENCH,KG1,A,2024-25,294,Transfer,Online Mode,Transfer,2023-09-01,Yes,Ammar Al-Harbi,Dana Al-Harbi,+966583837804,manal.alharbi294@parent.com,"187 Al-Nuzha Street, Jeddah"
,Ziyad Al-Tamimi,زياد التميمي,Male,2019-08-10,Saudi Arabia,National ID,1816287312,,,Non-Muslim,Khobar,FRENCH,KG2,A,2024-25,295,Transfer,Online Mode,Transfer,2022-09-01,Yes,Hassan Al-Tamimi,Asma Al-Tamimi,+966597801358,ziyad.altamimi295@parent.com,"7 Al-Nuzha Street, Jeddah"
,Anas Al-Fayez,أنس الفايز,Male,2020-03-28,Saudi Arabia,National ID,1198275155,,,Muslim,Buraidah,FRENCH,Grade 1,A,2024-25,296,Transfer,Regular Mode,Transfer,2025-09-01,Yes,Omar Al-Fayez,Lujain Al-Fayez,+966500385278,anas.alfayez296@parent.com,"24 Al-Nuzha Street, Jeddah"
,Lujain Al-Tamimi,لجين التميمي,Female,2019-09-16,Saudi Arabia,National ID,1059613480,,,Muslim,Mecca,FRENCH,Grade 2,A,2024-25,297,Regular (Continuing),Seasonal Mode,Regular,2025-09-01,Yes,Adel Al-Tamimi,Asma Al-Tamimi,+966500385922,lujain.altamimi297@parent.com,"268 Al-Nuzha Street, Jeddah"
,Nour Chen,نور تشين,Female,2018-05-24,Pakistan,Iqama,,2790687562,,Non-Muslim,Khartoum,FRENCH,Grade 3,A,2024-25,298,Regular (Continuing),Online Mode,Regular,2023-09-01,Yes,Tariq Chen,Hira Chen,+966570235101,nour.chen298@parent.com,"197 Al-Nuzha Street, Jeddah"
,Aisha Al-Rashid,عائشة الراشد,Female,2017-12-12,Saudi Arabia,National ID,1040730266,,,Non-Muslim,Riyadh,FRENCH,Grade 4,A,2024-25,299,Regular (Continuing),Regular Mode,Regular,2024-09-01,Yes,Ziyad Al-Rashid,Raghad Al-Rashid,+966541604147,aisha.alrashid299@parent.com,"113 Al-Nuzha Street, Jeddah"
,Joud Al-Otaibi,جود العتيبي,Female,2016-08-09,Saudi Arabia,National ID,1168516393,,,Non-Muslim,Riyadh,FRENCH,Grade 5,A,2024-25,300,New Student,Online Mode,New,2024-09-01,Yes,Hassan Al-Otaibi,Fatima Al-Otaibi,+966567339824,joud.alotaibi300@parent.com,"31 Al-Nuzha Street, Jeddah"
,Daniel Malik,دانيال مالك,Male,2015-12-17,Indonesia,Passport,,,JM6859857,Muslim,Khartoum,FRENCH,Grade 6,A,2024-25,301,New Student,Online Mode,New,2023-09-01,Yes,Talha Malik,Anika Malik,+966522730722,daniel.malik301@parent.com,"221 Al-Nuzha Street, Jeddah"
,Ghada Al-Ghamdi,غادة الغامدي,Female,2014-10-05,Saudi Arabia,National ID,1301490751,,,Muslim,Buraidah,FRENCH,Grade 7,A,2024-25,302,New Student,Seasonal Mode,New,2022-09-01,Yes,Yazeed Al-Ghamdi,Lujain Al-Ghamdi,+966535005045,ghada.alghamdi302@parent.com,"137 Al-Nuzha Street, Jeddah"
,Ziyad Al-Mutairi,زياد المطيري,Male,2013-12-18,Saudi Arabia,National ID,1062829382,,,Muslim,Madinah,FRENCH,Grade 8,A,2024-25,303,Transfer,Regular Mode,Transfer,2024-09-01,Yes,Hatim Al-Mutairi,Maha Al-Mutairi,+966589950630,ziyad.almutairi303@parent.com,"4 Al-Nuzha Street, Jeddah"
,Mariam Singh,مريم سينغ,Female,2012-01-20,Yemen,Passport,,,GG3178471,Non-Muslim,Damascus,FRENCH,Grade 9,A,2024-25,304,Regular (Continuing),Seasonal Mode,Regular,2023-09-01,Yes,John Singh,Mariam Singh,+966548917219,mariam.singh304@parent.com,"264 Al-Nuzha Street, Jeddah"
,Mariam Al-Yamani,مريم اليماني,Female,2011-04-28,Saudi Arabia,National ID,1950326633,,,Muslim,Abha,FRENCH,Grade 10,A,2024-25,305,Transfer,Regular Mode,Transfer,2025-09-01,Yes,Omar Al-Yamani,Joud Al-Yamani,+966545315561,mariam.alyamani305@parent.com,"158 Al-Nuzha Street, Jeddah"
,Ibrahim Al-Anazi,إبراهيم العنزي,Male,2010-08-02,Saudi Arabia,National ID,1319945932,,,Muslim,Madinah,FRENCH,Grade 11,A,2024-25,306,Transfer,Seasonal Mode,Transfer,2022-09-01,Yes,Bader Al-Anazi,Noura Al-Anazi,+966522446887,ibrahim.alanazi306@parent.com,"215 Al-Nuzha Street, Jeddah"
,Faisal Al-Shehri,فيصل الشهري,Male,2009-02-23,Saudi Arabia,National ID,1040698683,,,Muslim,Mecca,FRENCH,Grade 12,A,2024-25,307,Regular (Continuing),Seasonal Mode,Regular,2023-09-01,Yes,Sultan Al-Shehri,Sara Al-Shehri,+966513828480,faisal.alshehri307@parent.com,"298 Al-Nuzha Street, Jeddah"
,Aisha Al-Shehri,عائشة الشهري,Female,2020-08-09,Saudi Arabia,National ID,1762545626,,,Muslim,Tabuk,FRENCH,KG1,A,2024-25,308,Transfer,Online Mode,Transfer,2024-09-01,Yes,Saud Al-Shehri,Noura Al-Shehri,+966583944068,aisha.alshehri308@parent.com,"30 Al-Nuzha Street, Jeddah"
,Hira Brown,هيرا براون,Female,2019-10-26,United Kingdom,Iqama,,2705193882,,Muslim,Khartoum,FRENCH,KG2,A,2024-25,309,Regular (Continuing),Online Mode,Regular,2022-09-01,Yes,Adam Brown,Maya Brown,+966517077619,hira.brown309@parent.com,"181 Al-Nuzha Street, Jeddah"
,Aisha Smith,عائشة سميث,Female,2020-05-18,Pakistan,Iqama,,2007775849,,Muslim,Damascus,FRENCH,Grade 1,A,2024-25,310,Regular (Continuing),Online Mode,Regular,2022-09-01,Yes,Aryan Smith,Sana Smith,+966595579614,aisha.smith310@parent.com,"250 Al-Nuzha Street, Jeddah"
,Raed Al-Zahrani,رائد الزهراني,Male,2019-03-07,Saudi Arabia,National ID,1990849490,,,Muslim,Madinah,FRENCH,Grade 2,A,2024-25,311,New Student,Seasonal Mode,New,2024-09-01,Yes,Faisal Al-Zahrani,Reem Al-Zahrani,+966514484923,raed.alzahrani311@parent.com,"189 Al-Nuzha Street, Jeddah"
,Khalid Al-Sudais,خالد السديس,Male,2018-01-13,Saudi Arabia,National ID,1458427596,,,Muslim,Dammam,FRENCH,Grade 3,A,2024-25,312,New Student,Regular Mode,New,2022-09-01,Yes,Sultan Al-Sudais,Hessa Al-Sudais,+966584476607,khalid.alsudais312@parent.com,"33 Al-Nuzha Street, Jeddah"
,Wafa Al-Sulami,وفاء السلمي,Female,2017-08-12,Saudi Arabia,National ID,1290536728,,,Muslim,Khobar,FRENCH,Grade 4,A,2024-25,313,Regular (Continuing),Regular Mode,Regular,2023-09-01,Yes,Mohammed Al-Sulami,Raghad Al-Sulami,+966533305373,wafa.alsulami313@parent.com,"288 Al-Nuzha Street, Jeddah"
,Sofia Sharma,صوفيا شارما,Female,2016-01-03,United Kingdom,Passport,,,LM5467214,Non-Muslim,Cairo,FRENCH,Grade 5,A,2024-25,314,Regular (Continuing),Online Mode,Regular,2024-09-01,Yes,Junaid Sharma,Anaya Sharma,+966595246492,sofia.sharma314@parent.com,"77 Al-Nuzha Street, Jeddah"
,Hamad Al-Dosari,حمد الدوسري,Male,2015-01-09,Saudi Arabia,National ID,1773712277,,,Muslim,Jeddah,FRENCH,Grade 6,A,2024-25,315,Regular (Continuing),Seasonal Mode,Regular,2023-09-01,Yes,Saif Al-Dosari,Noura Al-Dosari,+966559320463,hamad.aldosari315@parent.com,"87 Al-Nuzha Street, Jeddah"
,Norah Al-Rashid,نورة الراشد,Female,2014-02-24,Saudi Arabia,National ID,1103860377,,,Non-Muslim,Buraidah,FRENCH,Grade 7,A,2024-25,316,Regular (Continuing),Seasonal Mode,Regular,2024-09-01,Yes,Yazeed Al-Rashid,Sara Al-Rashid,+966589726918,norah.alrashid316@parent.com,"14 Al-Nuzha Street, Jeddah"
,Amal Al-Harbi,أمل الحربي,Female,2013-09-20,Saudi Arabia,National ID,1357663843,,,Muslim,Dammam,FRENCH,Grade 8,A,2024-25,317,Transfer,Regular Mode,Transfer,2025-09-01,Yes,Bader Al-Harbi,Manal Al-Harbi,+966524618907,amal.alharbi317@parent.com,"274 Al-Nuzha Street, Jeddah"
,Priya Singh,بريا سينغ,Female,2012-07-24,United Kingdom,Iqama,,2709962814,,Muslim,Khartoum,FRENCH,Grade 9,A,2024-25,318,Regular (Continuing),Online Mode,Regular,2023-09-01,Yes,David Singh,Sana Singh,+966536502048,priya.singh318@parent.com,"107 Al-Nuzha Street, Jeddah"
,Bandar Al-Tamimi,بندر التميمي,Male,2011-02-02,Saudi Arabia,National ID,1110786511,,,Non-Muslim,Khobar,FRENCH,Grade 10,A,2024-25,319,Transfer,Online Mode,Transfer,2023-09-01,Yes,Ziyad Al-Tamimi,Renad Al-Tamimi,+966578171845,bandar.altamimi319@parent.com,"268 Al-Nuzha Street, Jeddah"
,Waleed Al-Anazi,وليد العنزي,Male,2010-01-28,Saudi Arabia,National ID,1439065287,,,Muslim,Tabuk,FRENCH,Grade 11,A,2024-25,320,Regular (Continuing),Online Mode,Regular,2022-09-01,Yes,Adel Al-Anazi,Dalal Al-Anazi,+966598237359,waleed.alanazi320@parent.com,"28 Al-Nuzha Street, Jeddah"
,Zoe Shaikh,زوي شيخ,Female,2009-05-07,Pakistan,Iqama,,2890738809,,Muslim,Khartoum,FRENCH,Grade 12,A,2024-25,321,Transfer,Online Mode,Transfer,2024-09-01,Yes,Yusuf Shaikh,Priya Shaikh,+966554743940,zoe.shaikh321@parent.com,"38 Al-Nuzha Street, Jeddah"
,Hassan Mahmood,حسن محمود,Male,2020-10-05,Sudan,Passport,,,AA2649934,Muslim,New York,FRENCH,KG1,A,2024-25,322,New Student,Online Mode,New,2024-09-01,Yes,John Mahmood,Sadia Mahmood,+966541457269,hassan.mahmood322@parent.com,"131 Al-Nuzha Street, Jeddah"
,Yusuf Shaikh,يوسف شيخ,Male,2019-06-24,Jordan,Iqama,,2843212896,,Muslim,London,FRENCH,KG2,A,2024-25,323,Regular (Continuing),Seasonal Mode,Regular,2023-09-01,Yes,John Shaikh,Maya Shaikh,+966517989275,yusuf.shaikh323@parent.com,"12 Al-Nuzha Street, Jeddah"
,Shaden Al-Sudais,شادن السديس,Female,2020-04-24,Saudi Arabia,National ID,1142406378,,,Muslim,Riyadh,FRENCH,Grade 1,A,2024-25,324,Regular (Continuing),Regular Mode,Regular,2024-09-01,Yes,Hamad Al-Sudais,Joud Al-Sudais,+966596413146,shaden.alsudais324@parent.com,"74 Al-Nuzha Street, Jeddah"
,Imran Hussain,عمران حسين,Male,2019-06-21,Egypt,Passport,,,NN4158655,Muslim,Khartoum,FRENCH,Grade 2,A,2024-25,325,Regular (Continuing),Seasonal Mode,Regular,2025-09-01,Yes,Rohan Hussain,Hira Hussain,+966560681312,imran.hussain325@parent.com,"298 Al-Nuzha Street, Jeddah"
,Hamza Khan,حمزة خان,Male,2018-06-25,Jordan,Iqama,,2210379502,,Muslim,Amman,FRENCH,Grade 3,A,2024-25,326,Regular (Continuing),Seasonal Mode,Regular,2025-09-01,Yes,Kabir Khan,Anika Khan,+966588084053,hamza.khan326@parent.com,"28 Al-Nuzha Street, Jeddah"
,Turki Al-Sulami,تركي السلمي,Male,2017-08-05,Saudi Arabia,National ID,1417062249,,,Muslim,Riyadh,FRENCH,Grade 4,A,2024-25,327,Regular (Continuing),Seasonal Mode,Regular,2025-09-01,Yes,Hamad Al-Sulami,Noura Al-Sulami,+966512287532,turki.alsulami327@parent.com,"127 Al-Nuzha Street, Jeddah"
,Riya Saleh,ريا صالح,Female,2016-04-05,Pakistan,Iqama,,2405341773,,Muslim,Jakarta,FRENCH,Grade 5,A,2024-25,328,Regular (Continuing),Regular Mode,Regular,2023-09-01,Yes,Hamza Saleh,Sana Saleh,+966539391229,riya.saleh328@parent.com,"61 Al-Nuzha Street, Jeddah"
,Imran Kumar,عمران كومار,Male,2015-05-02,Egypt,Iqama,,2797007356,,Muslim,Cairo,FRENCH,Grade 6,A,2024-25,329,Transfer,Seasonal Mode,Transfer,2024-09-01,Yes,Aryan Kumar,Anvi Kumar,+966546042009,imran.kumar329@parent.com,"179 Al-Nuzha Street, Jeddah"
,Rohan Gupta,روهان جوبتا,Male,2014-08-13,Philippines,Passport,,,MC9636050,Muslim,Mumbai,FRENCH,Grade 7,A,2024-25,330,Transfer,Regular Mode,Transfer,2022-09-01,Yes,James Gupta,Mehek Gupta,+966526869675,rohan.gupta330@parent.com,"41 Al-Nuzha Street, Jeddah"
,Ghada Al-Shehri,غادة الشهري,Female,2013-08-20,Saudi Arabia,National ID,1498734651,,,Non-Muslim,Dammam,FRENCH,Grade 8,A,2024-25,331,Regular (Continuing),Online Mode,Regular,2025-09-01,Yes,Sultan Al-Shehri,Hessa Al-Shehri,+966511583813,ghada.alshehri331@parent.com,"37 Al-Nuzha Street, Jeddah"
,Naif Al-Mutairi,نايف المطيري,Male,2012-11-17,Saudi Arabia,National ID,1285782656,,,Muslim,Madinah,FRENCH,Grade 9,A,2024-25,332,Regular (Continuing),Seasonal Mode,Regular,2022-09-01,Yes,Talal Al-Mutairi,Fatima Al-Mutairi,+966521630173,naif.almutairi332@parent.com,"50 Al-Nuzha Street, Jeddah"
,Salma Al-Ghamdi,سلمى الغامدي,Female,2011-11-28,Saudi Arabia,National ID,1558224656,,,Non-Muslim,Abha,FRENCH,Grade 10,A,2024-25,333,Regular (Continuing),Seasonal Mode,Regular,2024-09-01,Yes,Hamad Al-Ghamdi,Sara Al-Ghamdi,+966555381647,salma.alghamdi333@parent.com,"243 Al-Nuzha Street, Jeddah"
,Saud Al-Hashemi,سعود الهاشمي,Male,2010-11-17,Saudi Arabia,National ID,1318492049,,,Muslim,Buraidah,FRENCH,Grade 11,A,2024-25,334,Regular (Continuing),Seasonal Mode,Regular,2025-09-01,Yes,Talal Al-Hashemi,Aisha Al-Hashemi,+966552626868,saud.alhashemi334@parent.com,"291 Al-Nuzha Street, Jeddah"
,Sofia Saleh,صوفيا صالح,Female,2009-12-10,Pakistan,Iqama,,2338739020,,Muslim,Karachi,FRENCH,Grade 12,A,2024-25,335,Regular (Continuing),Regular Mode,Regular,2022-09-01,Yes,James Saleh,Priya Saleh,+966525001228,sofia.saleh335@parent.com,"268 Al-Nuzha Street, Jeddah"
,Talal Al-Dosari,طلال الدوسري,Male,2020-05-09,Saudi Arabia,National ID,1379151566,,,Muslim,Madinah,FRENCH,KG1,A,2024-25,336,Regular (Continuing),Online Mode,Regular,2025-09-01,Yes,Ammar Al-Dosari,Layla Al-Dosari,+966564060233,talal.aldosari336@parent.com,"90 Al-Nuzha Street, Jeddah"
,Riya Khan,ريا خان,Female,2019-05-18,United Kingdom,Passport,,,JF7338138,Muslim,Khartoum,FRENCH,KG2,A,2024-25,337,Regular (Continuing),Online Mode,Regular,2023-09-01,Yes,Zayn Khan,Diya Khan,+966570104822,riya.khan337@parent.com,"29 Al-Nuzha Street, Jeddah"
,Hessa Al-Tamimi,حصة التميمي,Female,2020-03-16,Saudi Arabia,National ID,1582650139,,,Muslim,Abha,FRENCH,Grade 1,A,2024-25,338,Transfer,Online Mode,Transfer,2024-09-01,Yes,Hassan Al-Tamimi,Mariam Al-Tamimi,+966549360225,hessa.altamimi338@parent.com,"254 Al-Nuzha Street, Jeddah"
,Abdullah Al-Ghamdi,عبدالله الغامدي,Male,2019-05-01,Saudi Arabia,National ID,1532242383,,,Muslim,Buraidah,FRENCH,Grade 2,A,2024-25,339,Regular (Continuing),Seasonal Mode,Regular,2025-09-01,Yes,Ibrahim Al-Ghamdi,Latifa Al-Ghamdi,+966592021519,abdullah.alghamdi339@parent.com,"91 Al-Nuzha Street, Jeddah"
,Sadia Shaikh,صادية شيخ,Female,2018-08-06,Bangladesh,Iqama,,2139445160,,Muslim,London,FRENCH,Grade 3,A,2024-25,340,New Student,Online Mode,New,2024-09-01,Yes,John Shaikh,Nayla Shaikh,+966540063654,sadia.shaikh340@parent.com,"90 Al-Nuzha Street, Jeddah"
,Hamad Al-Sulami,حمد السلمي,Male,2017-05-13,Saudi Arabia,National ID,1191879542,,,Muslim,Abha,FRENCH,Grade 4,A,2024-25,341,Regular (Continuing),Seasonal Mode,Regular,2022-09-01,Yes,Mohammed Al-Sulami,Fatima Al-Sulami,+966528196775,hamad.alsulami341@parent.com,"263 Al-Nuzha Street, Jeddah"
,Saanvi Mahmood,سانفي محمود,Female,2016-05-17,Syria,Iqama,,2571304641,,Muslim,Cairo,FRENCH,Grade 5,A,2024-25,342,Transfer,Online Mode,Transfer,2022-09-01,Yes,Michael Mahmood,Maya Mahmood,+966510466430,saanvi.mahmood342@parent.com,"244 Al-Nuzha Street, Jeddah"
,Reem Al-Hussein,ريم الحسين,Female,2015-11-02,Saudi Arabia,National ID,1628645809,,,Muslim,Abha,FRENCH,Grade 6,A,2024-25,343,Regular (Continuing),Regular Mode,Regular,2022-09-01,Yes,Hatim Al-Hussein,Latifa Al-Hussein,+966533890535,reem.alhussein343@parent.com,"192 Al-Nuzha Street, Jeddah"
,Zoe Garcia,زوي جارسيا,Female,2014-08-04,Yemen,Iqama,,2361804110,,Non-Muslim,New York,FRENCH,Grade 7,A,2024-25,344,New Student,Online Mode,New,2025-09-01,Yes,Bilal Garcia,Mariam Garcia,+966525496961,zoe.garcia344@parent.com,"5 Al-Nuzha Street, Jeddah"
,Tariq Chen,طارق تشين,Male,2013-11-09,Sudan,Iqama,,2766835924,,Non-Muslim,Amman,FRENCH,Grade 8,A,2024-25,345,Regular (Continuing),Seasonal Mode,Regular,2025-09-01,Yes,Yusuf Chen,Aisha Chen,+966540796087,tariq.chen345@parent.com,"149 Al-Nuzha Street, Jeddah"
,Latifa Al-Sulami,لطيفة السلمي,Female,2012-12-10,Saudi Arabia,National ID,1907666354,,,Muslim,Tabuk,FRENCH,Grade 9,A,2024-25,346,New Student,Seasonal Mode,New,2023-09-01,Yes,Mohammed Al-Sulami,Shaden Al-Sulami,+966538646402,latifa.alsulami346@parent.com,"140 Al-Nuzha Street, Jeddah"
,Bandar Al-Shehri,بندر الشهري,Male,2011-03-15,Saudi Arabia,National ID,1375287198,,,Non-Muslim,Tabuk,FRENCH,Grade 10,A,2024-25,347,Regular (Continuing),Seasonal Mode,Regular,2024-09-01,Yes,Majed Al-Shehri,Ghada Al-Shehri,+966520170689,bandar.alshehri347@parent.com,"55 Al-Nuzha Street, Jeddah"
,Zain Wang,زين وانج,Male,2010-02-01,United Kingdom,Passport,,,EJ0018038,Muslim,Dhaka,FRENCH,Grade 11,A,2024-25,348,Regular (Continuing),Regular Mode,Regular,2025-09-01,Yes,Faris Wang,Riya Wang,+966502788361,zain.wang348@parent.com,"186 Al-Nuzha Street, Jeddah"
,Maha Al-Maliki,مها المالكي,Female,2009-02-22,Saudi Arabia,National ID,1345341588,,,Non-Muslim,Khobar,FRENCH,Grade 12,A,2024-25,349,Transfer,Seasonal Mode,Transfer,2022-09-01,Yes,Turki Al-Maliki,Amal Al-Maliki,+966523067726,maha.almaliki349@parent.com,"123 Al-Nuzha Street, Jeddah"
,Aliya Ahmed,عالية أحمد,Female,2020-04-19,Syria,Iqama,,2022507419,,Muslim,Cairo,FRENCH,KG1,A,2024-25,350,Regular (Continuing),Regular Mode,Regular,2024-09-01,Yes,Zain Ahmed,Sophia Ahmed,+966509547738,aliya.ahmed350@parent.com,"231 Al-Nuzha Street, Jeddah"
,Ali Al-Sudais,علي السديس,Male,2019-06-18,Saudi Arabia,National ID,1598871600,,,Muslim,Buraidah,FRENCH,KG2,A,2024-25,351,Regular (Continuing),Online Mode,Regular,2025-09-01,Yes,Ibrahim Al-Sudais,Fatima Al-Sudais,+966512104671,ali.alsudais351@parent.com,"29 Al-Nuzha Street, Jeddah"
,Diya Ahmed,ديا أحمد,Female,2020-06-14,Pakistan,Iqama,,2525899764,,Muslim,London,FRENCH,Grade 1,A,2024-25,352,Regular (Continuing),Online Mode,Regular,2024-09-01,Yes,John Ahmed,Sofia Ahmed,+966599733857,diya.ahmed352@parent.com,"291 Al-Nuzha Street, Jeddah"
,Junaid Mahmood,جنيد محمود,Male,2019-06-13,United States,Iqama,,2443789139,,Non-Muslim,New York,FRENCH,Grade 2,A,2024-25,353,New Student,Online Mode,New,2024-09-01,Yes,Adam Mahmood,Aliya Mahmood,+966547134822,junaid.mahmood353@parent.com,"242 Al-Nuzha Street, Jeddah"
,Omar Al-Hashemi,عمر الهاشمي,Male,2018-12-17,Saudi Arabia,National ID,1973892615,,,Non-Muslim,Mecca,FRENCH,Grade 3,A,2024-25,354,Regular (Continuing),Seasonal Mode,Regular,2022-09-01,Yes,Talal Al-Hashemi,Joud Al-Hashemi,+966544724863,omar.alhashemi354@parent.com,"50 Al-Nuzha Street, Jeddah"
,Anvi Patel,أنفي باتل,Female,2017-08-22,India,Iqama,,2729897465,,Muslim,Khartoum,FRENCH,Grade 4,A,2024-25,355,New Student,Regular Mode,New,2023-09-01,Yes,Faris Patel,Nour Patel,+966555175609,anvi.patel355@parent.com,"90 Al-Nuzha Street, Jeddah"
,Asma Al-Maliki,أسماء المالكي,Female,2016-05-02,Saudi Arabia,National ID,1603262098,,,Muslim,Mecca,FRENCH,Grade 5,A,2024-25,356,Transfer,Seasonal Mode,Transfer,2025-09-01,Yes,Turki Al-Maliki,Wafa Al-Maliki,+966512314236,asma.almaliki356@parent.com,"52 Al-Nuzha Street, Jeddah"
,Fatima Malik,فاطمة مالك,Female,2015-11-06,Syria,Iqama,,2846847386,,Muslim,London,FRENCH,Grade 6,A,2024-25,357,Regular (Continuing),Online Mode,Regular,2023-09-01,Yes,Daniel Malik,Layla Malik,+966541849709,fatima.malik357@parent.com,"9 Al-Nuzha Street, Jeddah"
,Bader Al-Yamani,بدر اليماني,Male,2014-04-14,Saudi Arabia,National ID,1301630046,,,Muslim,Jeddah,FRENCH,Grade 7,A,2024-25,358,Regular (Continuing),Online Mode,Regular,2022-09-01,Yes,Majed Al-Yamani,Lama Al-Yamani,+966526904321,bader.alyamani358@parent.com,"134 Al-Nuzha Street, Jeddah"
,Imran Ibrahim,عمران إبراهيم,Male,2013-11-08,Yemen,Iqama,,2628426442,,Muslim,Sanaa,FRENCH,Grade 8,A,2024-25,359,Regular (Continuing),Online Mode,Regular,2025-09-01,Yes,Ahmed Ibrahim,Khadija Ibrahim,+966541221880,imran.ibrahim359@parent.com,"98 Al-Nuzha Street, Jeddah"
,Ibrahim Al-Sulami,إبراهيم السلمي,Male,2012-12-28,Saudi Arabia,National ID,1943892040,,,Muslim,Mecca,FRENCH,Grade 9,A,2024-25,360,Regular (Continuing),Online Mode,Regular,2024-09-01,Yes,Hassan Al-Sulami,Hessa Al-Sulami,+966597143860,ibrahim.alsulami360@parent.com,"244 Al-Nuzha Street, Jeddah"
,Daniel Kim,دانيال كيم,Male,2011-07-21,Yemen,Passport,,,AL4326405,Muslim,New York,FRENCH,Grade 10,A,2024-25,361,Regular (Continuing),Regular Mode,Regular,2024-09-01,Yes,Imran Kim,Nour Kim,+966537421327,daniel.kim361@parent.com,"133 Al-Nuzha Street, Jeddah"
,Vihaan Saleh,فيهان صالح,Male,2010-01-27,Pakistan,Passport,,,KM8931891,Muslim,Sanaa,FRENCH,Grade 11,A,2024-25,362,Regular (Continuing),Regular Mode,Regular,2022-09-01,Yes,Imran Saleh,Nayla Saleh,+966593672561,vihaan.saleh362@parent.com,"138 Al-Nuzha Street, Jeddah"
,Adel Al-Hussein,عادل الحسين,Male,2009-12-04,Saudi Arabia,National ID,1737918910,,,Muslim,Tabuk,FRENCH,Grade 12,A,2024-25,363,Transfer,Regular Mode,Transfer,2022-09-01,Yes,Turki Al-Hussein,Joud Al-Hussein,+966539841557,adel.alhussein363@parent.com,"2 Al-Nuzha Street, Jeddah"
,Reema Al-Mutairi,ريما المطيري,Female,2020-03-27,Saudi Arabia,National ID,1587985466,,,Muslim,Dammam,FRENCH,KG1,A,2024-25,364,Regular (Continuing),Seasonal Mode,Regular,2022-09-01,Yes,Sultan Al-Mutairi,Asma Al-Mutairi,+966543612906,reema.almutairi364@parent.com,"55 Al-Nuzha Street, Jeddah"
,Majed Al-Hashemi,ماجد الهاشمي,Male,2019-01-19,Saudi Arabia,National ID,1585179197,,,Non-Muslim,Khobar,FRENCH,KG2,A,2024-25,365,Regular (Continuing),Regular Mode,Regular,2022-09-01,Yes,Fahad Al-Hashemi,Amal Al-Hashemi,+966559193940,majed.alhashemi365@parent.com,"151 Al-Nuzha Street, Jeddah"
,Anas Al-Zahrani,أنس الزهراني,Male,2020-11-17,Saudi Arabia,National ID,1214428487,,,Muslim,Buraidah,FRENCH,Grade 1,A,2024-25,366,Regular (Continuing),Regular Mode,Regular,2025-09-01,Yes,Ali Al-Zahrani,Ghada Al-Zahrani,+966512382882,anas.alzahrani366@parent.com,"276 Al-Nuzha Street, Jeddah"
,Mehek Smith,مهك سميث,Female,2019-10-04,United States,Iqama,,2656365884,,Muslim,Karachi,FRENCH,Grade 2,A,2024-25,367,Regular (Continuing),Online Mode,Regular,2023-09-01,Yes,Aryan Smith,Maya Smith,+966513632211,mehek.smith367@parent.com,"239 Al-Nuzha Street, Jeddah"
,Adam Gupta,آدم جوبتا,Male,2018-07-01,Yemen,Iqama,,2608463361,,Muslim,Amman,FRENCH,Grade 3,A,2024-25,368,New Student,Regular Mode,New,2025-09-01,Yes,Zayn Gupta,Riya Gupta,+966508536572,adam.gupta368@parent.com,"73 Al-Nuzha Street, Jeddah"
,Ibrahim Al-Fayez,إبراهيم الفايز,Male,2017-04-05,Saudi Arabia,National ID,1539802847,,,Non-Muslim,Abha,FRENCH,Grade 4,A,2024-25,369,Regular (Continuing),Online Mode,Regular,2022-09-01,Yes,Turki Al-Fayez,Reema Al-Fayez,+966522338662,ibrahim.alfayez369@parent.com,"185 Al-Nuzha Street, Jeddah"
,Riya Hassan,ريا حسن,Female,2016-10-22,Syria,Iqama,,2844959213,,Muslim,Cairo,FRENCH,Grade 5,A,2024-25,370,Regular (Continuing),Seasonal Mode,Regular,2022-09-01,Yes,Aryan Hassan,Nour Hassan,+966586048413,riya.hassan370@parent.com,"167 Al-Nuzha Street, Jeddah"
,Yazeed Al-Qahtani,يزيد القحطاني,Male,2015-09-07,Saudi Arabia,National ID,1541395882,,,Muslim,Mecca,FRENCH,Grade 6,A,2024-25,371,New Student,Regular Mode,New,2023-09-01,Yes,Omar Al-Qahtani,Amal Al-Qahtani,+966500252473,yazeed.alqahtani371@parent.com,"55 Al-Nuzha Street, Jeddah"
,Bandar Al-Qahtani,بندر القحطاني,Male,2014-04-03,Saudi Arabia,National ID,1285948995,,,Non-Muslim,Dammam,FRENCH,Grade 7,A,2024-25,372,Regular (Continuing),Seasonal Mode,Regular,2025-09-01,Yes,Anas Al-Qahtani,Shaden Al-Qahtani,+966570271730,bandar.alqahtani372@parent.com,"98 Al-Nuzha Street, Jeddah"
,Faris Reddy,فارس ريدي,Male,2013-10-09,United States,Iqama,,2275476519,,Muslim,Damascus,FRENCH,Grade 8,A,2024-25,373,Regular (Continuing),Online Mode,Regular,2025-09-01,Yes,Adam Reddy,Maya Reddy,+966502858315,faris.reddy373@parent.com,"120 Al-Nuzha Street, Jeddah"
,Aryan Garcia,آريان جارسيا,Male,2012-09-10,Egypt,Iqama,,2544983033,,Muslim,Jakarta,FRENCH,Grade 9,A,2024-25,374,Regular (Continuing),Online Mode,Regular,2022-09-01,Yes,Zain Garcia,Nour Garcia,+966548180847,aryan.garcia374@parent.com,"274 Al-Nuzha Street, Jeddah"
,Saanvi Wang,سانفي وانج,Female,2011-02-14,Yemen,Iqama,,2569809896,,Muslim,Dhaka,FRENCH,Grade 10,A,2024-25,375,Regular (Continuing),Online Mode,Regular,2025-09-01,Yes,Bilal Wang,Layla Wang,+966552778889,saanvi.wang375@parent.com,"149 Al-Nuzha Street, Jeddah"
,Zainab Reddy,زينب ريدي,Female,2010-02-14,Jordan,Iqama,,2730184366,,Muslim,London,FRENCH,Grade 11,A,2024-25,376,Regular (Continuing),Seasonal Mode,Regular,2023-09-01,Yes,Rohan Reddy,Riya Reddy,+966562584136,zainab.reddy376@parent.com,"141 Al-Nuzha Street, Jeddah"
,Mariam Rahman,مريم رحمن,Female,2009-08-27,Yemen,Passport,,,FF0429079,Muslim,Cairo,FRENCH,Grade 12,A,2024-25,377,Transfer,Online Mode,Transfer,2024-09-01,Yes,Ahmed Rahman,Diya Rahman,+966507481835,mariam.rahman377@parent.com,"5 Al-Nuzha Street, Jeddah"
,Riya Ibrahim,ريا إبراهيم,Female,2020-02-27,Jordan,Iqama,,2871943313,,Muslim,Jakarta,FRENCH,KG1,A,2024-25,378,Transfer,Seasonal Mode,Transfer,2023-09-01,Yes,Yusuf Ibrahim,Zoe Ibrahim,+966578039542,riya.ibrahim378@parent.com,"170 Al-Nuzha Street, Jeddah"
,Mehek Saleh,مهك صالح,Female,2019-05-13,United Kingdom,Passport,,,EF9575727,Muslim,London,FRENCH,KG2,A,2024-25,379,Regular (Continuing),Online Mode,Regular,2023-09-01,Yes,Ismail Saleh,Maya Saleh,+966547483614,mehek.saleh379@parent.com,"196 Al-Nuzha Street, Jeddah"
,Aryan Garcia,آريان جارسيا,Male,2020-03-22,Yemen,Iqama,,2247114903,,Non-Muslim,Damascus,FRENCH,Grade 1,A,2024-25,380,Transfer,Seasonal Mode,Transfer,2023-09-01,Yes,James Garcia,Nayla Garcia,+966565709594,aryan.garcia380@parent.com,"76 Al-Nuzha Street, Jeddah"
,Hamza Garcia,حمزة جارسيا,Male,2019-10-17,Jordan,Iqama,,2486814627,,Non-Muslim,London,FRENCH,Grade 2,A,2024-25,381,New Student,Online Mode,New,2024-09-01,Yes,Faris Garcia,Nayla Garcia,+966518379416,hamza.garcia381@parent.com,"45 Al-Nuzha Street, Jeddah"
,Olivia Smith,أوليفيا سميث,Female,2018-04-08,Sudan,Iqama,,2273390337,,Muslim,Karachi,FRENCH,Grade 3,A,2024-25,382,Transfer,Seasonal Mode,Transfer,2023-09-01,Yes,Vihaan Smith,Emma Smith,+966599594810,olivia.smith382@parent.com,"57 Al-Nuzha Street, Jeddah"
,Hamza Patel,حمزة باتل,Male,2017-11-21,India,Iqama,,2368690665,,Muslim,Karachi,FRENCH,Grade 4,A,2024-25,383,New Student,Online Mode,New,2024-09-01,Yes,Aryan Patel,Fatima Patel,+966541300899,hamza.patel383@parent.com,"135 Al-Nuzha Street, Jeddah"
,Ibrahim Al-Maliki,إبراهيم المالكي,Male,2016-08-06,Saudi Arabia,National ID,1525998003,,,Muslim,Riyadh,FRENCH,Grade 5,A,2024-25,384,Regular (Continuing),Regular Mode,Regular,2024-09-01,Yes,Ibrahim Al-Maliki,Noura Al-Maliki,+966591962273,ibrahim.almaliki384@parent.com,"50 Al-Nuzha Street, Jeddah"
,Anas Al-Dosari,أنس الدوسري,Male,2015-01-09,Saudi Arabia,National ID,1465746818,,,Muslim,Abha,FRENCH,Grade 6,A,2024-25,385,Transfer,Regular Mode,Transfer,2024-09-01,Yes,Talal Al-Dosari,Tala Al-Dosari,+966543986208,anas.aldosari385@parent.com,"252 Al-Nuzha Street, Jeddah"
,Ghada Al-Sabah,غادة الصباح,Female,2014-08-15,Saudi Arabia,National ID,1771005054,,,Muslim,Tabuk,FRENCH,Grade 7,A,2024-25,386,New Student,Seasonal Mode,New,2023-09-01,Yes,Waleed Al-Sabah,Tala Al-Sabah,+966535018333,ghada.alsabah386@parent.com,"92 Al-Nuzha Street, Jeddah"
,Aisha Al-Maliki,عائشة المالكي,Female,2013-01-01,Saudi Arabia,National ID,1599990799,,,Muslim,Dammam,FRENCH,Grade 8,A,2024-25,387,Transfer,Regular Mode,Transfer,2025-09-01,Yes,Omar Al-Maliki,Dalal Al-Maliki,+966521369830,aisha.almaliki387@parent.com,"24 Al-Nuzha Street, Jeddah"
,Dana Al-Otaibi,دانا العتيبي,Female,2012-03-22,Saudi Arabia,National ID,1668267185,,,Muslim,Buraidah,FRENCH,Grade 9,A,2024-25,388,New Student,Seasonal Mode,New,2024-09-01,Yes,Hatim Al-Otaibi,Ghada Al-Otaibi,+966519139554,dana.alotaibi388@parent.com,"52 Al-Nuzha Street, Jeddah"
,Maha Al-Dosari,مها الدوسري,Female,2011-07-18,Saudi Arabia,National ID,1123557451,,,Muslim,Madinah,FRENCH,Grade 10,A,2024-25,389,Transfer,Seasonal Mode,Transfer,2023-09-01,Yes,Abdullah Al-Dosari,Hessa Al-Dosari,+966522773683,maha.aldosari389@parent.com,"50 Al-Nuzha Street, Jeddah"
,Yazeed Al-Ghamdi,يزيد الغامدي,Male,2010-03-04,Saudi Arabia,National ID,1233070421,,,Muslim,Buraidah,FRENCH,Grade 11,A,2024-25,390,Regular (Continuing),Regular Mode,Regular,2024-09-01,Yes,Turki Al-Ghamdi,Amal Al-Ghamdi,+966518910226,yazeed.alghamdi390@parent.com,"287 Al-Nuzha Street, Jeddah"
,Jana Al-Rashid,جنى الراشد,Female,2009-09-15,Saudi Arabia,National ID,1236719572,,,Muslim,Buraidah,FRENCH,Grade 12,A,2024-25,391,Transfer,Online Mode,Transfer,2025-09-01,Yes,Ammar Al-Rashid,Tala Al-Rashid,+966538207148,jana.alrashid391@parent.com,"86 Al-Nuzha Street, Jeddah"
,Sophia Mansoor,سوفيا منصور,Female,2020-02-23,Bangladesh,Passport,,,NJ6013612,Muslim,Dhaka,FRENCH,KG1,A,2024-25,392,New Student,Regular Mode,New,2024-09-01,Yes,Aryan Mansoor,Fatima Mansoor,+966566759743,sophia.mansoor392@parent.com,"220 Al-Nuzha Street, Jeddah"
,Maya Ahmed,مايا أحمد,Female,2019-03-04,India,Iqama,,2978651477,,Muslim,Damascus,FRENCH,KG2,A,2024-25,393,Regular (Continuing),Regular Mode,Regular,2022-09-01,Yes,Ayaan Ahmed,Nour Ahmed,+966522717783,maya.ahmed393@parent.com,"52 Al-Nuzha Street, Jeddah"
,Khadija Gupta,خديجة جوبتا,Female,2020-08-15,Yemen,Iqama,,2341541829,,Muslim,Mumbai,FRENCH,Grade 1,A,2024-25,394,Regular (Continuing),Online Mode,Regular,2023-09-01,Yes,Talha Gupta,Aliya Gupta,+966507477530,khadija.gupta394@parent.com,"119 Al-Nuzha Street, Jeddah"
,Vihaan Hassan,فيهان حسن,Male,2019-04-03,Bangladesh,Iqama,,2377770343,,Non-Muslim,Cairo,FRENCH,Grade 2,A,2024-25,395,New Student,Regular Mode,New,2025-09-01,Yes,Ayaan Hassan,Mariam Hassan,+966548878667,vihaan.hassan395@parent.com,"128 Al-Nuzha Street, Jeddah"
,Talha Shaikh,طلحة شيخ,Male,2018-08-25,Pakistan,Passport,,,AJ9112215,Non-Muslim,Dhaka,FRENCH,Grade 3,A,2024-25,396,Regular (Continuing),Online Mode,Regular,2025-09-01,Yes,Yusuf Shaikh,Nour Shaikh,+966539776640,talha.shaikh396@parent.com,"5 Al-Nuzha Street, Jeddah"
,Sana Ali,سناء علي,Female,2017-02-02,India,Iqama,,2787709135,,Muslim,Damascus,FRENCH,Grade 4,A,2024-25,397,Transfer,Online Mode,Transfer,2025-09-01,Yes,Mustafa Ali,Layla Ali,+966538671275,sana.ali397@parent.com,"194 Al-Nuzha Street, Jeddah"
,Shaden Al-Hashemi,شادن الهاشمي,Female,2016-10-20,Saudi Arabia,National ID,1820204612,,,Muslim,Riyadh,FRENCH,Grade 5,A,2024-25,398,Regular (Continuing),Regular Mode,Regular,2023-09-01,Yes,Yousef Al-Hashemi,Hanan Al-Hashemi,+966598148175,shaden.alhashemi398@parent.com,"41 Al-Nuzha Street, Jeddah"
,Diya Patel,ديا باتل,Female,2015-08-24,Jordan,Iqama,,2371791122,,Muslim,Mumbai,FRENCH,Grade 6,A,2024-25,399,New Student,Regular Mode,New,2022-09-01,Yes,Rohan Patel,Olivia Patel,+966557742800,diya.patel399@parent.com,"202 Al-Nuzha Street, Jeddah"
,Maha Al-Sulami,مها السلمي,Female,2014-05-26,Saudi Arabia,National ID,1034799687,,,Muslim,Buraidah,FRENCH,Grade 7,A,2024-25,400,Regular (Continuing),Online Mode,Regular,2022-09-01,Yes,Talal Al-Sulami,Lama Al-Sulami,+966548554774,maha.alsulami400@parent.com,"254 Al-Nuzha Street, Jeddah"
,Norah Al-Saud,نورة آل سعود,Female,2013-01-15,Saudi Arabia,National ID,1422349845,,,Muslim,Riyadh,FRENCH,Grade 8,A,2024-25,401,Regular (Continuing),Regular Mode,Regular,2022-09-01,Yes,Talal Al-Saud,Hanan Al-Saud,+966550325570,norah.alsaud401@parent.com,"228 Al-Nuzha Street, Jeddah"
,Aisha Al-Hashemi,عائشة الهاشمي,Female,2012-06-23,Saudi Arabia,National ID,1137462342,,,Muslim,Abha,FRENCH,Grade 9,A,2024-25,402,Regular (Continuing),Online Mode,Regular,2024-09-01,Yes,Bader Al-Hashemi,Asma Al-Hashemi,+966586495296,aisha.alhashemi402@parent.com,"172 Al-Nuzha Street, Jeddah"
,Norah Al-Yamani,نورة اليماني,Female,2011-03-08,Saudi Arabia,National ID,1491697094,,,Non-Muslim,Buraidah,FRENCH,Grade 10,A,2024-25,403,Transfer,Seasonal Mode,Transfer,2022-09-01,Yes,Hamad Al-Yamani,Hanan Al-Yamani,+966513353736,norah.alyamani403@parent.com,"187 Al-Nuzha Street, Jeddah"
,Faris Habib,فارس حبيب,Male,2010-11-22,Jordan,Iqama,,2322789140,,Muslim,Jakarta,FRENCH,Grade 11,A,2024-25,404,Regular (Continuing),Online Mode,Regular,2022-09-01,Yes,Ayaan Habib,Anaya Habib,+966503536469,faris.habib404@parent.com,"190 Al-Nuzha Street, Jeddah"
,Bandar Al-Hashemi,بندر الهاشمي,Male,2009-10-18,Saudi Arabia,National ID,1023578388,,,Muslim,Jeddah,FRENCH,Grade 12,A,2024-25,405,Regular (Continuing),Seasonal Mode,Regular,2024-09-01,Yes,Nawaf Al-Hashemi,Noura Al-Hashemi,+966578918766,bandar.alhashemi405@parent.com,"290 Al-Nuzha Street, Jeddah"
,Daniel Sharma,دانيال شارما,Male,2020-06-15,United States,Iqama,,2028418194,,Muslim,New York,FRENCH,KG1,A,2024-25,406,New Student,Regular Mode,New,2023-09-01,Yes,Bilal Sharma,Maya Sharma,+966523002400,daniel.sharma406@parent.com,"264 Al-Nuzha Street, Jeddah"
,Salman Al-Hashemi,سلمان الهاشمي,Male,2019-12-24,Saudi Arabia,National ID,1606311901,,,Muslim,Riyadh,FRENCH,KG2,A,2024-25,407,Regular (Continuing),Online Mode,Regular,2024-09-01,Yes,Hatim Al-Hashemi,Lama Al-Hashemi,+966534587947,salman.alhashemi407@parent.com,"192 Al-Nuzha Street, Jeddah"
,Ali Al-Hussein,علي الحسين,Male,2020-05-17,Saudi Arabia,National ID,1273601346,,,Muslim,Madinah,FRENCH,Grade 1,A,2024-25,408,Regular (Continuing),Seasonal Mode,Regular,2023-09-01,Yes,Mohammed Al-Hussein,Aljawhara Al-Hussein,+966585105403,ali.alhussein408@parent.com,"197 Al-Nuzha Street, Jeddah"
,Aryan Ali,آريان علي,Male,2019-05-03,United States,Iqama,,2078917931,,Muslim,New York,FRENCH,Grade 2,A,2024-25,409,Regular (Continuing),Regular Mode,Regular,2025-09-01,Yes,Hamza Ali,Olivia Ali,+966546214151,aryan.ali409@parent.com,"151 Al-Nuzha Street, Jeddah"
,Amal Al-Tamimi,أمل التميمي,Female,2018-06-25,Saudi Arabia,National ID,1081730480,,,Muslim,Madinah,FRENCH,Grade 3,A,2024-25,410,Transfer,Seasonal Mode,Transfer,2025-09-01,Yes,Ziyad Al-Tamimi,Jana Al-Tamimi,+966558670398,amal.altamimi410@parent.com,"191 Al-Nuzha Street, Jeddah"
,John Brown,جون براون,Male,2017-05-14,United Kingdom,Iqama,,2354288003,,Muslim,London,FRENCH,Grade 4,A,2024-25,411,Transfer,Seasonal Mode,Transfer,2023-09-01,Yes,Mustafa Brown,Diya Brown,+966522893777,john.brown411@parent.com,"219 Al-Nuzha Street, Jeddah"
,Junaid Saleh,جنيد صالح,Male,2016-11-10,Egypt,Iqama,,2198160965,,Muslim,Khartoum,FRENCH,Grade 5,A,2024-25,412,Regular (Continuing),Seasonal Mode,Regular,2024-09-01,Yes,Daniel Saleh,Anaya Saleh,+966589084210,junaid.saleh412@parent.com,"131 Al-Nuzha Street, Jeddah"
,Talal Al-Rashid,طلال الراشد,Male,2015-04-25,Saudi Arabia,National ID,1968652107,,,Muslim,Khobar,FRENCH,Grade 6,A,2024-25,413,Regular (Continuing),Seasonal Mode,Regular,2024-09-01,Yes,Yousef Al-Rashid,Reem Al-Rashid,+966592398966,talal.alrashid413@parent.com,"15 Al-Nuzha Street, Jeddah"
,Waleed Al-Dosari,وليد الدوسري,Male,2014-09-05,Saudi Arabia,National ID,1929152900,,,Muslim,Buraidah,FRENCH,Grade 7,A,2024-25,414,Regular (Continuing),Online Mode,Regular,2024-09-01,Yes,Yousef Al-Dosari,Dalal Al-Dosari,+966523120228,waleed.aldosari414@parent.com,"144 Al-Nuzha Street, Jeddah"
,Sara Al-Rashid,سارة الراشد,Female,2013-04-04,Saudi Arabia,National ID,1871615003,,,Muslim,Dammam,FRENCH,Grade 8,A,2024-25,415,New Student,Seasonal Mode,New,2022-09-01,Yes,Salman Al-Rashid,Aljawhara Al-Rashid,+966569083045,sara.alrashid415@parent.com,"188 Al-Nuzha Street, Jeddah"
,Diya Siddiqui,ديا صديقي,Female,2012-06-16,India,Passport,,,FG8811455,Non-Muslim,Mumbai,FRENCH,Grade 9,A,2024-25,416,Regular (Continuing),Regular Mode,Regular,2022-09-01,Yes,Zain Siddiqui,Diya Siddiqui,+966552623875,diya.siddiqui416@parent.com,"171 Al-Nuzha Street, Jeddah"
,Anvi Singh,أنفي سينغ,Female,2011-10-16,Bangladesh,Passport,,,GC9913596,Muslim,Mumbai,FRENCH,Grade 10,A,2024-25,417,Regular (Continuing),Seasonal Mode,Regular,2025-09-01,Yes,Aryan Singh,Fatima Singh,+966571289651,anvi.singh417@parent.com,"119 Al-Nuzha Street, Jeddah"
,Riya Ahmed,ريا أحمد,Female,2010-02-04,Egypt,Passport,,,HH4320503,Muslim,Dhaka,FRENCH,Grade 11,A,2024-25,418,Regular (Continuing),Seasonal Mode,Regular,2024-09-01,Yes,Rohan Ahmed,Fatima Ahmed,+966571348928,riya.ahmed418@parent.com,"261 Al-Nuzha Street, Jeddah"
,Ammar Al-Otaibi,عمار العتيبي,Male,2009-07-04,Saudi Arabia,National ID,1249298318,,,Muslim,Madinah,FRENCH,Grade 12,A,2024-25,419,Regular (Continuing),Seasonal Mode,Regular,2024-09-01,Yes,Talal Al-Otaibi,Manal Al-Otaibi,+966573427570,ammar.alotaibi419@parent.com,"232 Al-Nuzha Street, Jeddah"
,Majed Al-Saud,ماجد آل سعود,Male,2020-12-11,Saudi Arabia,National ID,1453694120,,,Muslim,Madinah,FRENCH,KG1,A,2024-25,420,Transfer,Regular Mode,Transfer,2023-09-01,Yes,Mohammed Al-Saud,Dana Al-Saud,+966590903979,majed.alsaud420@parent.com,"32 Al-Nuzha Street, Jeddah"
,Waleed Al-Ghamdi,وليد الغامدي,Male,2019-09-11,Saudi Arabia,National ID,1000302072,,,Muslim,Madinah,FRENCH,KG2,A,2024-25,421,New Student,Online Mode,New,2025-09-01,Yes,Adel Al-Ghamdi,Norah Al-Ghamdi,+966529272456,waleed.alghamdi421@parent.com,"129 Al-Nuzha Street, Jeddah"
,Saif Al-Maliki,سيف المالكي,Male,2020-07-28,Saudi Arabia,National ID,1948255168,,,Muslim,Mecca,FRENCH,Grade 1,A,2024-25,422,Regular (Continuing),Regular Mode,Regular,2024-09-01,Yes,Hassan Al-Maliki,Asma Al-Maliki,+966572427881,saif.almaliki422@parent.com,"72 Al-Nuzha Street, Jeddah"
,Yazeed Al-Shehri,يزيد الشهري,Male,2019-04-18,Saudi Arabia,National ID,1439124879,,,Muslim,Mecca,FRENCH,Grade 2,A,2024-25,423,Regular (Continuing),Regular Mode,Regular,2025-09-01,Yes,Mohammed Al-Shehri,Salma Al-Shehri,+966578675356,yazeed.alshehri423@parent.com,"166 Al-Nuzha Street, Jeddah"
,Riya Rahman,ريا رحمن,Female,2018-03-10,Sudan,Iqama,,2149803636,,Non-Muslim,Karachi,FRENCH,Grade 3,A,2024-25,424,New Student,Seasonal Mode,New,2025-09-01,Yes,Bilal Rahman,Nayla Rahman,+966584509949,riya.rahman424@parent.com,"146 Al-Nuzha Street, Jeddah"
,Ali Al-Sabah,علي الصباح,Male,2017-08-18,Saudi Arabia,National ID,1898157206,,,Muslim,Riyadh,FRENCH,Grade 4,A,2024-25,425,Regular (Continuing),Regular Mode,Regular,2025-09-01,Yes,Talal Al-Sabah,Lama Al-Sabah,+966510378582,ali.alsabah425@parent.com,"131 Al-Nuzha Street, Jeddah"
,Adam Ahmed,آدم أحمد,Male,2016-01-03,Egypt,Passport,,,FC5618539,Muslim,London,FRENCH,Grade 5,A,2024-25,426,Regular (Continuing),Online Mode,Regular,2024-09-01,Yes,Michael Ahmed,Maya Ahmed,+966580734669,adam.ahmed426@parent.com,"138 Al-Nuzha Street, Jeddah"
,Junaid Sheikh,جنيد شيخ,Male,2015-06-12,United Kingdom,Passport,,,LF2539789,Muslim,New York,FRENCH,Grade 6,A,2024-25,427,Transfer,Online Mode,Transfer,2024-09-01,Yes,Michael Sheikh,Riya Sheikh,+966554817737,junaid.sheikh427@parent.com,"133 Al-Nuzha Street, Jeddah"
,Nayla Mahmood,نايلة محمود,Female,2014-05-15,Syria,Passport,,,CE7100383,Muslim,London,FRENCH,Grade 7,A,2024-25,428,Regular (Continuing),Online Mode,Regular,2022-09-01,Yes,Adam Mahmood,Saanvi Mahmood,+966529901971,nayla.mahmood428@parent.com,"267 Al-Nuzha Street, Jeddah"
,Bandar Al-Hashemi,بندر الهاشمي,Male,2013-12-14,Saudi Arabia,National ID,1087764828,,,Muslim,Tabuk,FRENCH,Grade 8,A,2024-25,429,Regular (Continuing),Seasonal Mode,Regular,2025-09-01,Yes,Ziyad Al-Hashemi,Manal Al-Hashemi,+966512509128,bandar.alhashemi429@parent.com,"53 Al-Nuzha Street, Jeddah"
,Bilal Ali,بلال علي,Male,2012-06-07,Indonesia,Iqama,,2039036850,,Non-Muslim,Dhaka,FRENCH,Grade 9,A,2024-25,430,New Student,Regular Mode,New,2022-09-01,Yes,Ismail Ali,Zoe Ali,+966510946614,bilal.ali430@parent.com,"7 Al-Nuzha Street, Jeddah"
,Mehek Garcia,مهك جارسيا,Female,2011-02-24,Jordan,Iqama,,2646726453,,Muslim,Amman,FRENCH,Grade 10,A,2024-25,431,Regular (Continuing),Online Mode,Regular,2022-09-01,Yes,Hamza Garcia,Nour Garcia,+966583226041,mehek.garcia431@parent.com,"293 Al-Nuzha Street, Jeddah"
,Salma Al-Anazi,سلمى العنزي,Female,2010-07-12,Saudi Arabia,National ID,1507010378,,,Muslim,Jeddah,FRENCH,Grade 11,A,2024-25,432,New Student,Regular Mode,New,2023-09-01,Yes,Khalid Al-Anazi,Sara Al-Anazi,+966569949209,salma.alanazi432@parent.com,"278 Al-Nuzha Street, Jeddah"
,Sophia Kim,سوفيا كيم,Female,2009-05-02,United Kingdom,Iqama,,2070801336,,Muslim,Jakarta,FRENCH,Grade 12,A,2024-25,433,Regular (Continuing),Seasonal Mode,Regular,2022-09-01,Yes,Michael Kim,Sana Kim,+966539263838,sophia.kim433@parent.com,"196 Al-Nuzha Street, Jeddah"
,Hanan Al-Rashid,حنان الراشد,Female,2020-12-05,Saudi Arabia,National ID,1926703091,,,Muslim,Buraidah,FRENCH,KG1,A,2024-25,434,New Student,Seasonal Mode,New,2025-09-01,Yes,Salman Al-Rashid,Salma Al-Rashid,+966513855493,hanan.alrashid434@parent.com,"19 Al-Nuzha Street, Jeddah"
,Bilal Saleh,بلال صالح,Male,2019-08-22,Bangladesh,Iqama,,2303915648,,Muslim,Manila,FRENCH,KG2,A,2024-25,435,New Student,Regular Mode,New,2024-09-01,Yes,Adam Saleh,Anvi Saleh,+966587546578,bilal.saleh435@parent.com,"233 Al-Nuzha Street, Jeddah"
,Asma Al-Sabah,أسماء الصباح,Female,2020-11-08,Saudi Arabia,National ID,1322330140,,,Muslim,Abha,FRENCH,Grade 1,A,2024-25,436,New Student,Seasonal Mode,New,2025-09-01,Yes,Hatim Al-Sabah,Salma Al-Sabah,+966592558472,asma.alsabah436@parent.com,"49 Al-Nuzha Street, Jeddah"
,Asma Al-Saud,أسماء آل سعود,Female,2019-09-08,Saudi Arabia,National ID,1234081325,,,Non-Muslim,Riyadh,FRENCH,Grade 2,A,2024-25,437,Transfer,Online Mode,Transfer,2022-09-01,Yes,Mohammed Al-Saud,Hanan Al-Saud,+966563450447,asma.alsaud437@parent.com,"186 Al-Nuzha Street, Jeddah"
,Diya Malik,ديا مالك,Female,2018-05-13,Yemen,Iqama,,2252792780,,Muslim,Khartoum,FRENCH,Grade 3,A,2024-25,438,Regular (Continuing),Regular Mode,Regular,2025-09-01,Yes,Aryan Malik,Emma Malik,+966582209490,diya.malik438@parent.com,"280 Al-Nuzha Street, Jeddah"
,Nour Gupta,نور جوبتا,Female,2017-01-25,India,Iqama,,2427715093,,Muslim,Karachi,FRENCH,Grade 4,A,2024-25,439,New Student,Seasonal Mode,New,2022-09-01,Yes,Yusuf Gupta,Anaya Gupta,+966572122077,nour.gupta439@parent.com,"115 Al-Nuzha Street, Jeddah"
,Hamza Brown,حمزة براون,Male,2016-09-13,United Kingdom,Iqama,,2183792513,,Muslim,Damascus,FRENCH,Grade 5,A,2024-25,440,Regular (Continuing),Seasonal Mode,Regular,2023-09-01,Yes,Michael Brown,Fatima Brown,+966594434272,hamza.brown440@parent.com,"263 Al-Nuzha Street, Jeddah"
,Mustafa Singh,مصطفى سينغ,Male,2015-11-16,Egypt,Iqama,,2656478242,,Muslim,New York,FRENCH,Grade 6,A,2024-25,441,Regular (Continuing),Regular Mode,Regular,2022-09-01,Yes,Imran Singh,Anvi Singh,+966546398585,mustafa.singh441@parent.com,"64 Al-Nuzha Street, Jeddah"
,Kabir Brown,كبير براون,Male,2014-08-18,United Kingdom,Iqama,,2528362345,,Muslim,Cairo,FRENCH,Grade 7,A,2024-25,442,Regular (Continuing),Seasonal Mode,Regular,2025-09-01,Yes,Zayn Brown,Khadija Brown,+966518551841,kabir.brown442@parent.com,"59 Al-Nuzha Street, Jeddah"
,Noura Al-Tamimi,نورة التميمي,Female,2013-02-25,Saudi Arabia,National ID,1570895314,,,Muslim,Jeddah,FRENCH,Grade 8,A,2024-25,443,Regular (Continuing),Online Mode,Regular,2023-09-01,Yes,Ibrahim Al-Tamimi,Reem Al-Tamimi,+966559863767,noura.altamimi443@parent.com,"153 Al-Nuzha Street, Jeddah"
,Olivia Hassan,أوليفيا حسن,Female,2012-09-20,United Kingdom,Iqama,,2372731115,,Muslim,Amman,FRENCH,Grade 9,A,2024-25,444,Transfer,Online Mode,Transfer,2022-09-01,Yes,Hassan Hassan,Mariam Hassan,+966519434913,olivia.hassan444@parent.com,"236 Al-Nuzha Street, Jeddah"
,Yousef Al-Harbi,يوسف الحربي,Male,2011-04-03,Saudi Arabia,National ID,1579450201,,,Muslim,Jeddah,FRENCH,Grade 10,A,2024-25,445,Regular (Continuing),Seasonal Mode,Regular,2022-09-01,Yes,Salman Al-Harbi,Sara Al-Harbi,+966595898790,yousef.alharbi445@parent.com,"182 Al-Nuzha Street, Jeddah"
,Ibrahim Al-Mutairi,إبراهيم المطيري,Male,2010-09-24,Saudi Arabia,National ID,1577777303,,,Muslim,Riyadh,FRENCH,Grade 11,A,2024-25,446,Transfer,Seasonal Mode,Transfer,2024-09-01,Yes,Hatim Al-Mutairi,Amal Al-Mutairi,+966503823136,ibrahim.almutairi446@parent.com,"139 Al-Nuzha Street, Jeddah"
,Ismail Hussain,إسماعيل حسين,Male,2009-03-18,Syria,Iqama,,2806635683,,Muslim,Khartoum,FRENCH,Grade 12,A,2024-25,447,Transfer,Online Mode,Transfer,2022-09-01,Yes,Mustafa Hussain,Olivia Hussain,+966531511856,ismail.hussain447@parent.com,"238 Al-Nuzha Street, Jeddah"
,Dana Al-Ghamdi,دانا الغامدي,Female,2020-02-20,Saudi Arabia,National ID,1468496848,,,Muslim,Riyadh,FRENCH,KG1,A,2024-25,448,New Student,Regular Mode,New,2024-09-01,Yes,Ammar Al-Ghamdi,Aisha Al-Ghamdi,+966593816916,dana.alghamdi448@parent.com,"266 Al-Nuzha Street, Jeddah"
,Wafa Al-Sabah,وفاء الصباح,Female,2019-04-14,Saudi Arabia,National ID,1358802543,,,Muslim,Buraidah,FRENCH,KG2,A,2024-25,449,Transfer,Seasonal Mode,Transfer,2025-09-01,Yes,Anas Al-Sabah,Noura Al-Sabah,+966511099636,wafa.alsabah449@parent.com,"188 Al-Nuzha Street, Jeddah"
,Mohammed Al-Harbi,محمد الحربي,Male,2020-12-22,Saudi Arabia,National ID,1336482535,,,Muslim,Riyadh,FRENCH,Grade 1,A,2024-25,450,Regular (Continuing),Seasonal Mode,Regular,2022-09-01,Yes,Ammar Al-Harbi,Hessa Al-Harbi,+966517870459,mohammed.alharbi450@parent.com,"187 Al-Nuzha Street, Jeddah"
,Emma Hussain,إيما حسين,Female,2019-02-19,Pakistan,Passport,,,DM9684042,Muslim,Manila,FRENCH,Grade 2,A,2024-25,451,New Student,Online Mode,New,2023-09-01,Yes,Bilal Hussain,Zoe Hussain,+966506726328,emma.hussain451@parent.com,"203 Al-Nuzha Street, Jeddah"
,Emma Brown,إيما براون,Female,2018-05-06,Indonesia,Passport,,,HL0196316,Muslim,Khartoum,FRENCH,Grade 3,A,2024-25,452,Regular (Continuing),Seasonal Mode,Regular,2023-09-01,Yes,Aryan Brown,Sana Brown,+966502378481,emma.brown452@parent.com,"137 Al-Nuzha Street, Jeddah"
,Jana Al-Otaibi,جنى العتيبي,Female,2017-11-19,Saudi Arabia,National ID,1357510273,,,Muslim,Riyadh,FRENCH,Grade 4,A,2024-25,453,New Student,Regular Mode,New,2022-09-01,Yes,Turki Al-Otaibi,Lama Al-Otaibi,+966502481430,jana.alotaibi453@parent.com,"163 Al-Nuzha Street, Jeddah"
,Sofia Ibrahim,صوفيا إبراهيم,Female,2016-10-04,Egypt,Passport,,,MF0568003,Muslim,New York,FRENCH,Grade 5,A,2024-25,454,New Student,Regular Mode,New,2023-09-01,Yes,Aryan Ibrahim,Anaya Ibrahim,+966577547530,sofia.ibrahim454@parent.com,"255 Al-Nuzha Street, Jeddah"
,Jana Al-Fayez,جنى الفايز,Female,2015-12-27,Saudi Arabia,National ID,1229195240,,,Muslim,Abha,FRENCH,Grade 6,A,2024-25,455,New Student,Online Mode,New,2022-09-01,Yes,Adel Al-Fayez,Dalal Al-Fayez,+966532108672,jana.alfayez455@parent.com,"90 Al-Nuzha Street, Jeddah"
,Imran Hassan,عمران حسن,Male,2014-02-05,United States,Iqama,,2028812711,,Muslim,New York,FRENCH,Grade 7,A,2024-25,456,Regular (Continuing),Regular Mode,Regular,2022-09-01,Yes,Vihaan Hassan,Anika Hassan,+966547844508,imran.hassan456@parent.com,"233 Al-Nuzha Street, Jeddah"
,Anaya Rahman,أنايا رحمن,Female,2013-04-02,Philippines,Iqama,,2565238478,,Muslim,Damascus,FRENCH,Grade 8,A,2024-25,457,Regular (Continuing),Online Mode,Regular,2025-09-01,Yes,Bilal Rahman,Sadia Rahman,+966589447935,anaya.rahman457@parent.com,"168 Al-Nuzha Street, Jeddah"
,Ammar Al-Qahtani,عمار القحطاني,Male,2012-01-15,Saudi Arabia,National ID,1755272734,,,Muslim,Dammam,FRENCH,Grade 9,A,2024-25,458,Regular (Continuing),Online Mode,Regular,2023-09-01,Yes,Sultan Al-Qahtani,Aljawhara Al-Qahtani,+966579194930,ammar.alqahtani458@parent.com,"69 Al-Nuzha Street, Jeddah"
,Majed Al-Hashemi,ماجد الهاشمي,Male,2011-09-08,Saudi Arabia,National ID,1804444495,,,Muslim,Dammam,FRENCH,Grade 10,A,2024-25,459,New Student,Online Mode,New,2022-09-01,Yes,Fahad Al-Hashemi,Dalal Al-Hashemi,+966515425986,majed.alhashemi459@parent.com,"9 Al-Nuzha Street, Jeddah"
,Imran Ibrahim,عمران إبراهيم,Male,2010-08-25,Philippines,Iqama,,2378550571,,Muslim,London,FRENCH,Grade 11,A,2024-25,460,Regular (Continuing),Regular Mode,Regular,2023-09-01,Yes,Yusuf Ibrahim,Saanvi Ibrahim,+966590606346,imran.ibrahim460@parent.com,"194 Al-Nuzha Street, Jeddah"
,Hessa Al-Hussein,حصة الحسين,Female,2009-09-24,Saudi Arabia,National ID,1833908709,,,Muslim,Dammam,FRENCH,Grade 12,A,2024-25,461,Regular (Continuing),Online Mode,Regular,2022-09-01,Yes,Raed Al-Hussein,Dana Al-Hussein,+966567947159,hessa.alhussein461@parent.com,"206 Al-Nuzha Street, Jeddah"
,Tariq Mahmood,طارق محمود,Male,2020-06-08,Sudan,Passport,,,MM6824204,Non-Muslim,Manila,FRENCH,KG1,A,2024-25,462,Transfer,Regular Mode,Transfer,2023-09-01,Yes,Zain Mahmood,Priya Mahmood,+966545540909,tariq.mahmood462@parent.com,"88 Al-Nuzha Street, Jeddah"
,Nour Hassan,نور حسن,Female,2019-03-19,Indonesia,Iqama,,2847700310,,Muslim,Khartoum,FRENCH,KG2,A,2024-25,463,Regular (Continuing),Seasonal Mode,Regular,2025-09-01,Yes,Zayn Hassan,Mariam Hassan,+966548260603,nour.hassan463@parent.com,"155 Al-Nuzha Street, Jeddah"
,Talha Ibrahim,طلحة إبراهيم,Male,2020-03-03,Egypt,Iqama,,2652974954,,Muslim,Damascus,FRENCH,Grade 1,A,2024-25,464,New Student,Online Mode,New,2024-09-01,Yes,Ismail Ibrahim,Sophia Ibrahim,+966539355817,talha.ibrahim464@parent.com,"9 Al-Nuzha Street, Jeddah"
,Nayla Brown,نايلة براون,Female,2019-12-28,Indonesia,Iqama,,2757909645,,Muslim,New York,FRENCH,Grade 2,A,2024-25,465,Regular (Continuing),Seasonal Mode,Regular,2022-09-01,Yes,Kabir Brown,Saanvi Brown,+966533744282,nayla.brown465@parent.com,"31 Al-Nuzha Street, Jeddah"
,Kabir Smith,كبير سميث,Male,2018-10-02,Indonesia,Iqama,,2329480673,,Muslim,Jakarta,FRENCH,Grade 3,A,2024-25,466,New Student,Seasonal Mode,New,2024-09-01,Yes,Yusuf Smith,Zoe Smith,+966598109729,kabir.smith466@parent.com,"48 Al-Nuzha Street, Jeddah"
,Sara Al-Rashid,سارة الراشد,Female,2017-03-08,Saudi Arabia,National ID,1947839416,,,Muslim,Tabuk,FRENCH,Grade 4,A,2024-25,467,New Student,Regular Mode,New,2023-09-01,Yes,Ammar Al-Rashid,Joud Al-Rashid,+966565582161,sara.alrashid467@parent.com,"72 Al-Nuzha Street, Jeddah"
,Nawaf Al-Dosari,نواف الدوسري,Male,2016-01-19,Saudi Arabia,National ID,1942505866,,,Muslim,Tabuk,FRENCH,Grade 5,A,2024-25,468,New Student,Regular Mode,New,2025-09-01,Yes,Faisal Al-Dosari,Lama Al-Dosari,+966547962907,nawaf.aldosari468@parent.com,"197 Al-Nuzha Street, Jeddah"
,Lama Al-Shehri,لمى الشهري,Female,2015-09-06,Saudi Arabia,National ID,1498411770,,,Muslim,Jeddah,FRENCH,Grade 6,A,2024-25,469,Regular (Continuing),Seasonal Mode,Regular,2023-09-01,Yes,Naif Al-Shehri,Ghada Al-Shehri,+966541832015,lama.alshehri469@parent.com,"78 Al-Nuzha Street, Jeddah"
,Olivia Saleh,أوليفيا صالح,Female,2014-09-12,Indonesia,Iqama,,2022757118,,Non-Muslim,Amman,FRENCH,Grade 7,A,2024-25,470,Transfer,Seasonal Mode,Transfer,2025-09-01,Yes,Kabir Saleh,Mariam Saleh,+966518760820,olivia.saleh470@parent.com,"280 Al-Nuzha Street, Jeddah"
,Ibrahim Al-Maliki,إبراهيم المالكي,Male,2013-01-04,Saudi Arabia,National ID,1703222079,,,Muslim,Madinah,FRENCH,Grade 8,A,2024-25,471,Regular (Continuing),Online Mode,Regular,2022-09-01,Yes,Yazeed Al-Maliki,Latifa Al-Maliki,+966551564889,ibrahim.almaliki471@parent.com,"107 Al-Nuzha Street, Jeddah"
,Hatim Al-Fayez,حاتم الفايز,Male,2012-12-07,Saudi Arabia,National ID,1664076293,,,Non-Muslim,Mecca,FRENCH,Grade 9,A,2024-25,472,Regular (Continuing),Seasonal Mode,Regular,2025-09-01,Yes,Abdullah Al-Fayez,Raghad Al-Fayez,+966595152757,hatim.alfayez472@parent.com,"214 Al-Nuzha Street, Jeddah"
,Lama Al-Sudais,لمى السديس,Female,2011-12-14,Saudi Arabia,National ID,1874340662,,,Muslim,Madinah,FRENCH,Grade 10,A,2024-25,473,Regular (Continuing),Online Mode,Regular,2023-09-01,Yes,Turki Al-Sudais,Aisha Al-Sudais,+966522358871,lama.alsudais473@parent.com,"205 Al-Nuzha Street, Jeddah"
,Emma Chen,إيما تشين,Female,2010-08-03,United Kingdom,Iqama,,2574418822,,Muslim,Damascus,FRENCH,Grade 11,A,2024-25,474,Regular (Continuing),Online Mode,Regular,2022-09-01,Yes,Yusuf Chen,Sofia Chen,+966588005156,emma.chen474@parent.com,"129 Al-Nuzha Street, Jeddah"
,Fatima Al-Fayez,فاطمة الفايز,Female,2009-08-13,Saudi Arabia,National ID,1392455593,,,Non-Muslim,Riyadh,FRENCH,Grade 12,A,2024-25,475,New Student,Regular Mode,New,2023-09-01,Yes,Yazeed Al-Fayez,Sara Al-Fayez,+966502272011,fatima.alfayez475@parent.com,"117 Al-Nuzha Street, Jeddah"
,Sana Kumar,سناء كومار,Female,2020-03-25,United States,Iqama,,2043834649,,Muslim,Cairo,FRENCH,KG1,A,2024-25,476,Regular (Continuing),Seasonal Mode,Regular,2023-09-01,Yes,Bilal Kumar,Saanvi Kumar,+966517771017,sana.kumar476@parent.com,"187 Al-Nuzha Street, Jeddah"
,Michael Malik,مايكل مالك,Male,2019-12-01,United Kingdom,Iqama,,2724207256,,Muslim,Karachi,FRENCH,KG2,A,2024-25,477,Regular (Continuing),Seasonal Mode,Regular,2022-09-01,Yes,James Malik,Zoe Malik,+966546966802,michael.malik477@parent.com,"64 Al-Nuzha Street, Jeddah"
,Ziyad Al-Maliki,زياد المالكي,Male,2020-12-21,Saudi Arabia,National ID,1758271278,,,Non-Muslim,Abha,FRENCH,Grade 1,A,2024-25,478,New Student,Online Mode,New,2025-09-01,Yes,Naif Al-Maliki,Wafa Al-Maliki,+966557370698,ziyad.almaliki478@parent.com,"259 Al-Nuzha Street, Jeddah"
,Fatima Brown,فاطمة براون,Female,2019-04-13,India,Iqama,,2610683216,,Muslim,Jakarta,FRENCH,Grade 2,A,2024-25,479,New Student,Online Mode,New,2024-09-01,Yes,Zayn Brown,Olivia Brown,+966525447858,fatima.brown479@parent.com,"116 Al-Nuzha Street, Jeddah"
,Hassan Al-Hussein,حسن الحسين,Male,2018-03-13,Saudi Arabia,National ID,1821713029,,,Non-Muslim,Dammam,FRENCH,Grade 3,A,2024-25,480,New Student,Seasonal Mode,New,2023-09-01,Yes,Abdullah Al-Hussein,Joud Al-Hussein,+966597766465,hassan.alhussein480@parent.com,"114 Al-Nuzha Street, Jeddah"
,Hamad Al-Otaibi,حمد العتيبي,Male,2017-05-13,Saudi Arabia,National ID,1634754120,,,Muslim,Khobar,FRENCH,Grade 4,A,2024-25,481,Regular (Continuing),Online Mode,Regular,2022-09-01,Yes,Saif Al-Otaibi,Lujain Al-Otaibi,+966524747879,hamad.alotaibi481@parent.com,"295 Al-Nuzha Street, Jeddah"
,Shaden Al-Yamani,شادن اليماني,Female,2016-02-18,Saudi Arabia,National ID,1256683823,,,Muslim,Tabuk,FRENCH,Grade 5,A,2024-25,482,Regular (Continuing),Seasonal Mode,Regular,2024-09-01,Yes,Bandar Al-Yamani,Dalal Al-Yamani,+966571831076,shaden.alyamani482@parent.com,"278 Al-Nuzha Street, Jeddah"
,Adam Saleh,آدم صالح,Male,2015-03-27,United Kingdom,Passport,,,HH1948439,Muslim,Amman,FRENCH,Grade 6,A,2024-25,483,Regular (Continuing),Regular Mode,Regular,2022-09-01,Yes,Bilal Saleh,Maya Saleh,+966559743059,adam.saleh483@parent.com,"296 Al-Nuzha Street, Jeddah"
,Zoe Garcia,زوي جارسيا,Female,2014-03-20,Philippines,Iqama,,2338695366,,Muslim,Cairo,FRENCH,Grade 7,A,2024-25,484,Regular (Continuing),Online Mode,Regular,2023-09-01,Yes,Daniel Garcia,Diya Garcia,+966580032541,zoe.garcia484@parent.com,"187 Al-Nuzha Street, Jeddah"
,Adel Al-Ghamdi,عادل الغامدي,Male,2013-02-11,Saudi Arabia,National ID,1702990061,,,Muslim,Riyadh,FRENCH,Grade 8,A,2024-25,485,Transfer,Online Mode,Transfer,2023-09-01,Yes,Faisal Al-Ghamdi,Renad Al-Ghamdi,+966556995722,adel.alghamdi485@parent.com,"163 Al-Nuzha Street, Jeddah"
,John Sheikh,جون شيخ,Male,2012-03-19,Yemen,Iqama,,2142100587,,Muslim,Dhaka,FRENCH,Grade 9,A,2024-25,486,Regular (Continuing),Seasonal Mode,Regular,2023-09-01,Yes,David Sheikh,Sophia Sheikh,+966529926696,john.sheikh486@parent.com,"220 Al-Nuzha Street, Jeddah"
,Fahad Al-Qahtani,فهد القحطاني,Male,2011-10-09,Saudi Arabia,National ID,1053571870,,,Muslim,Abha,FRENCH,Grade 10,A,2024-25,487,New Student,Seasonal Mode,New,2024-09-01,Yes,Talal Al-Qahtani,Lujain Al-Qahtani,+966581202107,fahad.alqahtani487@parent.com,"220 Al-Nuzha Street, Jeddah"
,Mustafa Singh,مصطفى سينغ,Male,2010-05-01,Jordan,Iqama,,2652590004,,Muslim,Amman,FRENCH,Grade 11,A,2024-25,488,New Student,Seasonal Mode,New,2023-09-01,Yes,Faris Singh,Riya Singh,+966572846812,mustafa.singh488@parent.com,"61 Al-Nuzha Street, Jeddah"
,Yazeed Al-Dosari,يزيد الدوسري,Male,2009-09-21,Saudi Arabia,National ID,1946470333,,,Muslim,Dammam,FRENCH,Grade 12,A,2024-25,489,Transfer,Seasonal Mode,Transfer,2022-09-01,Yes,Hatim Al-Dosari,Lama Al-Dosari,+966589203159,yazeed.aldosari489@parent.com,"273 Al-Nuzha Street, Jeddah"
,Khalid Al-Otaibi,خالد العتيبي,Male,2020-05-20,Saudi Arabia,National ID,1924645509,,,Muslim,Dammam,FRENCH,KG1,A,2024-25,490,New Student,Regular Mode,New,2025-09-01,Yes,Anas Al-Otaibi,Raghad Al-Otaibi,+966581005508,khalid.alotaibi490@parent.com,"22 Al-Nuzha Street, Jeddah"
,Bandar Al-Hashemi,بندر الهاشمي,Male,2019-03-09,Saudi Arabia,National ID,1211247418,,,Muslim,Abha,FRENCH,KG2,A,2024-25,491,New Student,Regular Mode,New,2025-09-01,Yes,Salman Al-Hashemi,Manal Al-Hashemi,+966518852228,bandar.alhashemi491@parent.com,"200 Al-Nuzha Street, Jeddah"
,Joud Al-Sabah,جود الصباح,Female,2020-01-26,Saudi Arabia,National ID,1288970068,,,Muslim,Tabuk,FRENCH,Grade 1,A,2024-25,492,Regular (Continuing),Online Mode,Regular,2025-09-01,Yes,Ibrahim Al-Sabah,Noura Al-Sabah,+966597141752,joud.alsabah492@parent.com,"279 Al-Nuzha Street, Jeddah"
,Kabir Reddy,كبير ريدي,Male,2019-12-28,Indonesia,Iqama,,2132983740,,Muslim,Cairo,FRENCH,Grade 2,A,2024-25,493,Regular (Continuing),Regular Mode,Regular,2022-09-01,Yes,Ayaan Reddy,Mehek Reddy,+966518408647,kabir.reddy493@parent.com,"53 Al-Nuzha Street, Jeddah"
,Michael Kumar,مايكل كومار,Male,2018-09-27,United Kingdom,Passport,,,CC2750219,Non-Muslim,Dhaka,FRENCH,Grade 3,A,2024-25,494,New Student,Seasonal Mode,New,2022-09-01,Yes,John Kumar,Mariam Kumar,+966515042334,michael.kumar494@parent.com,"283 Al-Nuzha Street, Jeddah"
,Ali Al-Rashid,علي الراشد,Male,2017-02-08,Saudi Arabia,National ID,1946819766,,,Muslim,Buraidah,FRENCH,Grade 4,A,2024-25,495,Regular (Continuing),Seasonal Mode,Regular,2024-09-01,Yes,Saud Al-Rashid,Layla Al-Rashid,+966537181750,ali.alrashid495@parent.com,"170 Al-Nuzha Street, Jeddah"
,Manal Al-Sudais,منال السديس,Female,2016-11-16,Saudi Arabia,National ID,1478389753,,,Muslim,Khobar,FRENCH,Grade 5,A,2024-25,496,Regular (Continuing),Online Mode,Regular,2023-09-01,Yes,Yazeed Al-Sudais,Renad Al-Sudais,+966533324862,manal.alsudais496@parent.com,"50 Al-Nuzha Street, Jeddah"
,Sophia Mahmood,سوفيا محمود,Female,2015-06-16,Sudan,Passport,,,AL6792889,Muslim,Sanaa,FRENCH,Grade 6,A,2024-25,497,Regular (Continuing),Seasonal Mode,Regular,2025-09-01,Yes,Hamza Mahmood,Maya Mahmood,+966536004215,sophia.mahmood497@parent.com,"206 Al-Nuzha Street, Jeddah"
,Manal Al-Dosari,منال الدوسري,Female,2014-02-23,Saudi Arabia,National ID,1338575566,,,Muslim,Jeddah,FRENCH,Grade 7,A,2024-25,498,New Student,Seasonal Mode,New,2022-09-01,Yes,Waleed Al-Dosari,Lujain Al-Dosari,+966590817988,manal.aldosari498@parent.com,"173 Al-Nuzha Street, Jeddah"
,Bilal Ibrahim,بلال إبراهيم,Male,2013-12-25,United Kingdom,Iqama,,2932253164,,Muslim,Jakarta,FRENCH,Grade 8,A,2024-25,499,Regular (Continuing),Regular Mode,Regular,2023-09-01,Yes,Daniel Ibrahim,Khadija Ibrahim,+966510471008,bilal.ibrahim499@parent.com,"283 Al-Nuzha Street, Jeddah"
,Omar Al-Sabah,عمر الصباح,Male,2012-02-20,Saudi Arabia,National ID,1306375070,,,Muslim,Khobar,FRENCH,Grade 9,A,2024-25,500,Regular (Continuing),Online Mode,Regular,2025-09-01,Yes,Nawaf Al-Sabah,Raghad Al-Sabah,+966515099768,omar.alsabah500@parent.com,"152 Al-Nuzha Street, Jeddah"
,Omar Al-Dosari,عمر الدوسري,Male,2011-09-07,Saudi Arabia,National ID,1569841303,,,Muslim,Khobar,FRENCH,Grade 10,A,2024-25,501,Regular (Continuing),Seasonal Mode,Regular,2023-09-01,Yes,Nawaf Al-Dosari,Jana Al-Dosari,+966505898959,omar.aldosari501@parent.com,"53 Al-Nuzha Street, Jeddah"
,Priya Patel,بريا باتل,Female,2010-04-24,Sudan,Iqama,,2760560894,,Muslim,Mumbai,FRENCH,Grade 11,A,2024-25,502,New Student,Online Mode,New,2023-09-01,Yes,Yusuf Patel,Aliya Patel,+966545359468,priya.patel502@parent.com,"74 Al-Nuzha Street, Jeddah"
,Tala Al-Otaibi,تالا العتيبي,Female,2009-03-19,Saudi Arabia,National ID,1634708968,,,Muslim,Mecca,FRENCH,Grade 12,A,2024-25,503,Transfer,Regular Mode,Transfer,2024-09-01,Yes,Adel Al-Otaibi,Asma Al-Otaibi,+966570515964,tala.alotaibi503@parent.com,"123 Al-Nuzha Street, Jeddah"
,Sana Singh,سناء سينغ,Female,2020-08-20,United Kingdom,Iqama,,2564911040,,Non-Muslim,Sanaa,FRENCH,KG1,A,2024-25,504,New Student,Seasonal Mode,New,2022-09-01,Yes,Yusuf Singh,Khadija Singh,+966523434601,sana.singh504@parent.com,"207 Al-Nuzha Street, Jeddah"
,Faris Ali,فارس علي,Male,2019-12-27,Philippines,Passport,,,EC0913472,Muslim,Jakarta,FRENCH,KG2,A,2024-25,505,Transfer,Seasonal Mode,Transfer,2025-09-01,Yes,David Ali,Mariam Ali,+966517676194,faris.ali505@parent.com,"199 Al-Nuzha Street, Jeddah"
,Khadija Brown,خديجة براون,Female,2020-04-14,United States,Passport,,,MJ4212930,Muslim,Damascus,FRENCH,Grade 1,A,2024-25,506,Transfer,Online Mode,Transfer,2024-09-01,Yes,Tariq Brown,Nour Brown,+966572736417,khadija.brown506@parent.com,"133 Al-Nuzha Street, Jeddah"
,Adel Al-Maliki,عادل المالكي,Male,2019-06-22,Saudi Arabia,National ID,1293495047,,,Non-Muslim,Dammam,FRENCH,Grade 2,A,2024-25,507,Regular (Continuing),Seasonal Mode,Regular,2022-09-01,Yes,Omar Al-Maliki,Reem Al-Maliki,+966527700702,adel.almaliki507@parent.com,"181 Al-Nuzha Street, Jeddah"
,Hira Kim,هيرا كيم,Female,2018-04-25,Yemen,Iqama,,2830001479,,Muslim,Manila,FRENCH,Grade 3,A,2024-25,508,New Student,Online Mode,New,2022-09-01,Yes,Zayn Kim,Saanvi Kim,+966584862019,hira.kim508@parent.com,"152 Al-Nuzha Street, Jeddah"
,Layla Al-Ghamdi,ليلى الغامدي,Female,2017-02-14,Saudi Arabia,National ID,1778665047,,,Muslim,Dammam,FRENCH,Grade 4,A,2024-25,509,Transfer,Seasonal Mode,Transfer,2025-09-01,Yes,Yazeed Al-Ghamdi,Maha Al-Ghamdi,+966574042292,layla.alghamdi509@parent.com,"210 Al-Nuzha Street, Jeddah"
,Sana Sheikh,سناء شيخ,Female,2016-07-13,United Kingdom,Iqama,,2751272098,,Muslim,Mumbai,FRENCH,Grade 5,A,2024-25,510,Transfer,Regular Mode,Transfer,2023-09-01,Yes,Ahmed Sheikh,Sophia Sheikh,+966528246853,sana.sheikh510@parent.com,"213 Al-Nuzha Street, Jeddah"
,Ziyad Al-Sudais,زياد السديس,Male,2015-07-10,Saudi Arabia,National ID,1262614068,,,Muslim,Khobar,FRENCH,Grade 6,A,2024-25,511,New Student,Online Mode,New,2022-09-01,Yes,Khalid Al-Sudais,Aljawhara Al-Sudais,+966579567011,ziyad.alsudais511@parent.com,"68 Al-Nuzha Street, Jeddah"
,Talha Shaikh,طلحة شيخ,Male,2014-04-03,United States,Iqama,,2176380714,,Muslim,Cairo,FRENCH,Grade 7,A,2024-25,512,New Student,Online Mode,New,2022-09-01,Yes,Ahmed Shaikh,Anvi Shaikh,+966575060851,talha.shaikh512@parent.com,"121 Al-Nuzha Street, Jeddah"
,Riya Habib,ريا حبيب,Female,2013-10-16,India,Iqama,,2928820841,,Non-Muslim,Cairo,FRENCH,Grade 8,A,2024-25,513,Transfer,Online Mode,Transfer,2022-09-01,Yes,Zain Habib,Zoe Habib,+966573027243,riya.habib513@parent.com,"39 Al-Nuzha Street, Jeddah"
,Michael Mansoor,مايكل منصور,Male,2012-07-16,United States,Iqama,,2454299618,,Muslim,London,FRENCH,Grade 9,A,2024-25,514,Regular (Continuing),Online Mode,Regular,2025-09-01,Yes,Michael Mansoor,Diya Mansoor,+966582823531,michael.mansoor514@parent.com,"135 Al-Nuzha Street, Jeddah"
,Hessa Al-Otaibi,حصة العتيبي,Female,2011-10-17,Saudi Arabia,National ID,1151921578,,,Muslim,Tabuk,FRENCH,Grade 10,A,2024-25,515,Regular (Continuing),Regular Mode,Regular,2023-09-01,Yes,Yazeed Al-Otaibi,Amal Al-Otaibi,+966549965853,hessa.alotaibi515@parent.com,"213 Al-Nuzha Street, Jeddah"
,Faisal Al-Hussein,فيصل الحسين,Male,2010-06-24,Saudi Arabia,National ID,1153152898,,,Muslim,Tabuk,FRENCH,Grade 11,A,2024-25,516,New Student,Regular Mode,New,2024-09-01,Yes,Talal Al-Hussein,Renad Al-Hussein,+966581018483,faisal.alhussein516@parent.com,"14 Al-Nuzha Street, Jeddah"
,Layla Mansoor,ليلى منصور,Female,2009-07-08,Yemen,Passport,,,HH3436386,Muslim,Manila,FRENCH,Grade 12,A,2024-25,517,Regular (Continuing),Online Mode,Regular,2024-09-01,Yes,Bilal Mansoor,Sofia Mansoor,+966585507432,layla.mansoor517@parent.com,"180 Al-Nuzha Street, Jeddah"
,Aisha Al-Qahtani,عائشة القحطاني,Female,2020-05-11,Saudi Arabia,National ID,1279163471,,,Muslim,Madinah,FRENCH,KG1,A,2024-25,518,Regular (Continuing),Regular Mode,Regular,2025-09-01,Yes,Talal Al-Qahtani,Wafa Al-Qahtani,+966527204462,aisha.alqahtani518@parent.com,"77 Al-Nuzha Street, Jeddah"
,Diya Ibrahim,ديا إبراهيم,Female,2019-12-23,United Kingdom,Passport,,,KM3484083,Muslim,Mumbai,FRENCH,KG2,A,2024-25,519,Regular (Continuing),Seasonal Mode,Regular,2024-09-01,Yes,John Ibrahim,Olivia Ibrahim,+966529866312,diya.ibrahim519@parent.com,"289 Al-Nuzha Street, Jeddah"
,Reem Al-Zahrani,ريم الزهراني,Female,2020-09-02,Saudi Arabia,National ID,1083325809,,,Muslim,Madinah,FRENCH,Grade 1,A,2024-25,520,Regular (Continuing),Seasonal Mode,Regular,2025-09-01,Yes,Hatim Al-Zahrani,Amal Al-Zahrani,+966514306275,reem.alzahrani520@parent.com,"13 Al-Nuzha Street, Jeddah"
,Rohan Ibrahim,روهان إبراهيم,Male,2019-01-25,United States,Iqama,,2058570930,,Non-Muslim,Khartoum,FRENCH,Grade 2,A,2024-25,521,Regular (Continuing),Seasonal Mode,Regular,2023-09-01,Yes,Bilal Ibrahim,Anaya Ibrahim,+966551583524,rohan.ibrahim521@parent.com,"30 Al-Nuzha Street, Jeddah"
,Daniel Ahmed,دانيال أحمد,Male,2018-11-05,Jordan,Iqama,,2882933250,,Muslim,Karachi,FRENCH,Grade 3,A,2024-25,522,New Student,Regular Mode,New,2023-09-01,Yes,Junaid Ahmed,Aisha Ahmed,+966544101396,daniel.ahmed522@parent.com,"288 Al-Nuzha Street, Jeddah"
,Manal Al-Rashid,منال الراشد,Female,2017-09-19,Saudi Arabia,National ID,1574248694,,,Muslim,Dammam,FRENCH,Grade 4,A,2024-25,523,Regular (Continuing),Online Mode,Regular,2025-09-01,Yes,Abdullah Al-Rashid,Renad Al-Rashid,+966540484300,manal.alrashid523@parent.com,"226 Al-Nuzha Street, Jeddah"
,Sana Ahmed,سناء أحمد,Female,2016-10-01,Egypt,Passport,,,JD7486069,Muslim,Damascus,FRENCH,Grade 5,A,2024-25,524,New Student,Seasonal Mode,New,2023-09-01,Yes,Ismail Ahmed,Zainab Ahmed,+966507953554,sana.ahmed524@parent.com,"110 Al-Nuzha Street, Jeddah"
,Anika Patel,أنيكة باتل,Female,2015-02-01,Yemen,Iqama,,2956330077,,Muslim,Jakarta,FRENCH,Grade 6,A,2024-25,525,New Student,Regular Mode,New,2023-09-01,Yes,Ismail Patel,Nayla Patel,+966595705717,anika.patel525@parent.com,"124 Al-Nuzha Street, Jeddah"
,Amal Al-Rashid,أمل الراشد,Female,2014-04-20,Saudi Arabia,National ID,1255079004,,,Non-Muslim,Abha,FRENCH,Grade 7,A,2024-25,526,New Student,Online Mode,New,2022-09-01,Yes,Bandar Al-Rashid,Aisha Al-Rashid,+966535258333,amal.alrashid526@parent.com,"103 Al-Nuzha Street, Jeddah"
,Turki Al-Saud,تركي آل سعود,Male,2013-10-09,Saudi Arabia,National ID,1402877504,,,Non-Muslim,Dammam,FRENCH,Grade 8,A,2024-25,527,Regular (Continuing),Online Mode,Regular,2025-09-01,Yes,Hamad Al-Saud,Aisha Al-Saud,+966546926980,turki.alsaud527@parent.com,"278 Al-Nuzha Street, Jeddah"
,Majed Al-Hussein,ماجد الحسين,Male,2012-05-01,Saudi Arabia,National ID,1534806898,,,Non-Muslim,Buraidah,FRENCH,Grade 9,A,2024-25,528,Regular (Continuing),Seasonal Mode,Regular,2025-09-01,Yes,Abdullah Al-Hussein,Sara Al-Hussein,+966537519567,majed.alhussein528@parent.com,"35 Al-Nuzha Street, Jeddah"
,Vihaan Garcia,فيهان جارسيا,Male,2011-08-14,United States,Iqama,,2232408272,,Non-Muslim,Karachi,FRENCH,Grade 10,A,2024-25,529,Regular (Continuing),Online Mode,Regular,2023-09-01,Yes,Zayn Garcia,Mehek Garcia,+966586324346,vihaan.garcia529@parent.com,"296 Al-Nuzha Street, Jeddah"
,Nayla Malik,نايلة مالك,Female,2010-09-25,Jordan,Iqama,,2894802895,,Muslim,Dhaka,FRENCH,Grade 11,A,2024-25,530,Regular (Continuing),Regular Mode,Regular,2025-09-01,Yes,Rohan Malik,Priya Malik,+966543375551,nayla.malik530@parent.com,"92 Al-Nuzha Street, Jeddah"
,Bandar Al-Ghamdi,بندر الغامدي,Male,2009-08-09,Saudi Arabia,National ID,1470537719,,,Muslim,Madinah,FRENCH,Grade 12,A,2024-25,531,New Student,Regular Mode,New,2023-09-01,Yes,Fahad Al-Ghamdi,Wafa Al-Ghamdi,+966597896378,bandar.alghamdi531@parent.com,"54 Al-Nuzha Street, Jeddah"
,Bandar Al-Saud,بندر آل سعود,Male,2020-10-23,Saudi Arabia,National ID,1421960010,,,Muslim,Khobar,FRENCH,KG1,A,2024-25,532,Regular (Continuing),Online Mode,Regular,2022-09-01,Yes,Turki Al-Saud,Amal Al-Saud,+966519147270,bandar.alsaud532@parent.com,"149 Al-Nuzha Street, Jeddah"
,Naif Al-Saud,نايف آل سعود,Male,2019-11-05,Saudi Arabia,National ID,1398690101,,,Muslim,Madinah,FRENCH,KG2,A,2024-25,533,New Student,Regular Mode,New,2024-09-01,Yes,Turki Al-Saud,Fatima Al-Saud,+966531351056,naif.alsaud533@parent.com,"276 Al-Nuzha Street, Jeddah"
,Ibrahim Al-Tamimi,إبراهيم التميمي,Male,2020-03-02,Saudi Arabia,National ID,1053291688,,,Muslim,Riyadh,FRENCH,Grade 1,A,2024-25,534,Regular (Continuing),Seasonal Mode,Regular,2022-09-01,Yes,Nawaf Al-Tamimi,Dalal Al-Tamimi,+966533241137,ibrahim.altamimi534@parent.com,"45 Al-Nuzha Street, Jeddah"
,Salma Al-Harbi,سلمى الحربي,Female,2019-05-21,Saudi Arabia,National ID,1215228940,,,Non-Muslim,Mecca,FRENCH,Grade 2,A,2024-25,535,Regular (Continuing),Seasonal Mode,Regular,2024-09-01,Yes,Faisal Al-Harbi,Mariam Al-Harbi,+966576342029,salma.alharbi535@parent.com,"282 Al-Nuzha Street, Jeddah"
,Zoe Kumar,زوي كومار,Female,2018-09-21,India,Passport,,,EA8321731,Muslim,Manila,FRENCH,Grade 3,A,2024-25,536,Transfer,Regular Mode,Transfer,2022-09-01,Yes,Tariq Kumar,Riya Kumar,+966570557931,zoe.kumar536@parent.com,"184 Al-Nuzha Street, Jeddah"
,Aryan Smith,آريان سميث,Male,2017-07-09,Syria,Passport,,,CM7946686,Muslim,Cairo,FRENCH,Grade 4,A,2024-25,537,Regular (Continuing),Seasonal Mode,Regular,2023-09-01,Yes,Ahmed Smith,Khadija Smith,+966551483398,aryan.smith537@parent.com,"285 Al-Nuzha Street, Jeddah"
,Layla Patel,ليلى باتل,Female,2016-04-02,Jordan,Passport,,,MM0678974,Muslim,London,FRENCH,Grade 5,A,2024-25,538,Regular (Continuing),Regular Mode,Regular,2023-09-01,Yes,Zain Patel,Anika Patel,+966524323467,layla.patel538@parent.com,"190 Al-Nuzha Street, Jeddah"
,Ibrahim Al-Yamani,إبراهيم اليماني,Male,2015-06-03,Saudi Arabia,National ID,1319191153,,,Muslim,Dammam,FRENCH,Grade 6,A,2024-25,539,Transfer,Seasonal Mode,Transfer,2024-09-01,Yes,Saif Al-Yamani,Hanan Al-Yamani,+966556387295,ibrahim.alyamani539@parent.com,"135 Al-Nuzha Street, Jeddah"
,Sana Kim,سناء كيم,Female,2014-02-16,United States,Iqama,,2800428077,,Muslim,Jakarta,FRENCH,Grade 7,A,2024-25,540,Regular (Continuing),Online Mode,Regular,2024-09-01,Yes,Aryan Kim,Riya Kim,+966513346591,sana.kim540@parent.com,"46 Al-Nuzha Street, Jeddah"
,Salma Al-Saud,سلمى آل سعود,Female,2013-05-09,Saudi Arabia,National ID,1651461895,,,Muslim,Dammam,FRENCH,Grade 8,A,2024-25,541,Transfer,Regular Mode,Transfer,2023-09-01,Yes,Saud Al-Saud,Aisha Al-Saud,+966515426374,salma.alsaud541@parent.com,"228 Al-Nuzha Street, Jeddah"
,Aryan Khan,آريان خان,Male,2012-05-22,Syria,Iqama,,2088959811,,Muslim,Jakarta,FRENCH,Grade 9,A,2024-25,542,Transfer,Regular Mode,Transfer,2024-09-01,Yes,Hassan Khan,Nour Khan,+966595773741,aryan.khan542@parent.com,"55 Al-Nuzha Street, Jeddah"
,Zoe Kumar,زوي كومار,Female,2011-12-28,Syria,Passport,,,FH8672195,Muslim,Dhaka,FRENCH,Grade 10,A,2024-25,543,Regular (Continuing),Seasonal Mode,Regular,2025-09-01,Yes,Imran Kumar,Zoe Kumar,+966559052207,zoe.kumar543@parent.com,"118 Al-Nuzha Street, Jeddah"
,Yousef Al-Hussein,يوسف الحسين,Male,2010-12-01,Saudi Arabia,National ID,1789385091,,,Muslim,Tabuk,FRENCH,Grade 11,A,2024-25,544,Transfer,Regular Mode,Transfer,2025-09-01,Yes,Khalid Al-Hussein,Jana Al-Hussein,+966500704637,yousef.alhussein544@parent.com,"274 Al-Nuzha Street, Jeddah"
,Imran Siddiqui,عمران صديقي,Male,2009-11-21,Sudan,Iqama,,2685809493,,Muslim,Dhaka,FRENCH,Grade 12,A,2024-25,545,Regular (Continuing),Online Mode,Regular,2023-09-01,Yes,David Siddiqui,Olivia Siddiqui,+966596781416,imran.siddiqui545@parent.com,"242 Al-Nuzha Street, Jeddah"
,Noura Al-Mutairi,نورة المطيري,Female,2020-07-23,Saudi Arabia,National ID,1219925977,,,Muslim,Tabuk,FRENCH,KG1,A,2024-25,546,New Student,Regular Mode,New,2025-09-01,Yes,Turki Al-Mutairi,Hessa Al-Mutairi,+966554177235,noura.almutairi546@parent.com,"237 Al-Nuzha Street, Jeddah"
,Yousef Al-Zahrani,يوسف الزهراني,Male,2019-06-28,Saudi Arabia,National ID,1346743801,,,Muslim,Riyadh,FRENCH,KG2,A,2024-25,547,New Student,Online Mode,New,2024-09-01,Yes,Raed Al-Zahrani,Hanan Al-Zahrani,+966525724827,yousef.alzahrani547@parent.com,"154 Al-Nuzha Street, Jeddah"
,Sultan Al-Otaibi,سلطان العتيبي,Male,2020-06-11,Saudi Arabia,National ID,1323178770,,,Non-Muslim,Khobar,FRENCH,Grade 1,A,2024-25,548,Regular (Continuing),Seasonal Mode,Regular,2023-09-01,Yes,Hatim Al-Otaibi,Layla Al-Otaibi,+966531494059,sultan.alotaibi548@parent.com,"21 Al-Nuzha Street, Jeddah"
,Hanan Al-Sabah,حنان الصباح,Female,2019-10-07,Saudi Arabia,National ID,1748093590,,,Muslim,Riyadh,FRENCH,Grade 2,A,2024-25,549,New Student,Online Mode,New,2025-09-01,Yes,Mohammed Al-Sabah,Aljawhara Al-Sabah,+966595506849,hanan.alsabah549@parent.com,"5 Al-Nuzha Street, Jeddah"
,Ghada Al-Fayez,غادة الفايز,Female,2018-07-12,Saudi Arabia,National ID,1103623179,,,Muslim,Dammam,FRENCH,Grade 3,A,2024-25,550,Regular (Continuing),Seasonal Mode,Regular,2023-09-01,Yes,Waleed Al-Fayez,Jana Al-Fayez,+966509425658,ghada.alfayez550@parent.com,"68 Al-Nuzha Street, Jeddah"
,Fatima Saleh,فاطمة صالح,Female,2017-07-21,Sudan,Iqama,,2149122332,,Muslim,Sanaa,FRENCH,Grade 4,A,2024-25,551,New Student,Online Mode,New,2023-09-01,Yes,Mustafa Saleh,Aliya Saleh,+966506213351,fatima.saleh551@parent.com,"269 Al-Nuzha Street, Jeddah"
,Kabir Mansoor,كبير منصور,Male,2016-10-22,Syria,Iqama,,2167340719,,Muslim,London,FRENCH,Grade 5,A,2024-25,552,Regular (Continuing),Regular Mode,Regular,2022-09-01,Yes,Michael Mansoor,Khadija Mansoor,+966533421181,kabir.mansoor552@parent.com,"262 Al-Nuzha Street, Jeddah"
,Anika Sharma,أنيكة شارما,Female,2015-01-05,Syria,Iqama,,2411824274,,Muslim,New York,FRENCH,Grade 6,A,2024-25,553,Regular (Continuing),Online Mode,Regular,2024-09-01,Yes,Michael Sharma,Anika Sharma,+966599380204,anika.sharma553@parent.com,"79 Al-Nuzha Street, Jeddah"
,Hamad Al-Sabah,حمد الصباح,Male,2014-07-16,Saudi Arabia,National ID,1684431881,,,Non-Muslim,Jeddah,FRENCH,Grade 7,A,2024-25,554,Transfer,Online Mode,Transfer,2025-09-01,Yes,Naif Al-Sabah,Lama Al-Sabah,+966592956570,hamad.alsabah554@parent.com,"86 Al-Nuzha Street, Jeddah"
,Yousef Al-Sabah,يوسف الصباح,Male,2013-09-10,Saudi Arabia,National ID,1189062050,,,Muslim,Khobar,FRENCH,Grade 8,A,2024-25,555,Regular (Continuing),Regular Mode,Regular,2025-09-01,Yes,Omar Al-Sabah,Lama Al-Sabah,+966544868101,yousef.alsabah555@parent.com,"262 Al-Nuzha Street, Jeddah"
,Emma Hassan,إيما حسن,Female,2012-10-26,Jordan,Iqama,,2503021101,,Muslim,Cairo,FRENCH,Grade 9,A,2024-25,556,Regular (Continuing),Online Mode,Regular,2023-09-01,Yes,Tariq Hassan,Sadia Hassan,+966526770902,emma.hassan556@parent.com,"78 Al-Nuzha Street, Jeddah"
,Turki Al-Anazi,تركي العنزي,Male,2011-04-28,Saudi Arabia,National ID,1075680359,,,Muslim,Riyadh,FRENCH,Grade 10,A,2024-25,557,Regular (Continuing),Seasonal Mode,Regular,2023-09-01,Yes,Bader Al-Anazi,Lama Al-Anazi,+966522213016,turki.alanazi557@parent.com,"177 Al-Nuzha Street, Jeddah"
,Hatim Al-Sulami,حاتم السلمي,Male,2010-10-05,Saudi Arabia,National ID,1433935885,,,Muslim,Abha,FRENCH,Grade 11,A,2024-25,558,New Student,Online Mode,New,2023-09-01,Yes,Hassan Al-Sulami,Dana Al-Sulami,+966527020289,hatim.alsulami558@parent.com,"267 Al-Nuzha Street, Jeddah"
,John Hassan,جون حسن,Male,2009-08-18,Jordan,Iqama,,2812755221,,Muslim,New York,FRENCH,Grade 12,A,2024-25,559,New Student,Online Mode,New,2023-09-01,Yes,David Hassan,Aisha Hassan,+966557389572,john.hassan559@parent.com,"249 Al-Nuzha Street, Jeddah"
,Dalal Al-Ghamdi,دلال الغامدي,Female,2020-07-27,Saudi Arabia,National ID,1656083169,,,Muslim,Dammam,FRENCH,KG1,A,2024-25,560,Regular (Continuing),Online Mode,Regular,2023-09-01,Yes,Saud Al-Ghamdi,Reem Al-Ghamdi,+966568582642,dalal.alghamdi560@parent.com,"64 Al-Nuzha Street, Jeddah"
,Sophia Khan,سوفيا خان,Female,2019-02-09,Syria,Iqama,,2838055612,,Muslim,Mumbai,FRENCH,KG2,A,2024-25,561,Regular (Continuing),Regular Mode,Regular,2022-09-01,Yes,Ismail Khan,Sofia Khan,+966574970533,sophia.khan561@parent.com,"110 Al-Nuzha Street, Jeddah"
,Ahmed Gupta,أحمد جوبتا,Male,2020-07-20,Jordan,Iqama,,2059468987,,Muslim,Karachi,FRENCH,Grade 1,A,2024-25,562,New Student,Seasonal Mode,New,2025-09-01,Yes,Zayn Gupta,Nayla Gupta,+966537209726,ahmed.gupta562@parent.com,"99 Al-Nuzha Street, Jeddah"
,Imran Khan,عمران خان,Male,2019-05-12,Egypt,Iqama,,2423778019,,Muslim,Dhaka,FRENCH,Grade 2,A,2024-25,563,Regular (Continuing),Online Mode,Regular,2023-09-01,Yes,Ahmed Khan,Mariam Khan,+966549284197,imran.khan563@parent.com,"52 Al-Nuzha Street, Jeddah"
,Nayla Gupta,نايلة جوبتا,Female,2018-08-16,India,Iqama,,2418529039,,Muslim,Dhaka,FRENCH,Grade 3,A,2024-25,564,Regular (Continuing),Online Mode,Regular,2025-09-01,Yes,Bilal Gupta,Hira Gupta,+966561989128,nayla.gupta564@parent.com,"185 Al-Nuzha Street, Jeddah"
,Sadia Gupta,صادية جوبتا,Female,2017-06-11,Bangladesh,Iqama,,2335247258,,Muslim,Khartoum,FRENCH,Grade 4,A,2024-25,565,New Student,Seasonal Mode,New,2024-09-01,Yes,Mustafa Gupta,Sadia Gupta,+966592565520,sadia.gupta565@parent.com,"256 Al-Nuzha Street, Jeddah"
,Hatim Al-Fayez,حاتم الفايز,Male,2016-01-09,Saudi Arabia,National ID,1854697214,,,Muslim,Khobar,FRENCH,Grade 5,A,2024-25,566,New Student,Online Mode,New,2022-09-01,Yes,Hatim Al-Fayez,Hanan Al-Fayez,+966515855942,hatim.alfayez566@parent.com,"62 Al-Nuzha Street, Jeddah"
,Reema Al-Saud,ريما آل سعود,Female,2015-10-28,Saudi Arabia,National ID,1251827150,,,Muslim,Tabuk,FRENCH,Grade 6,A,2024-25,567,Regular (Continuing),Online Mode,Regular,2022-09-01,Yes,Khalid Al-Saud,Ghada Al-Saud,+966526453524,reema.alsaud567@parent.com,"226 Al-Nuzha Street, Jeddah"
,Aliya Singh,عالية سينغ,Female,2014-03-22,Egypt,Iqama,,2532864505,,Muslim,Khartoum,FRENCH,Grade 7,A,2024-25,568,New Student,Seasonal Mode,New,2025-09-01,Yes,Zain Singh,Hira Singh,+966538729602,aliya.singh568@parent.com,"64 Al-Nuzha Street, Jeddah"
,Hanan Al-Hashemi,حنان الهاشمي,Female,2013-03-09,Saudi Arabia,National ID,1576162841,,,Non-Muslim,Mecca,FRENCH,Grade 8,A,2024-25,569,Regular (Continuing),Online Mode,Regular,2023-09-01,Yes,Ziyad Al-Hashemi,Fatima Al-Hashemi,+966556121115,hanan.alhashemi569@parent.com,"167 Al-Nuzha Street, Jeddah"
,Norah Al-Mutairi,نورة المطيري,Female,2012-11-17,Saudi Arabia,National ID,1185517740,,,Muslim,Khobar,FRENCH,Grade 9,A,2024-25,570,New Student,Online Mode,New,2023-09-01,Yes,Turki Al-Mutairi,Aljawhara Al-Mutairi,+966588158594,norah.almutairi570@parent.com,"44 Al-Nuzha Street, Jeddah"
,Olivia Reddy,أوليفيا ريدي,Female,2011-03-16,Sudan,Iqama,,2045971773,,Non-Muslim,Mumbai,FRENCH,Grade 10,A,2024-25,571,New Student,Online Mode,New,2024-09-01,Yes,Bilal Reddy,Priya Reddy,+966523206764,olivia.reddy571@parent.com,"103 Al-Nuzha Street, Jeddah"
,Saanvi Kumar,سانفي كومار,Female,2010-09-21,India,Passport,,,CC4103658,Muslim,Cairo,FRENCH,Grade 11,A,2024-25,572,Regular (Continuing),Regular Mode,Regular,2024-09-01,Yes,Ismail Kumar,Sadia Kumar,+966552289700,saanvi.kumar572@parent.com,"249 Al-Nuzha Street, Jeddah"
,Diya Kumar,ديا كومار,Female,2009-09-23,Jordan,Iqama,,2798201152,,Muslim,Manila,FRENCH,Grade 12,A,2024-25,573,Regular (Continuing),Online Mode,Regular,2025-09-01,Yes,John Kumar,Anaya Kumar,+966568160386,diya.kumar573@parent.com,"242 Al-Nuzha Street, Jeddah"
,Fatima Hussain,فاطمة حسين,Female,2020-05-25,Jordan,Iqama,,2545801740,,Muslim,Damascus,FRENCH,KG1,A,2024-25,574,Transfer,Seasonal Mode,Transfer,2023-09-01,Yes,Kabir Hussain,Khadija Hussain,+966527704572,fatima.hussain574@parent.com,"297 Al-Nuzha Street, Jeddah"
,Zoe Mansoor,زوي منصور,Female,2019-09-18,Pakistan,Iqama,,2808504390,,Muslim,Amman,FRENCH,KG2,A,2024-25,575,Regular (Continuing),Seasonal Mode,Regular,2024-09-01,Yes,Hamza Mansoor,Anvi Mansoor,+966597741059,zoe.mansoor575@parent.com,"54 Al-Nuzha Street, Jeddah"
,John Ahmed,جون أحمد,Male,2020-05-02,Egypt,Iqama,,2331058456,,Muslim,Jakarta,FRENCH,Grade 1,A,2024-25,576,Regular (Continuing),Online Mode,Regular,2023-09-01,Yes,Ayaan Ahmed,Zainab Ahmed,+966528882181,john.ahmed576@parent.com,"43 Al-Nuzha Street, Jeddah"
,Majed Al-Shehri,ماجد الشهري,Male,2019-05-21,Saudi Arabia,National ID,1631878297,,,Muslim,Abha,FRENCH,Grade 2,A,2024-25,577,New Student,Online Mode,New,2023-09-01,Yes,Khalid Al-Shehri,Manal Al-Shehri,+966519164941,majed.alshehri577@parent.com,"217 Al-Nuzha Street, Jeddah"
,Kabir Mahmood,كبير محمود,Male,2018-08-15,Bangladesh,Passport,,,AM0687950,Muslim,Jakarta,FRENCH,Grade 3,A,2024-25,578,Regular (Continuing),Seasonal Mode,Regular,2023-09-01,Yes,Talha Mahmood,Mehek Mahmood,+966548680596,kabir.mahmood578@parent.com,"272 Al-Nuzha Street, Jeddah"
,Anvi Siddiqui,أنفي صديقي,Female,2017-05-09,Indonesia,Iqama,,2091453154,,Non-Muslim,Amman,FRENCH,Grade 4,A,2024-25,579,Transfer,Seasonal Mode,Transfer,2024-09-01,Yes,Rohan Siddiqui,Priya Siddiqui,+966575913274,anvi.siddiqui579@parent.com,"42 Al-Nuzha Street, Jeddah"
,Aisha Rahman,عائشة رحمن,Female,2016-05-13,Egypt,Iqama,,2663883750,,Muslim,Amman,FRENCH,Grade 5,A,2024-25,580,New Student,Seasonal Mode,New,2022-09-01,Yes,Hamza Rahman,Fatima Rahman,+966540660476,aisha.rahman580@parent.com,"166 Al-Nuzha Street, Jeddah"
,Talal Al-Hashemi,طلال الهاشمي,Male,2015-12-10,Saudi Arabia,National ID,1053358211,,,Muslim,Dammam,FRENCH,Grade 6,A,2024-25,581,Regular (Continuing),Regular Mode,Regular,2024-09-01,Yes,Sultan Al-Hashemi,Aisha Al-Hashemi,+966511213158,talal.alhashemi581@parent.com,"102 Al-Nuzha Street, Jeddah"
,Adam Sheikh,آدم شيخ,Male,2014-01-07,Yemen,Iqama,,2284539875,,Muslim,Amman,FRENCH,Grade 7,A,2024-25,582,New Student,Seasonal Mode,New,2023-09-01,Yes,David Sheikh,Hira Sheikh,+966571510678,adam.sheikh582@parent.com,"117 Al-Nuzha Street, Jeddah"
,Lujain Al-Tamimi,لجين التميمي,Female,2013-07-20,Saudi Arabia,National ID,1656809207,,,Muslim,Buraidah,FRENCH,Grade 8,A,2024-25,583,New Student,Seasonal Mode,New,2024-09-01,Yes,Yazeed Al-Tamimi,Mariam Al-Tamimi,+966531451803,lujain.altamimi583@parent.com,"104 Al-Nuzha Street, Jeddah"
,Saud Al-Qahtani,سعود القحطاني,Male,2012-08-25,Saudi Arabia,National ID,1453023087,,,Muslim,Jeddah,FRENCH,Grade 9,A,2024-25,584,Regular (Continuing),Online Mode,Regular,2025-09-01,Yes,Anas Al-Qahtani,Salma Al-Qahtani,+966597056972,saud.alqahtani584@parent.com,"272 Al-Nuzha Street, Jeddah"
,Hanan Al-Rashid,حنان الراشد,Female,2011-02-04,Saudi Arabia,National ID,1782231195,,,Muslim,Tabuk,FRENCH,Grade 10,A,2024-25,585,Regular (Continuing),Regular Mode,Regular,2025-09-01,Yes,Khalid Al-Rashid,Renad Al-Rashid,+966520482605,hanan.alrashid585@parent.com,"100 Al-Nuzha Street, Jeddah"
,Majed Al-Mutairi,ماجد المطيري,Male,2010-04-21,Saudi Arabia,National ID,1036356584,,,Muslim,Tabuk,FRENCH,Grade 11,A,2024-25,586,Regular (Continuing),Seasonal Mode,Regular,2023-09-01,Yes,Faisal Al-Mutairi,Mariam Al-Mutairi,+966580591605,majed.almutairi586@parent.com,"256 Al-Nuzha Street, Jeddah"
,Hira Sharma,هيرا شارما,Female,2009-12-26,Philippines,Iqama,,2399079790,,Muslim,Cairo,FRENCH,Grade 12,A,2024-25,587,Regular (Continuing),Online Mode,Regular,2022-09-01,Yes,Talha Sharma,Anaya Sharma,+966500687472,hira.sharma587@parent.com,"7 Al-Nuzha Street, Jeddah"
,Mustafa Kim,مصطفى كيم,Male,2020-03-26,United States,Iqama,,2689501244,,Muslim,Khartoum,FRENCH,KG1,A,2024-25,588,Regular (Continuing),Seasonal Mode,Regular,2022-09-01,Yes,Hassan Kim,Priya Kim,+966575368666,mustafa.kim588@parent.com,"285 Al-Nuzha Street, Jeddah"
,Sara Al-Maliki,سارة المالكي,Female,2019-04-06,Saudi Arabia,National ID,1798454608,,,Non-Muslim,Dammam,FRENCH,KG2,A,2024-25,589,Regular (Continuing),Regular Mode,Regular,2022-09-01,Yes,Adel Al-Maliki,Renad Al-Maliki,+966558717394,sara.almaliki589@parent.com,"112 Al-Nuzha Street, Jeddah"
,Aryan Shaikh,آريان شيخ,Male,2020-11-05,Philippines,Iqama,,2788982112,,Muslim,Cairo,FRENCH,Grade 1,A,2024-25,590,Regular (Continuing),Regular Mode,Regular,2023-09-01,Yes,Talha Shaikh,Khadija Shaikh,+966563886511,aryan.shaikh590@parent.com,"224 Al-Nuzha Street, Jeddah"
,Omar Al-Rashid,عمر الراشد,Male,2019-05-03,Saudi Arabia,National ID,1701077793,,,Muslim,Khobar,FRENCH,Grade 2,A,2024-25,591,Regular (Continuing),Regular Mode,Regular,2022-09-01,Yes,Nawaf Al-Rashid,Jana Al-Rashid,+966543097934,omar.alrashid591@parent.com,"93 Al-Nuzha Street, Jeddah"
,Junaid Gupta,جنيد جوبتا,Male,2018-08-25,Philippines,Iqama,,2654655178,,Non-Muslim,Manila,FRENCH,Grade 3,A,2024-25,592,Regular (Continuing),Seasonal Mode,Regular,2024-09-01,Yes,Junaid Gupta,Sadia Gupta,+966545874794,junaid.gupta592@parent.com,"25 Al-Nuzha Street, Jeddah"
,Khadija Brown,خديجة براون,Female,2017-08-15,United Kingdom,Iqama,,2307268700,,Muslim,New York,FRENCH,Grade 4,A,2024-25,593,New Student,Seasonal Mode,New,2024-09-01,Yes,Junaid Brown,Layla Brown,+966554321550,khadija.brown593@parent.com,"157 Al-Nuzha Street, Jeddah"
,Mohammed Al-Harbi,محمد الحربي,Male,2016-07-07,Saudi Arabia,National ID,1031966647,,,Muslim,Madinah,FRENCH,Grade 5,A,2024-25,594,Transfer,Regular Mode,Transfer,2022-09-01,Yes,Omar Al-Harbi,Layla Al-Harbi,+966573656797,mohammed.alharbi594@parent.com,"266 Al-Nuzha Street, Jeddah"
,Hatim Al-Maliki,حاتم المالكي,Male,2015-09-16,Saudi Arabia,National ID,1162951417,,,Muslim,Madinah,FRENCH,Grade 6,A,2024-25,595,Regular (Continuing),Regular Mode,Regular,2023-09-01,Yes,Majed Al-Maliki,Aisha Al-Maliki,+966597809440,hatim.almaliki595@parent.com,"261 Al-Nuzha Street, Jeddah"
,Zain Ali,زين علي,Male,2014-07-03,Philippines,Passport,,,AL9734727,Muslim,Karachi,FRENCH,Grade 7,A,2024-25,596,Transfer,Online Mode,Transfer,2024-09-01,Yes,Imran Ali,Anaya Ali,+966536783631,zain.ali596@parent.com,"64 Al-Nuzha Street, Jeddah"
,Jana Al-Otaibi,جنى العتيبي,Female,2013-04-25,Saudi Arabia,National ID,1887965020,,,Muslim,Jeddah,FRENCH,Grade 8,A,2024-25,597,Regular (Continuing),Regular Mode,Regular,2024-09-01,Yes,Naif Al-Otaibi,Shaden Al-Otaibi,+966521927679,jana.alotaibi597@parent.com,"141 Al-Nuzha Street, Jeddah"
,Tala Al-Ghamdi,تالا الغامدي,Female,2012-09-28,Saudi Arabia,National ID,1788827342,,,Muslim,Khobar,FRENCH,Grade 9,A,2024-25,598,Transfer,Regular Mode,Transfer,2025-09-01,Yes,Hatim Al-Ghamdi,Dana Al-Ghamdi,+966560097641,tala.alghamdi598@parent.com,"97 Al-Nuzha Street, Jeddah"
,Latifa Al-Maliki,لطيفة المالكي,Female,2011-10-18,Saudi Arabia,National ID,1163807845,,,Muslim,Khobar,FRENCH,Grade 10,A,2024-25,599,New Student,Online Mode,New,2025-09-01,Yes,Hamad Al-Maliki,Amal Al-Maliki,+966573119738,latifa.almaliki599@parent.com,"255 Al-Nuzha Street, Jeddah"
,Ahmed Brown,أحمد براون,Male,2010-07-11,Sudan,Iqama,,2464945929,,Muslim,Khartoum,FRENCH,Grade 11,A,2024-25,600,Regular (Continuing),Seasonal Mode,Regular,2025-09-01,Yes,James Brown,Diya Brown,+966500977412,ahmed.brown600@parent.com,"159 Al-Nuzha Street, Jeddah"
,Omar Al-Sulami,عمر السلمي,Male,2009-03-13,Saudi Arabia,National ID,1112563048,,,Muslim,Abha,FRENCH,Grade 12,A,2024-25,601,Regular (Continuing),Regular Mode,Regular,2023-09-01,Yes,Hassan Al-Sulami,Dalal Al-Sulami,+966552143425,omar.alsulami601@parent.com,"104 Al-Nuzha Street, Jeddah"
,Emma Mansoor,إيما منصور,Female,2020-09-16,India,Iqama,,2087051375,,Muslim,New York,FRENCH,KG1,A,2024-25,602,Regular (Continuing),Regular Mode,Regular,2023-09-01,Yes,Yusuf Mansoor,Priya Mansoor,+966549001167,emma.mansoor602@parent.com,"53 Al-Nuzha Street, Jeddah"
,Raghad Al-Rashid,رغد الراشد,Female,2019-05-28,Saudi Arabia,National ID,1562731874,,,Muslim,Madinah,FRENCH,KG2,A,2024-25,603,New Student,Online Mode,New,2023-09-01,Yes,Khalid Al-Rashid,Latifa Al-Rashid,+966586605865,raghad.alrashid603@parent.com,"144 Al-Nuzha Street, Jeddah"
,Adel Al-Saud,عادل آل سعود,Male,2020-06-14,Saudi Arabia,National ID,1732011993,,,Muslim,Khobar,FRENCH,Grade 1,A,2024-25,604,Regular (Continuing),Online Mode,Regular,2025-09-01,Yes,Sultan Al-Saud,Jana Al-Saud,+966524832589,adel.alsaud604@parent.com,"2 Al-Nuzha Street, Jeddah"
,Hira Sheikh,هيرا شيخ,Female,2019-02-07,United Kingdom,Passport,,,HC7718141,Muslim,Karachi,FRENCH,Grade 2,A,2024-25,605,Regular (Continuing),Seasonal Mode,Regular,2023-09-01,Yes,Imran Sheikh,Aliya Sheikh,+966546594875,hira.sheikh605@parent.com,"104 Al-Nuzha Street, Jeddah"
,Jana Al-Fayez,جنى الفايز,Female,2018-12-10,Saudi Arabia,National ID,1974371571,,,Muslim,Riyadh,FRENCH,Grade 3,A,2024-25,606,New Student,Regular Mode,New,2024-09-01,Yes,Hatim Al-Fayez,Salma Al-Fayez,+966585155530,jana.alfayez606@parent.com,"19 Al-Nuzha Street, Jeddah"
,Emma Smith,إيما سميث,Female,2017-12-23,Philippines,Passport,,,NA2632519,Non-Muslim,Jakarta,FRENCH,Grade 4,A,2024-25,607,New Student,Online Mode,New,2025-09-01,Yes,Michael Smith,Anaya Smith,+966524098884,emma.smith607@parent.com,"147 Al-Nuzha Street, Jeddah"
,Adel Al-Mutairi,عادل المطيري,Male,2016-02-26,Saudi Arabia,National ID,1694607293,,,Non-Muslim,Madinah,FRENCH,Grade 5,A,2024-25,608,Regular (Continuing),Seasonal Mode,Regular,2024-09-01,Yes,Hamad Al-Mutairi,Salma Al-Mutairi,+966587306936,adel.almutairi608@parent.com,"245 Al-Nuzha Street, Jeddah"
,Shaden Al-Zahrani,شادن الزهراني,Female,2015-09-20,Saudi Arabia,National ID,1794427770,,,Muslim,Buraidah,FRENCH,Grade 6,A,2024-25,609,Regular (Continuing),Regular Mode,Regular,2023-09-01,Yes,Bader Al-Zahrani,Asma Al-Zahrani,+966547452065,shaden.alzahrani609@parent.com,"185 Al-Nuzha Street, Jeddah"
,Imran Rahman,عمران رحمن,Male,2014-02-25,Egypt,Iqama,,2208379751,,Muslim,Dhaka,FRENCH,Grade 7,A,2024-25,610,Transfer,Seasonal Mode,Transfer,2025-09-01,Yes,Kabir Rahman,Layla Rahman,+966519966042,imran.rahman610@parent.com,"52 Al-Nuzha Street, Jeddah"
,Rohan Siddiqui,روهان صديقي,Male,2013-09-20,United States,Iqama,,2554618874,,Muslim,Sanaa,FRENCH,Grade 8,A,2024-25,611,Regular (Continuing),Online Mode,Regular,2025-09-01,Yes,Junaid Siddiqui,Diya Siddiqui,+966597900400,rohan.siddiqui611@parent.com,"32 Al-Nuzha Street, Jeddah"
,Raghad Al-Qahtani,رغد القحطاني,Female,2012-02-23,Saudi Arabia,National ID,1468286176,,,Muslim,Khobar,FRENCH,Grade 9,A,2024-25,612,Transfer,Seasonal Mode,Transfer,2023-09-01,Yes,Talal Al-Qahtani,Jana Al-Qahtani,+966538135418,raghad.alqahtani612@parent.com,"134 Al-Nuzha Street, Jeddah"
,Manal Al-Anazi,منال العنزي,Female,2011-12-02,Saudi Arabia,National ID,1657870791,,,Muslim,Buraidah,FRENCH,Grade 10,A,2024-25,613,Transfer,Regular Mode,Transfer,2022-09-01,Yes,Abdullah Al-Anazi,Tala Al-Anazi,+966516266579,manal.alanazi613@parent.com,"22 Al-Nuzha Street, Jeddah"
,Waleed Al-Hussein,وليد الحسين,Male,2010-10-23,Saudi Arabia,National ID,1145860999,,,Muslim,Buraidah,FRENCH,Grade 11,A,2024-25,614,Regular (Continuing),Regular Mode,Regular,2025-09-01,Yes,Hamad Al-Hussein,Latifa Al-Hussein,+966530457266,waleed.alhussein614@parent.com,"43 Al-Nuzha Street, Jeddah"
,Nawaf Al-Mutairi,نواف المطيري,Male,2009-02-08,Saudi Arabia,National ID,1921457934,,,Muslim,Mecca,FRENCH,Grade 12,A,2024-25,615,Regular (Continuing),Regular Mode,Regular,2023-09-01,Yes,Ali Al-Mutairi,Amal Al-Mutairi,+966545634946,nawaf.almutairi615@parent.com,"242 Al-Nuzha Street, Jeddah"
,Sultan Al-Sulami,سلطان السلمي,Male,2020-10-21,Saudi Arabia,National ID,1893707929,,,Muslim,Abha,FRENCH,KG1,A,2024-25,616,Regular (Continuing),Seasonal Mode,Regular,2024-09-01,Yes,Omar Al-Sulami,Raghad Al-Sulami,+966503729824,sultan.alsulami616@parent.com,"200 Al-Nuzha Street, Jeddah"
,Hira Mahmood,هيرا محمود,Female,2019-06-26,Syria,Iqama,,2007843785,,Muslim,Cairo,FRENCH,KG2,A,2024-25,617,Regular (Continuing),Seasonal Mode,Regular,2024-09-01,Yes,Michael Mahmood,Aisha Mahmood,+966583901746,hira.mahmood617@parent.com,"223 Al-Nuzha Street, Jeddah"
,Hatim Al-Fayez,حاتم الفايز,Male,2020-04-02,Saudi Arabia,National ID,1054409119,,,Muslim,Abha,FRENCH,Grade 1,A,2024-25,618,New Student,Online Mode,New,2024-09-01,Yes,Saif Al-Fayez,Renad Al-Fayez,+966575948973,hatim.alfayez618@parent.com,"204 Al-Nuzha Street, Jeddah"
,Shaden Al-Anazi,شادن العنزي,Female,2019-07-13,Saudi Arabia,National ID,1660702881,,,Muslim,Mecca,FRENCH,Grade 2,A,2024-25,619,Regular (Continuing),Seasonal Mode,Regular,2025-09-01,Yes,Talal Al-Anazi,Latifa Al-Anazi,+966507302205,shaden.alanazi619@parent.com,"239 Al-Nuzha Street, Jeddah"
,Emma Brown,إيما براون,Female,2018-01-12,Pakistan,Iqama,,2458482970,,Muslim,Mumbai,FRENCH,Grade 3,A,2024-25,620,Transfer,Regular Mode,Transfer,2024-09-01,Yes,Michael Brown,Aisha Brown,+966537646539,emma.brown620@parent.com,"185 Al-Nuzha Street, Jeddah"
,Talha Hassan,طلحة حسن,Male,2017-08-16,Syria,Passport,,,LE4894664,Muslim,Sanaa,FRENCH,Grade 4,A,2024-25,621,Transfer,Seasonal Mode,Transfer,2025-09-01,Yes,Yusuf Hassan,Zoe Hassan,+966533805181,talha.hassan621@parent.com,"124 Al-Nuzha Street, Jeddah"
,Hira Shaikh,هيرا شيخ,Female,2016-03-05,Egypt,Iqama,,2212854826,,Muslim,Manila,FRENCH,Grade 5,A,2024-25,622,Regular (Continuing),Regular Mode,Regular,2022-09-01,Yes,Ismail Shaikh,Zainab Shaikh,+966510850778,hira.shaikh622@parent.com,"12 Al-Nuzha Street, Jeddah"
,Bilal Ali,بلال علي,Male,2015-10-01,Egypt,Iqama,,2724136011,,Non-Muslim,Manila,FRENCH,Grade 6,A,2024-25,623,Regular (Continuing),Regular Mode,Regular,2023-09-01,Yes,James Ali,Saanvi Ali,+966592776602,bilal.ali623@parent.com,"13 Al-Nuzha Street, Jeddah"
,Jana Al-Rashid,جنى الراشد,Female,2014-01-17,Saudi Arabia,National ID,1746526045,,,Muslim,Mecca,FRENCH,Grade 7,A,2024-25,624,Regular (Continuing),Seasonal Mode,Regular,2024-09-01,Yes,Majed Al-Rashid,Sara Al-Rashid,+966546126391,jana.alrashid624@parent.com,"132 Al-Nuzha Street, Jeddah"
,Hassan Al-Qahtani,حسن القحطاني,Male,2013-03-04,Saudi Arabia,National ID,1166381063,,,Non-Muslim,Khobar,FRENCH,Grade 8,A,2024-25,625,New Student,Seasonal Mode,New,2024-09-01,Yes,Khalid Al-Qahtani,Manal Al-Qahtani,+966591326526,hassan.alqahtani625@parent.com,"257 Al-Nuzha Street, Jeddah"
,Wafa Al-Sulami,وفاء السلمي,Female,2012-12-28,Saudi Arabia,National ID,1847702976,,,Muslim,Tabuk,FRENCH,Grade 9,A,2024-25,626,New Student,Regular Mode,New,2023-09-01,Yes,Saif Al-Sulami,Hessa Al-Sulami,+966523506327,wafa.alsulami626@parent.com,"151 Al-Nuzha Street, Jeddah"
,Dalal Al-Zahrani,دلال الزهراني,Female,2011-06-24,Saudi Arabia,National ID,1087980174,,,Muslim,Abha,FRENCH,Grade 10,A,2024-25,627,Regular (Continuing),Regular Mode,Regular,2024-09-01,Yes,Saud Al-Zahrani,Ghada Al-Zahrani,+966525724889,dalal.alzahrani627@parent.com,"173 Al-Nuzha Street, Jeddah"
,Saud Al-Ghamdi,سعود الغامدي,Male,2010-03-07,Saudi Arabia,National ID,1929537845,,,Muslim,Jeddah,FRENCH,Grade 11,A,2024-25,628,Regular (Continuing),Online Mode,Regular,2025-09-01,Yes,Ammar Al-Ghamdi,Tala Al-Ghamdi,+966534166808,saud.alghamdi628@parent.com,"111 Al-Nuzha Street, Jeddah"
,Mariam Al-Qahtani,مريم القحطاني,Female,2009-12-24,Saudi Arabia,National ID,1755509345,,,Non-Muslim,Riyadh,FRENCH,Grade 12,A,2024-25,629,Regular (Continuing),Regular Mode,Regular,2025-09-01,Yes,Anas Al-Qahtani,Raghad Al-Qahtani,+966560669017,mariam.alqahtani629@parent.com,"258 Al-Nuzha Street, Jeddah"
,Maya Patel,مايا باتل,Female,2020-11-11,Yemen,Iqama,,2317511517,,Muslim,Sanaa,FRENCH,KG1,A,2024-25,630,New Student,Seasonal Mode,New,2022-09-01,Yes,James Patel,Anika Patel,+966576065098,maya.patel630@parent.com,"294 Al-Nuzha Street, Jeddah"
,Fatima Saleh,فاطمة صالح,Female,2019-11-28,Jordan,Iqama,,2380033142,,Muslim,Damascus,FRENCH,KG2,A,2024-25,631,New Student,Seasonal Mode,New,2023-09-01,Yes,Talha Saleh,Nayla Saleh,+966508623154,fatima.saleh631@parent.com,"26 Al-Nuzha Street, Jeddah"
,Norah Al-Shehri,نورة الشهري,Female,2020-02-01,Saudi Arabia,National ID,1253796889,,,Muslim,Khobar,FRENCH,Grade 1,A,2024-25,632,New Student,Online Mode,New,2022-09-01,Yes,Talal Al-Shehri,Raghad Al-Shehri,+966574780332,norah.alshehri632@parent.com,"205 Al-Nuzha Street, Jeddah"
,Daniel Brown,دانيال براون,Male,2019-10-09,Pakistan,Passport,,,LM3777606,Muslim,Khartoum,FRENCH,Grade 2,A,2024-25,633,New Student,Online Mode,New,2022-09-01,Yes,Adam Brown,Olivia Brown,+966565044102,daniel.brown633@parent.com,"108 Al-Nuzha Street, Jeddah"
,Maya Ibrahim,مايا إبراهيم,Female,2018-07-15,Yemen,Passport,,,AG0906262,Muslim,Jakarta,FRENCH,Grade 3,A,2024-25,634,New Student,Seasonal Mode,New,2022-09-01,Yes,Adam Ibrahim,Zoe Ibrahim,+966597982294,maya.ibrahim634@parent.com,"85 Al-Nuzha Street, Jeddah"
,Tariq Mansoor,طارق منصور,Male,2017-09-16,Jordan,Iqama,,2334753412,,Non-Muslim,Amman,FRENCH,Grade 4,A,2024-25,635,New Student,Online Mode,New,2024-09-01,Yes,Hamza Mansoor,Zainab Mansoor,+966561760657,tariq.mansoor635@parent.com,"265 Al-Nuzha Street, Jeddah"
,Saif Al-Hashemi,سيف الهاشمي,Male,2016-10-18,Saudi Arabia,National ID,1007434699,,,Non-Muslim,Khobar,FRENCH,Grade 5,A,2024-25,636,Regular (Continuing),Seasonal Mode,Regular,2024-09-01,Yes,Hatim Al-Hashemi,Salma Al-Hashemi,+966532325815,saif.alhashemi636@parent.com,"46 Al-Nuzha Street, Jeddah"
,Renad Al-Maliki,رناد المالكي,Female,2015-07-04,Saudi Arabia,National ID,1605414105,,,Muslim,Riyadh,FRENCH,Grade 6,A,2024-25,637,Regular (Continuing),Regular Mode,Regular,2025-09-01,Yes,Saud Al-Maliki,Amal Al-Maliki,+966577989944,renad.almaliki637@parent.com,"150 Al-Nuzha Street, Jeddah"
,Emma Hassan,إيما حسن,Female,2014-10-16,Pakistan,Iqama,,2023613412,,Non-Muslim,Mumbai,FRENCH,Grade 7,A,2024-25,638,Transfer,Regular Mode,Transfer,2025-09-01,Yes,Faris Hassan,Anvi Hassan,+966597791804,emma.hassan638@parent.com,"202 Al-Nuzha Street, Jeddah"
,Vihaan Kim,فيهان كيم,Male,2013-12-16,Indonesia,Iqama,,2252403592,,Non-Muslim,New York,FRENCH,Grade 8,A,2024-25,639,Regular (Continuing),Online Mode,Regular,2023-09-01,Yes,Yusuf Kim,Riya Kim,+966598119759,vihaan.kim639@parent.com,"101 Al-Nuzha Street, Jeddah"
,Layla Al-Mutairi,ليلى المطيري,Female,2012-08-20,Saudi Arabia,National ID,1903451193,,,Muslim,Tabuk,FRENCH,Grade 9,A,2024-25,640,Transfer,Regular Mode,Transfer,2023-09-01,Yes,Ali Al-Mutairi,Latifa Al-Mutairi,+966509863828,layla.almutairi640@parent.com,"103 Al-Nuzha Street, Jeddah"
,Asma Al-Anazi,أسماء العنزي,Female,2011-05-24,Saudi Arabia,National ID,1789910441,,,Muslim,Buraidah,FRENCH,Grade 10,A,2024-25,641,New Student,Seasonal Mode,New,2023-09-01,Yes,Waleed Al-Anazi,Hessa Al-Anazi,+966507736196,asma.alanazi641@parent.com,"82 Al-Nuzha Street, Jeddah"
,Noura Al-Anazi,نورة العنزي,Female,2010-06-26,Saudi Arabia,National ID,1888378931,,,Muslim,Khobar,FRENCH,Grade 11,A,2024-25,642,Regular (Continuing),Regular Mode,Regular,2025-09-01,Yes,Yousef Al-Anazi,Latifa Al-Anazi,+966547656042,noura.alanazi642@parent.com,"255 Al-Nuzha Street, Jeddah"
,Manal Al-Qahtani,منال القحطاني,Female,2009-04-14,Saudi Arabia,National ID,1414541564,,,Muslim,Dammam,FRENCH,Grade 12,A,2024-25,643,New Student,Regular Mode,New,2023-09-01,Yes,Saif Al-Qahtani,Fatima Al-Qahtani,+966573397163,manal.alqahtani643@parent.com,"197 Al-Nuzha Street, Jeddah"
,Wafa Al-Dosari,وفاء الدوسري,Female,2020-07-26,Saudi Arabia,National ID,1247454317,,,Muslim,Buraidah,FRENCH,KG1,A,2024-25,644,Regular (Continuing),Regular Mode,Regular,2025-09-01,Yes,Ziyad Al-Dosari,Layla Al-Dosari,+966559851309,wafa.aldosari644@parent.com,"117 Al-Nuzha Street, Jeddah"
,Norah Al-Dosari,نورة الدوسري,Female,2019-03-08,Saudi Arabia,National ID,1800996227,,,Muslim,Mecca,FRENCH,KG2,A,2024-25,645,Transfer,Regular Mode,Transfer,2025-09-01,Yes,Bader Al-Dosari,Reema Al-Dosari,+966520063182,norah.aldosari645@parent.com,"98 Al-Nuzha Street, Jeddah"
,Bilal Habib,بلال حبيب,Male,2020-06-03,Syria,Passport,,,GE4795299,Muslim,Manila,FRENCH,Grade 1,A,2024-25,646,Regular (Continuing),Online Mode,Regular,2024-09-01,Yes,Michael Habib,Sophia Habib,+966542551206,bilal.habib646@parent.com,"181 Al-Nuzha Street, Jeddah"
,Saud Al-Fayez,سعود الفايز,Male,2019-02-21,Saudi Arabia,National ID,1907221074,,,Muslim,Abha,FRENCH,Grade 2,A,2024-25,647,Regular (Continuing),Seasonal Mode,Regular,2025-09-01,Yes,Yazeed Al-Fayez,Dana Al-Fayez,+966532248902,saud.alfayez647@parent.com,"186 Al-Nuzha Street, Jeddah"
,Junaid Ali,جنيد علي,Male,2018-11-20,United Kingdom,Passport,,,DN9202940,Muslim,Karachi,FRENCH,Grade 3,A,2024-25,648,Regular (Continuing),Online Mode,Regular,2025-09-01,Yes,Aryan Ali,Sana Ali,+966517022514,junaid.ali648@parent.com,"81 Al-Nuzha Street, Jeddah"
,Diya Malik,ديا مالك,Female,2017-01-07,Sudan,Iqama,,2223300667,,Muslim,Amman,FRENCH,Grade 4,A,2024-25,649,Regular (Continuing),Regular Mode,Regular,2024-09-01,Yes,Vihaan Malik,Aisha Malik,+966526768658,diya.malik649@parent.com,"207 Al-Nuzha Street, Jeddah"
,Dana Al-Yamani,دانا اليماني,Female,2016-10-02,Saudi Arabia,National ID,1378915148,,,Muslim,Buraidah,FRENCH,Grade 5,A,2024-25,650,Regular (Continuing),Online Mode,Regular,2024-09-01,Yes,Khalid Al-Yamani,Maha Al-Yamani,+966570762805,dana.alyamani650@parent.com,"16 Al-Nuzha Street, Jeddah"
,John Chen,جون تشين,Male,2015-04-03,Yemen,Passport,,,BC4872865,Muslim,Manila,FRENCH,Grade 6,A,2024-25,651,Regular (Continuing),Regular Mode,Regular,2022-09-01,Yes,Zayn Chen,Aisha Chen,+966529750142,john.chen651@parent.com,"49 Al-Nuzha Street, Jeddah"
,Hatim Al-Anazi,حاتم العنزي,Male,2014-03-18,Saudi Arabia,National ID,1139260583,,,Muslim,Buraidah,FRENCH,Grade 7,A,2024-25,652,Regular (Continuing),Regular Mode,Regular,2022-09-01,Yes,Adel Al-Anazi,Joud Al-Anazi,+966502971126,hatim.alanazi652@parent.com,"67 Al-Nuzha Street, Jeddah"
,Zayn Sharma,زين شارما,Male,2013-10-04,United States,Passport,,,CK3031725,Muslim,Amman,FRENCH,Grade 8,A,2024-25,653,New Student,Regular Mode,New,2025-09-01,Yes,John Sharma,Mehek Sharma,+966584521027,zayn.sharma653@parent.com,"225 Al-Nuzha Street, Jeddah"
,Hira Hussain,هيرا حسين,Female,2012-03-20,Jordan,Iqama,,2863389572,,Muslim,Jakarta,FRENCH,Grade 9,A,2024-25,654,Regular (Continuing),Online Mode,Regular,2023-09-01,Yes,Daniel Hussain,Emma Hussain,+966573162313,hira.hussain654@parent.com,"248 Al-Nuzha Street, Jeddah"
,Mariam Patel,مريم باتل,Female,2011-12-23,India,Passport,,,FD0298106,Muslim,London,FRENCH,Grade 10,A,2024-25,655,New Student,Online Mode,New,2023-09-01,Yes,David Patel,Sana Patel,+966591025051,mariam.patel655@parent.com,"73 Al-Nuzha Street, Jeddah"
,Sophia Wang,سوفيا وانج,Female,2010-09-17,Jordan,Iqama,,2397068465,,Muslim,London,FRENCH,Grade 11,A,2024-25,656,Regular (Continuing),Seasonal Mode,Regular,2023-09-01,Yes,Ismail Wang,Sadia Wang,+966505456682,sophia.wang656@parent.com,"223 Al-Nuzha Street, Jeddah"
,Emma Ali,إيما علي,Female,2009-11-22,Bangladesh,Iqama,,2758967553,,Muslim,Damascus,FRENCH,Grade 12,A,2024-25,657,Regular (Continuing),Regular Mode,Regular,2023-09-01,Yes,Tariq Ali,Sana Ali,+966539784800,emma.ali657@parent.com,"285 Al-Nuzha Street, Jeddah"
,Noura Al-Rashid,نورة الراشد,Female,2020-05-21,Saudi Arabia,National ID,1985257705,,,Muslim,Dammam,FRENCH,KG1,A,2024-25,658,New Student,Seasonal Mode,New,2022-09-01,Yes,Adel Al-Rashid,Layla Al-Rashid,+966582135316,noura.alrashid658@parent.com,"262 Al-Nuzha Street, Jeddah"
,Diya Ali,ديا علي,Female,2019-06-23,United States,Iqama,,2878040253,,Non-Muslim,Cairo,FRENCH,KG2,A,2024-25,659,New Student,Seasonal Mode,New,2022-09-01,Yes,Bilal Ali,Sofia Ali,+966503489562,diya.ali659@parent.com,"203 Al-Nuzha Street, Jeddah"
,Aljawhara Al-Fayez,الجوهرة الفايز,Female,2020-09-16,Saudi Arabia,National ID,1034659310,,,Muslim,Mecca,FRENCH,Grade 1,A,2024-25,660,Regular (Continuing),Seasonal Mode,Regular,2024-09-01,Yes,Anas Al-Fayez,Lama Al-Fayez,+966563398351,aljawhara.alfayez660@parent.com,"278 Al-Nuzha Street, Jeddah"
,Hanan Al-Fayez,حنان الفايز,Female,2019-07-11,Saudi Arabia,National ID,1809915851,,,Muslim,Mecca,FRENCH,Grade 2,A,2024-25,661,New Student,Online Mode,New,2025-09-01,Yes,Faisal Al-Fayez,Fatima Al-Fayez,+966507601622,hanan.alfayez661@parent.com,"277 Al-Nuzha Street, Jeddah"
,Nawaf Al-Rashid,نواف الراشد,Male,2018-12-26,Saudi Arabia,National ID,1040871343,,,Muslim,Khobar,FRENCH,Grade 3,A,2024-25,662,New Student,Seasonal Mode,New,2022-09-01,Yes,Talal Al-Rashid,Dalal Al-Rashid,+966525355288,nawaf.alrashid662@parent.com,"101 Al-Nuzha Street, Jeddah"
,Bilal Gupta,بلال جوبتا,Male,2017-07-04,India,Iqama,,2864460492,,Muslim,Dhaka,FRENCH,Grade 4,A,2024-25,663,New Student,Regular Mode,New,2023-09-01,Yes,Adam Gupta,Diya Gupta,+966504809149,bilal.gupta663@parent.com,"257 Al-Nuzha Street, Jeddah"
,Ahmed Smith,أحمد سميث,Male,2016-03-06,Jordan,Iqama,,2287805928,,Muslim,Manila,FRENCH,Grade 5,A,2024-25,664,Regular (Continuing),Seasonal Mode,Regular,2024-09-01,Yes,Daniel Smith,Saanvi Smith,+966514534126,ahmed.smith664@parent.com,"22 Al-Nuzha Street, Jeddah"
,Maha Al-Maliki,مها المالكي,Female,2015-05-19,Saudi Arabia,National ID,1984957593,,,Non-Muslim,Dammam,FRENCH,Grade 6,A,2024-25,665,New Student,Regular Mode,New,2024-09-01,Yes,Nawaf Al-Maliki,Wafa Al-Maliki,+966562058512,maha.almaliki665@parent.com,"145 Al-Nuzha Street, Jeddah"
,Ibrahim Al-Ghamdi,إبراهيم الغامدي,Male,2014-10-16,Saudi Arabia,National ID,1805425466,,,Non-Muslim,Tabuk,FRENCH,Grade 7,A,2024-25,666,Transfer,Seasonal Mode,Transfer,2025-09-01,Yes,Bandar Al-Ghamdi,Ghada Al-Ghamdi,+966506476944,ibrahim.alghamdi666@parent.com,"131 Al-Nuzha Street, Jeddah"
,Anika Saleh,أنيكة صالح,Female,2013-10-03,Bangladesh,Iqama,,2189531469,,Muslim,Sanaa,FRENCH,Grade 8,A,2024-25,667,New Student,Regular Mode,New,2022-09-01,Yes,David Saleh,Emma Saleh,+966554582841,anika.saleh667@parent.com,"137 Al-Nuzha Street, Jeddah"
,Adam Malik,آدم مالك,Male,2012-06-25,Sudan,Iqama,,2717726477,,Muslim,Mumbai,FRENCH,Grade 9,A,2024-25,668,New Student,Regular Mode,New,2024-09-01,Yes,Faris Malik,Diya Malik,+966543167394,adam.malik668@parent.com,"261 Al-Nuzha Street, Jeddah"
,Asma Al-Fayez,أسماء الفايز,Female,2011-04-07,Saudi Arabia,National ID,1599724573,,,Muslim,Abha,FRENCH,Grade 10,A,2024-25,669,New Student,Seasonal Mode,New,2025-09-01,Yes,Bandar Al-Fayez,Noura Al-Fayez,+966535093061,asma.alfayez669@parent.com,"227 Al-Nuzha Street, Jeddah"
,Mariam Al-Sabah,مريم الصباح,Female,2010-09-28,Saudi Arabia,National ID,1731164218,,,Muslim,Mecca,FRENCH,Grade 11,A,2024-25,670,Regular (Continuing),Online Mode,Regular,2024-09-01,Yes,Raed Al-Sabah,Noura Al-Sabah,+966521943265,mariam.alsabah670@parent.com,"277 Al-Nuzha Street, Jeddah"
,Hassan Al-Otaibi,حسن العتيبي,Male,2009-10-22,Saudi Arabia,National ID,1533225401,,,Muslim,Buraidah,FRENCH,Grade 12,A,2024-25,671,New Student,Online Mode,New,2023-09-01,Yes,Sultan Al-Otaibi,Sara Al-Otaibi,+966502981550,hassan.alotaibi671@parent.com,"275 Al-Nuzha Street, Jeddah"
,Sofia Malik,صوفيا مالك,Female,2020-08-08,Jordan,Passport,,,HB7865979,Muslim,Manila,FRENCH,KG1,A,2024-25,672,Regular (Continuing),Online Mode,Regular,2023-09-01,Yes,Bilal Malik,Sophia Malik,+966569876209,sofia.malik672@parent.com,"225 Al-Nuzha Street, Jeddah"
,Hamad Al-Hashemi,حمد الهاشمي,Male,2019-05-21,Saudi Arabia,National ID,1881341097,,,Muslim,Dammam,FRENCH,KG2,A,2024-25,673,Regular (Continuing),Online Mode,Regular,2023-09-01,Yes,Saud Al-Hashemi,Manal Al-Hashemi,+966525884490,hamad.alhashemi673@parent.com,"184 Al-Nuzha Street, Jeddah"
,Rohan Shaikh,روهان شيخ,Male,2020-04-25,Yemen,Passport,,,FC8859058,Muslim,New York,FRENCH,Grade 1,A,2024-25,674,Regular (Continuing),Online Mode,Regular,2024-09-01,Yes,James Shaikh,Diya Shaikh,+966537369418,rohan.shaikh674@parent.com,"86 Al-Nuzha Street, Jeddah"
,Hatim Al-Dosari,حاتم الدوسري,Male,2019-06-03,Saudi Arabia,National ID,1729826787,,,Non-Muslim,Jeddah,FRENCH,Grade 2,A,2024-25,675,New Student,Seasonal Mode,New,2023-09-01,Yes,Naif Al-Dosari,Maha Al-Dosari,+966558893526,hatim.aldosari675@parent.com,"62 Al-Nuzha Street, Jeddah"
,Ammar Al-Qahtani,عمار القحطاني,Male,2018-02-11,Saudi Arabia,National ID,1606050411,,,Muslim,Khobar,FRENCH,Grade 3,A,2024-25,676,Regular (Continuing),Seasonal Mode,Regular,2024-09-01,Yes,Majed Al-Qahtani,Salma Al-Qahtani,+966597117917,ammar.alqahtani676@parent.com,"46 Al-Nuzha Street, Jeddah"
,Yousef Al-Sulami,يوسف السلمي,Male,2017-11-21,Saudi Arabia,National ID,1163927013,,,Non-Muslim,Madinah,FRENCH,Grade 4,A,2024-25,677,New Student,Online Mode,New,2022-09-01,Yes,Sultan Al-Sulami,Hanan Al-Sulami,+966547762587,yousef.alsulami677@parent.com,"261 Al-Nuzha Street, Jeddah"
,Olivia Ahmed,أوليفيا أحمد,Female,2016-12-10,Philippines,Passport,,,EA4577625,Muslim,Damascus,FRENCH,Grade 5,A,2024-25,678,Transfer,Regular Mode,Transfer,2022-09-01,Yes,David Ahmed,Zainab Ahmed,+966588869468,olivia.ahmed678@parent.com,"14 Al-Nuzha Street, Jeddah"
,Nayla Kumar,نايلة كومار,Female,2015-03-24,India,Iqama,,2996753625,,Muslim,Amman,FRENCH,Grade 6,A,2024-25,679,Regular (Continuing),Regular Mode,Regular,2023-09-01,Yes,Kabir Kumar,Hira Kumar,+966504743655,nayla.kumar679@parent.com,"298 Al-Nuzha Street, Jeddah"
,Hamza Mansoor,حمزة منصور,Male,2014-10-03,Philippines,Passport,,,MM9675979,Muslim,Amman,FRENCH,Grade 7,A,2024-25,680,New Student,Seasonal Mode,New,2022-09-01,Yes,Bilal Mansoor,Riya Mansoor,+966583578921,hamza.mansoor680@parent.com,"1 Al-Nuzha Street, Jeddah"
,Latifa Al-Maliki,لطيفة المالكي,Female,2013-10-09,Saudi Arabia,National ID,1456705285,,,Muslim,Tabuk,FRENCH,Grade 8,A,2024-25,681,Transfer,Online Mode,Transfer,2024-09-01,Yes,Adel Al-Maliki,Renad Al-Maliki,+966519752831,latifa.almaliki681@parent.com,"20 Al-Nuzha Street, Jeddah"
,Joud Al-Zahrani,جود الزهراني,Female,2012-08-12,Saudi Arabia,National ID,1889496598,,,Muslim,Buraidah,FRENCH,Grade 9,A,2024-25,682,Regular (Continuing),Seasonal Mode,Regular,2025-09-01,Yes,Faisal Al-Zahrani,Amal Al-Zahrani,+966592153620,joud.alzahrani682@parent.com,"175 Al-Nuzha Street, Jeddah"
,Renad Al-Maliki,رناد المالكي,Female,2011-05-01,Saudi Arabia,National ID,1946517306,,,Muslim,Jeddah,FRENCH,Grade 10,A,2024-25,683,Regular (Continuing),Online Mode,Regular,2024-09-01,Yes,Talal Al-Maliki,Hessa Al-Maliki,+966520209133,renad.almaliki683@parent.com,"233 Al-Nuzha Street, Jeddah"
,Vihaan Rahman,فيهان رحمن,Male,2010-08-13,Syria,Iqama,,2033771357,,Non-Muslim,New York,FRENCH,Grade 11,A,2024-25,684,Regular (Continuing),Regular Mode,Regular,2024-09-01,Yes,Rohan Rahman,Nour Rahman,+966535305197,vihaan.rahman684@parent.com,"233 Al-Nuzha Street, Jeddah"
,Diya Shaikh,ديا شيخ,Female,2009-05-05,Indonesia,Iqama,,2088691878,,Muslim,Jakarta,FRENCH,Grade 12,A,2024-25,685,Regular (Continuing),Regular Mode,Regular,2024-09-01,Yes,Zayn Shaikh,Maya Shaikh,+966517398559,diya.shaikh685@parent.com,"77 Al-Nuzha Street, Jeddah"
,Emma Khan,إيما خان,Female,2020-03-02,Indonesia,Passport,,,ML6365838,Non-Muslim,Jakarta,FRENCH,KG1,A,2024-25,686,Regular (Continuing),Seasonal Mode,Regular,2022-09-01,Yes,Yusuf Khan,Olivia Khan,+966582730385,emma.khan686@parent.com,"44 Al-Nuzha Street, Jeddah"
,Fatima Singh,فاطمة سينغ,Female,2019-12-12,Jordan,Iqama,,2626078616,,Muslim,Cairo,FRENCH,KG2,A,2024-25,687,Regular (Continuing),Online Mode,Regular,2022-09-01,Yes,Daniel Singh,Anika Singh,+966529890018,fatima.singh687@parent.com,"182 Al-Nuzha Street, Jeddah"
,Adam Ibrahim,آدم إبراهيم,Male,2020-02-13,Indonesia,Iqama,,2297264253,,Muslim,Karachi,FRENCH,Grade 1,A,2024-25,688,Transfer,Seasonal Mode,Transfer,2023-09-01,Yes,Talha Ibrahim,Sofia Ibrahim,+966596521117,adam.ibrahim688@parent.com,"40 Al-Nuzha Street, Jeddah"
,Sofia Patel,صوفيا باتل,Female,2019-07-09,Bangladesh,Iqama,,2965828194,,Muslim,Cairo,FRENCH,Grade 2,A,2024-25,689,New Student,Regular Mode,New,2022-09-01,Yes,Adam Patel,Zoe Patel,+966558091350,sofia.patel689@parent.com,"102 Al-Nuzha Street, Jeddah"
,Olivia Siddiqui,أوليفيا صديقي,Female,2018-06-25,Pakistan,Passport,,,DJ4500161,Muslim,New York,FRENCH,Grade 3,A,2024-25,690,New Student,Online Mode,New,2024-09-01,Yes,Zayn Siddiqui,Nour Siddiqui,+966516618813,olivia.siddiqui690@parent.com,"28 Al-Nuzha Street, Jeddah"
,Joud Al-Yamani,جود اليماني,Female,2017-11-18,Saudi Arabia,National ID,1065981157,,,Non-Muslim,Dammam,FRENCH,Grade 4,A,2024-25,691,New Student,Online Mode,New,2024-09-01,Yes,Anas Al-Yamani,Maha Al-Yamani,+966575002108,joud.alyamani691@parent.com,"215 Al-Nuzha Street, Jeddah"
,Ziyad Al-Zahrani,زياد الزهراني,Male,2016-12-20,Saudi Arabia,National ID,1597900339,,,Muslim,Riyadh,FRENCH,Grade 5,A,2024-25,692,Regular (Continuing),Regular Mode,Regular,2022-09-01,Yes,Salman Al-Zahrani,Fatima Al-Zahrani,+966509455263,ziyad.alzahrani692@parent.com,"193 Al-Nuzha Street, Jeddah"
,Reem Al-Zahrani,ريم الزهراني,Female,2015-12-18,Saudi Arabia,National ID,1896433031,,,Muslim,Abha,FRENCH,Grade 6,A,2024-25,693,Regular (Continuing),Seasonal Mode,Regular,2022-09-01,Yes,Talal Al-Zahrani,Asma Al-Zahrani,+966549204981,reem.alzahrani693@parent.com,"131 Al-Nuzha Street, Jeddah"
,Junaid Gupta,جنيد جوبتا,Male,2014-07-13,United Kingdom,Iqama,,2231074796,,Muslim,Manila,FRENCH,Grade 7,A,2024-25,694,Transfer,Regular Mode,Transfer,2023-09-01,Yes,Bilal Gupta,Khadija Gupta,+966578153920,junaid.gupta694@parent.com,"139 Al-Nuzha Street, Jeddah"
,Olivia Wang,أوليفيا وانج,Female,2013-04-17,United States,Passport,,,KB1925061,Muslim,Khartoum,FRENCH,Grade 8,A,2024-25,695,New Student,Seasonal Mode,New,2025-09-01,Yes,Daniel Wang,Riya Wang,+966550080449,olivia.wang695@parent.com,"17 Al-Nuzha Street, Jeddah"
,Faisal Al-Hashemi,فيصل الهاشمي,Male,2012-01-14,Saudi Arabia,National ID,1967410507,,,Muslim,Buraidah,FRENCH,Grade 9,A,2024-25,696,Regular (Continuing),Regular Mode,Regular,2025-09-01,Yes,Bader Al-Hashemi,Hanan Al-Hashemi,+966572309922,faisal.alhashemi696@parent.com,"236 Al-Nuzha Street, Jeddah"
,Ismail Ibrahim,إسماعيل إبراهيم,Male,2011-05-26,United States,Iqama,,2842660742,,Muslim,Karachi,FRENCH,Grade 10,A,2024-25,697,Regular (Continuing),Regular Mode,Regular,2024-09-01,Yes,Ayaan Ibrahim,Nour Ibrahim,+966542527060,ismail.ibrahim697@parent.com,"25 Al-Nuzha Street, Jeddah"
,Zain Mansoor,زين منصور,Male,2010-05-21,Bangladesh,Iqama,,2164609812,,Muslim,Cairo,FRENCH,Grade 11,A,2024-25,698,Regular (Continuing),Online Mode,Regular,2024-09-01,Yes,Talha Mansoor,Khadija Mansoor,+966585503773,zain.mansoor698@parent.com,"221 Al-Nuzha Street, Jeddah"
,Vihaan Gupta,فيهان جوبتا,Male,2009-05-28,Egypt,Passport,,,DG7916238,Muslim,Dhaka,FRENCH,Grade 12,A,2024-25,699,Regular (Continuing),Online Mode,Regular,2024-09-01,Yes,Vihaan Gupta,Maya Gupta,+966572562987,vihaan.gupta699@parent.com,"294 Al-Nuzha Street, Jeddah"
,Vihaan Wang,فيهان وانج,Male,2020-02-13,Jordan,Passport,,,MD8404614,Non-Muslim,Mumbai,FRENCH,KG1,A,2024-25,700,Regular (Continuing),Online Mode,Regular,2025-09-01,Yes,Ahmed Wang,Aliya Wang,+966519332845,vihaan.wang700@parent.com,"287 Al-Nuzha Street, Jeddah"
,Renad Al-Dosari,رناد الدوسري,Female,2019-12-06,Saudi Arabia,National ID,1568570446,,,Muslim,Khobar,FRENCH,KG2,A,2024-25,701,Regular (Continuing),Regular Mode,Regular,2022-09-01,Yes,Fahad Al-Dosari,Lama Al-Dosari,+966576524069,renad.aldosari701@parent.com,"223 Al-Nuzha Street, Jeddah"
,Reem Al-Saud,ريم آل سعود,Female,2020-09-20,Saudi Arabia,National ID,1259450979,,,Muslim,Dammam,FRENCH,Grade 1,A,2024-25,702,Regular (Continuing),Seasonal Mode,Regular,2022-09-01,Yes,Bader Al-Saud,Lujain Al-Saud,+966594131879,reem.alsaud702@parent.com,"240 Al-Nuzha Street, Jeddah"
,Ayaan Mansoor,أيان منصور,Male,2019-04-11,Yemen,Iqama,,2463510558,,Muslim,Damascus,FRENCH,Grade 2,A,2024-25,703,Regular (Continuing),Seasonal Mode,Regular,2022-09-01,Yes,Ahmed Mansoor,Maya Mansoor,+966580183051,ayaan.mansoor703@parent.com,"75 Al-Nuzha Street, Jeddah"
,Zain Siddiqui,زين صديقي,Male,2018-04-24,Yemen,Iqama,,2126053875,,Non-Muslim,Khartoum,FRENCH,Grade 3,A,2024-25,704,New Student,Seasonal Mode,New,2023-09-01,Yes,Tariq Siddiqui,Sana Siddiqui,+966593255106,zain.siddiqui704@parent.com,"298 Al-Nuzha Street, Jeddah"
,Turki Al-Qahtani,تركي القحطاني,Male,2017-07-02,Saudi Arabia,National ID,1695103570,,,Muslim,Tabuk,FRENCH,Grade 4,A,2024-25,705,New Student,Online Mode,New,2022-09-01,Yes,Ali Al-Qahtani,Sara Al-Qahtani,+966593180875,turki.alqahtani705@parent.com,"107 Al-Nuzha Street, Jeddah"
,Hessa Al-Sabah,حصة الصباح,Female,2016-07-16,Saudi Arabia,National ID,1231236304,,,Muslim,Mecca,FRENCH,Grade 5,A,2024-25,706,Regular (Continuing),Seasonal Mode,Regular,2022-09-01,Yes,Hamad Al-Sabah,Amal Al-Sabah,+966511631031,hessa.alsabah706@parent.com,"160 Al-Nuzha Street, Jeddah"
,Ziyad Al-Sudais,زياد السديس,Male,2015-03-13,Saudi Arabia,National ID,1294384867,,,Muslim,Jeddah,FRENCH,Grade 6,A,2024-25,707,Regular (Continuing),Seasonal Mode,Regular,2022-09-01,Yes,Bandar Al-Sudais,Tala Al-Sudais,+966535549220,ziyad.alsudais707@parent.com,"101 Al-Nuzha Street, Jeddah"
,Ali Al-Sulami,علي السلمي,Male,2014-03-28,Saudi Arabia,National ID,1148630307,,,Muslim,Mecca,FRENCH,Grade 7,A,2024-25,708,Regular (Continuing),Regular Mode,Regular,2023-09-01,Yes,Salman Al-Sulami,Dalal Al-Sulami,+966540330542,ali.alsulami708@parent.com,"191 Al-Nuzha Street, Jeddah"
,Fatima Al-Shehri,فاطمة الشهري,Female,2013-10-25,Saudi Arabia,National ID,1864473521,,,Muslim,Mecca,FRENCH,Grade 8,A,2024-25,709,New Student,Online Mode,New,2022-09-01,Yes,Nawaf Al-Shehri,Dalal Al-Shehri,+966520119048,fatima.alshehri709@parent.com,"14 Al-Nuzha Street, Jeddah"
,Sophia Saleh,سوفيا صالح,Female,2012-12-28,Jordan,Passport,,,MG1942038,Muslim,Manila,FRENCH,Grade 9,A,2024-25,710,Regular (Continuing),Seasonal Mode,Regular,2023-09-01,Yes,John Saleh,Zoe Saleh,+966503892818,sophia.saleh710@parent.com,"49 Al-Nuzha Street, Jeddah"
,Emma Rahman,إيما رحمن,Female,2011-03-19,Jordan,Iqama,,2453826686,,Non-Muslim,Khartoum,FRENCH,Grade 10,A,2024-25,711,Regular (Continuing),Online Mode,Regular,2023-09-01,Yes,Yusuf Rahman,Anaya Rahman,+966559250532,emma.rahman711@parent.com,"7 Al-Nuzha Street, Jeddah"
,Michael Kumar,مايكل كومار,Male,2010-11-09,United Kingdom,Iqama,,2216398475,,Muslim,Sanaa,FRENCH,Grade 11,A,2024-25,712,Regular (Continuing),Seasonal Mode,Regular,2024-09-01,Yes,Kabir Kumar,Fatima Kumar,+966587814012,michael.kumar712@parent.com,"61 Al-Nuzha Street, Jeddah"
,Ali Al-Dosari,علي الدوسري,Male,2009-10-14,Saudi Arabia,National ID,1838068144,,,Non-Muslim,Riyadh,FRENCH,Grade 12,A,2024-25,713,Transfer,Online Mode,Transfer,2025-09-01,Yes,Salman Al-Dosari,Amal Al-Dosari,+966574330042,ali.aldosari713@parent.com,"262 Al-Nuzha Street, Jeddah"
,Dalal Al-Sulami,دلال السلمي,Female,2020-09-11,Saudi Arabia,National ID,1361559832,,,Muslim,Mecca,FRENCH,KG1,A,2024-25,714,Regular (Continuing),Seasonal Mode,Regular,2025-09-01,Yes,Faisal Al-Sulami,Dalal Al-Sulami,+966572074258,dalal.alsulami714@parent.com,"27 Al-Nuzha Street, Jeddah"
,Hanan Al-Shehri,حنان الشهري,Female,2019-01-05,Saudi Arabia,National ID,1385968355,,,Non-Muslim,Tabuk,FRENCH,KG2,A,2024-25,715,Regular (Continuing),Online Mode,Regular,2023-09-01,Yes,Bandar Al-Shehri,Fatima Al-Shehri,+966524536674,hanan.alshehri715@parent.com,"281 Al-Nuzha Street, Jeddah"
,Ghada Al-Qahtani,غادة القحطاني,Female,2020-06-09,Saudi Arabia,National ID,1937446574,,,Muslim,Tabuk,FRENCH,Grade 1,A,2024-25,716,New Student,Seasonal Mode,New,2025-09-01,Yes,Hatim Al-Qahtani,Hessa Al-Qahtani,+966508093996,ghada.alqahtani716@parent.com,"20 Al-Nuzha Street, Jeddah"
,Ahmed Shaikh,أحمد شيخ,Male,2019-09-16,India,Passport,,,JG2778670,Non-Muslim,Dhaka,FRENCH,Grade 2,A,2024-25,717,Regular (Continuing),Regular Mode,Regular,2023-09-01,Yes,David Shaikh,Aliya Shaikh,+966514854481,ahmed.shaikh717@parent.com,"25 Al-Nuzha Street, Jeddah"
,Hassan Al-Sulami,حسن السلمي,Male,2018-03-20,Saudi Arabia,National ID,1928462879,,,Non-Muslim,Jeddah,FRENCH,Grade 3,A,2024-25,718,Regular (Continuing),Regular Mode,Regular,2024-09-01,Yes,Hatim Al-Sulami,Sara Al-Sulami,+966565376633,hassan.alsulami718@parent.com,"114 Al-Nuzha Street, Jeddah"
,Talal Al-Zahrani,طلال الزهراني,Male,2017-06-11,Saudi Arabia,National ID,1901389648,,,Non-Muslim,Khobar,FRENCH,Grade 4,A,2024-25,719,Regular (Continuing),Regular Mode,Regular,2025-09-01,Yes,Khalid Al-Zahrani,Tala Al-Zahrani,+966568958049,talal.alzahrani719@parent.com,"128 Al-Nuzha Street, Jeddah"
,Nawaf Al-Dosari,نواف الدوسري,Male,2016-06-25,Saudi Arabia,National ID,1531488664,,,Non-Muslim,Madinah,FRENCH,Grade 5,A,2024-25,720,Regular (Continuing),Seasonal Mode,Regular,2024-09-01,Yes,Bandar Al-Dosari,Dalal Al-Dosari,+966596389456,nawaf.aldosari720@parent.com,"125 Al-Nuzha Street, Jeddah"
,Ismail Ali,إسماعيل علي,Male,2015-03-24,Sudan,Passport,,,JH7468822,Muslim,Dhaka,FRENCH,Grade 6,A,2024-25,721,Transfer,Seasonal Mode,Transfer,2025-09-01,Yes,Ahmed Ali,Zainab Ali,+966516075015,ismail.ali721@parent.com,"212 Al-Nuzha Street, Jeddah"
,Joud Al-Fayez,جود الفايز,Female,2014-12-25,Saudi Arabia,National ID,1871433895,,,Non-Muslim,Dammam,FRENCH,Grade 7,A,2024-25,722,Transfer,Regular Mode,Transfer,2024-09-01,Yes,Bader Al-Fayez,Noura Al-Fayez,+966532661786,joud.alfayez722@parent.com,"126 Al-Nuzha Street, Jeddah"
,Yousef Al-Tamimi,يوسف التميمي,Male,2013-03-05,Saudi Arabia,National ID,1691773884,,,Muslim,Jeddah,FRENCH,Grade 8,A,2024-25,723,Transfer,Online Mode,Transfer,2025-09-01,Yes,Bader Al-Tamimi,Manal Al-Tamimi,+966558730956,yousef.altamimi723@parent.com,"228 Al-Nuzha Street, Jeddah"
,Bandar Al-Sudais,بندر السديس,Male,2012-10-18,Saudi Arabia,National ID,1746577611,,,Muslim,Buraidah,FRENCH,Grade 9,A,2024-25,724,New Student,Regular Mode,New,2024-09-01,Yes,Talal Al-Sudais,Lama Al-Sudais,+966595569635,bandar.alsudais724@parent.com,"277 Al-Nuzha Street, Jeddah"
,Noura Al-Hashemi,نورة الهاشمي,Female,2011-11-18,Saudi Arabia,National ID,1714087279,,,Muslim,Madinah,FRENCH,Grade 10,A,2024-25,725,New Student,Regular Mode,New,2025-09-01,Yes,Abdullah Al-Hashemi,Lujain Al-Hashemi,+966519508562,noura.alhashemi725@parent.com,"285 Al-Nuzha Street, Jeddah"
,Layla Al-Hashemi,ليلى الهاشمي,Female,2010-10-16,Saudi Arabia,National ID,1807754464,,,Muslim,Jeddah,FRENCH,Grade 11,A,2024-25,726,Transfer,Seasonal Mode,Transfer,2025-09-01,Yes,Raed Al-Hashemi,Layla Al-Hashemi,+966566989335,layla.alhashemi726@parent.com,"216 Al-Nuzha Street, Jeddah"
,Hassan Al-Qahtani,حسن القحطاني,Male,2009-02-11,Saudi Arabia,National ID,1118702065,,,Muslim,Tabuk,FRENCH,Grade 12,A,2024-25,727,Regular (Continuing),Online Mode,Regular,2024-09-01,Yes,Saud Al-Qahtani,Maha Al-Qahtani,+966511705476,hassan.alqahtani727@parent.com,"148 Al-Nuzha Street, Jeddah"
,Anas Al-Rashid,أنس الراشد,Male,2020-09-13,Saudi Arabia,National ID,1827325379,,,Muslim,Jeddah,FRENCH,KG1,A,2024-25,728,New Student,Online Mode,New,2023-09-01,Yes,Mohammed Al-Rashid,Tala Al-Rashid,+966508920994,anas.alrashid728@parent.com,"137 Al-Nuzha Street, Jeddah"
,Turki Al-Sabah,تركي الصباح,Male,2019-06-22,Saudi Arabia,National ID,1306953201,,,Muslim,Jeddah,FRENCH,KG2,A,2024-25,729,Regular (Continuing),Online Mode,Regular,2024-09-01,Yes,Hamad Al-Sabah,Asma Al-Sabah,+966550589003,turki.alsabah729@parent.com,"49 Al-Nuzha Street, Jeddah"
,Aisha Al-Tamimi,عائشة التميمي,Female,2020-09-19,Saudi Arabia,National ID,1359364154,,,Muslim,Mecca,FRENCH,Grade 1,A,2024-25,730,New Student,Regular Mode,New,2022-09-01,Yes,Ibrahim Al-Tamimi,Noura Al-Tamimi,+966546710636,aisha.altamimi730@parent.com,"30 Al-Nuzha Street, Jeddah"
,Waleed Al-Sudais,وليد السديس,Male,2019-05-22,Saudi Arabia,National ID,1967010847,,,Muslim,Buraidah,FRENCH,Grade 2,A,2024-25,731,Transfer,Seasonal Mode,Transfer,2025-09-01,Yes,Abdullah Al-Sudais,Lujain Al-Sudais,+966570445145,waleed.alsudais731@parent.com,"99 Al-Nuzha Street, Jeddah"
,Saif Al-Saud,سيف آل سعود,Male,2018-12-14,Saudi Arabia,National ID,1654838222,,,Non-Muslim,Madinah,FRENCH,Grade 3,A,2024-25,732,Regular (Continuing),Regular Mode,Regular,2023-09-01,Yes,Saif Al-Saud,Manal Al-Saud,+966581704808,saif.alsaud732@parent.com,"270 Al-Nuzha Street, Jeddah"
,Nayla Shaikh,نايلة شيخ,Female,2017-09-10,Yemen,Passport,,,DK8085139,Muslim,Dhaka,FRENCH,Grade 4,A,2024-25,733,New Student,Seasonal Mode,New,2022-09-01,Yes,Yusuf Shaikh,Zoe Shaikh,+966561142570,nayla.shaikh733@parent.com,"223 Al-Nuzha Street, Jeddah"
,Hamza Malik,حمزة مالك,Male,2016-09-25,Jordan,Iqama,,2389726488,,Muslim,Cairo,FRENCH,Grade 5,A,2024-25,734,New Student,Online Mode,New,2022-09-01,Yes,John Malik,Anika Malik,+966570234893,hamza.malik734@parent.com,"119 Al-Nuzha Street, Jeddah"
,Fatima Al-Shehri,فاطمة الشهري,Female,2015-06-19,Saudi Arabia,National ID,1853638819,,,Muslim,Riyadh,FRENCH,Grade 6,A,2024-25,735,Transfer,Seasonal Mode,Transfer,2025-09-01,Yes,Nawaf Al-Shehri,Aisha Al-Shehri,+966542883963,fatima.alshehri735@parent.com,"83 Al-Nuzha Street, Jeddah"
,Reem Al-Harbi,ريم الحربي,Female,2014-05-06,Saudi Arabia,National ID,1758500905,,,Non-Muslim,Buraidah,FRENCH,Grade 7,A,2024-25,736,New Student,Regular Mode,New,2022-09-01,Yes,Sultan Al-Harbi,Reema Al-Harbi,+966556727550,reem.alharbi736@parent.com,"262 Al-Nuzha Street, Jeddah"
,Abdullah Al-Otaibi,عبدالله العتيبي,Male,2013-05-06,Saudi Arabia,National ID,1090566435,,,Muslim,Abha,FRENCH,Grade 8,A,2024-25,737,Regular (Continuing),Seasonal Mode,Regular,2022-09-01,Yes,Faisal Al-Otaibi,Layla Al-Otaibi,+966571202010,abdullah.alotaibi737@parent.com,"37 Al-Nuzha Street, Jeddah"
,Riya Mahmood,ريا محمود,Female,2012-07-05,United Kingdom,Iqama,,2667958788,,Muslim,Jakarta,FRENCH,Grade 9,A,2024-25,738,Regular (Continuing),Seasonal Mode,Regular,2025-09-01,Yes,Tariq Mahmood,Khadija Mahmood,+966532585816,riya.mahmood738@parent.com,"217 Al-Nuzha Street, Jeddah"
,Yusuf Smith,يوسف سميث,Male,2011-02-18,Pakistan,Passport,,,CE3041870,Muslim,Damascus,FRENCH,Grade 10,A,2024-25,739,New Student,Regular Mode,New,2024-09-01,Yes,Talha Smith,Sophia Smith,+966505010747,yusuf.smith739@parent.com,"157 Al-Nuzha Street, Jeddah"
,Wafa Al-Saud,وفاء آل سعود,Female,2010-12-28,Saudi Arabia,National ID,1781453936,,,Muslim,Mecca,FRENCH,Grade 11,A,2024-25,740,Transfer,Regular Mode,Transfer,2024-09-01,Yes,Hamad Al-Saud,Dana Al-Saud,+966553749236,wafa.alsaud740@parent.com,"183 Al-Nuzha Street, Jeddah"
,Sophia Garcia,سوفيا جارسيا,Female,2009-04-27,Indonesia,Passport,,,AA7207857,Muslim,Jakarta,FRENCH,Grade 12,A,2024-25,741,New Student,Online Mode,New,2023-09-01,Yes,Rohan Garcia,Aisha Garcia,+966582999816,sophia.garcia741@parent.com,"144 Al-Nuzha Street, Jeddah"
,Majed Al-Otaibi,ماجد العتيبي,Male,2020-06-04,Saudi Arabia,National ID,1072375275,,,Muslim,Dammam,FRENCH,KG1,A,2024-25,742,Regular (Continuing),Seasonal Mode,Regular,2022-09-01,Yes,Waleed Al-Otaibi,Dalal Al-Otaibi,+966583899253,majed.alotaibi742@parent.com,"199 Al-Nuzha Street, Jeddah"
,Nayla Sharma,نايلة شارما,Female,2019-02-04,Jordan,Iqama,,2439835063,,Muslim,Karachi,FRENCH,KG2,A,2024-25,743,Regular (Continuing),Online Mode,Regular,2023-09-01,Yes,Junaid Sharma,Zainab Sharma,+966585564374,nayla.sharma743@parent.com,"73 Al-Nuzha Street, Jeddah"
,Norah Al-Tamimi,نورة التميمي,Female,2020-02-14,Saudi Arabia,National ID,1324080731,,,Muslim,Dammam,FRENCH,Grade 1,A,2024-25,744,New Student,Seasonal Mode,New,2023-09-01,Yes,Yousef Al-Tamimi,Renad Al-Tamimi,+966577850955,norah.altamimi744@parent.com,"35 Al-Nuzha Street, Jeddah"
,James Mansoor,جيمس منصور,Male,2019-02-14,Yemen,Iqama,,2757088500,,Muslim,Jakarta,FRENCH,Grade 2,A,2024-25,745,New Student,Regular Mode,New,2022-09-01,Yes,Bilal Mansoor,Olivia Mansoor,+966507903381,james.mansoor745@parent.com,"203 Al-Nuzha Street, Jeddah"
,Zayn Hassan,زين حسن,Male,2018-10-22,Bangladesh,Iqama,,2884511772,,Muslim,Amman,FRENCH,Grade 3,A,2024-25,746,Regular (Continuing),Seasonal Mode,Regular,2025-09-01,Yes,Daniel Hassan,Mariam Hassan,+966587456190,zayn.hassan746@parent.com,"241 Al-Nuzha Street, Jeddah"
,Hamza Habib,حمزة حبيب,Male,2017-08-15,United Kingdom,Iqama,,2003782558,,Muslim,Amman,FRENCH,Grade 4,A,2024-25,747,Regular (Continuing),Regular Mode,Regular,2022-09-01,Yes,David Habib,Anika Habib,+966500452067,hamza.habib747@parent.com,"62 Al-Nuzha Street, Jeddah"
,Dalal Al-Tamimi,دلال التميمي,Female,2016-08-06,Saudi Arabia,National ID,1960255068,,,Muslim,Buraidah,FRENCH,Grade 5,A,2024-25,748,Regular (Continuing),Regular Mode,Regular,2025-09-01,Yes,Bandar Al-Tamimi,Aljawhara Al-Tamimi,+966517068111,dalal.altamimi748@parent.com,"60 Al-Nuzha Street, Jeddah"
,Tala Al-Hussein,تالا الحسين,Female,2015-11-04,Saudi Arabia,National ID,1062019204,,,Muslim,Riyadh,FRENCH,Grade 6,A,2024-25,749,Regular (Continuing),Seasonal Mode,Regular,2023-09-01,Yes,Saif Al-Hussein,Reema Al-Hussein,+966549909737,tala.alhussein749@parent.com,"217 Al-Nuzha Street, Jeddah"
,Maha Al-Rashid,مها الراشد,Female,2014-01-10,Saudi Arabia,National ID,1098157001,,,Non-Muslim,Mecca,FRENCH,Grade 7,A,2024-25,750,New Student,Seasonal Mode,New,2023-09-01,Yes,Anas Al-Rashid,Norah Al-Rashid,+966567926369,maha.alrashid750@parent.com,"168 Al-Nuzha Street, Jeddah"
,Nayla Wang,نايلة وانج,Female,2013-02-07,Syria,Iqama,,2638872697,,Muslim,Amman,FRENCH,Grade 8,A,2024-25,751,Regular (Continuing),Regular Mode,Regular,2024-09-01,Yes,Zain Wang,Nour Wang,+966509219552,nayla.wang751@parent.com,"41 Al-Nuzha Street, Jeddah"
,Sadia Brown,صادية براون,Female,2012-01-14,United Kingdom,Iqama,,2681916594,,Muslim,Mumbai,FRENCH,Grade 9,A,2024-25,752,New Student,Regular Mode,New,2023-09-01,Yes,Ismail Brown,Nayla Brown,+966508208117,sadia.brown752@parent.com,"212 Al-Nuzha Street, Jeddah"
,Mehek Ahmed,مهك أحمد,Female,2011-05-28,Pakistan,Passport,,,AK7668950,Muslim,Jakarta,FRENCH,Grade 10,A,2024-25,753,New Student,Regular Mode,New,2023-09-01,Yes,Yusuf Ahmed,Aliya Ahmed,+966508302205,mehek.ahmed753@parent.com,"144 Al-Nuzha Street, Jeddah"
,Michael Patel,مايكل باتل,Male,2010-05-01,Indonesia,Iqama,,2699708327,,Muslim,Sanaa,FRENCH,Grade 11,A,2024-25,754,Regular (Continuing),Online Mode,Regular,2022-09-01,Yes,Bilal Patel,Sophia Patel,+966534089699,michael.patel754@parent.com,"172 Al-Nuzha Street, Jeddah"
,Vihaan Chen,فيهان تشين,Male,2009-08-11,Bangladesh,Iqama,,2809389491,,Muslim,London,FRENCH,Grade 12,A,2024-25,755,Transfer,Regular Mode,Transfer,2022-09-01,Yes,Tariq Chen,Riya Chen,+966565280445,vihaan.chen755@parent.com,"207 Al-Nuzha Street, Jeddah"
,Hassan Al-Hussein,حسن الحسين,Male,2020-07-17,Saudi Arabia,National ID,1392882964,,,Muslim,Riyadh,FRENCH,KG1,A,2024-25,756,New Student,Online Mode,New,2025-09-01,Yes,Yousef Al-Hussein,Norah Al-Hussein,+966533038316,hassan.alhussein756@parent.com,"273 Al-Nuzha Street, Jeddah"
,Daniel Smith,دانيال سميث,Male,2019-11-06,Pakistan,Iqama,,2495436214,,Muslim,Damascus,FRENCH,KG2,A,2024-25,757,New Student,Regular Mode,New,2023-09-01,Yes,Daniel Smith,Anvi Smith,+966543504359,daniel.smith757@parent.com,"135 Al-Nuzha Street, Jeddah"
,Daniel Kim,دانيال كيم,Male,2020-09-18,India,Passport,,,GF8244369,Non-Muslim,London,FRENCH,Grade 1,A,2024-25,758,Transfer,Seasonal Mode,Transfer,2023-09-01,Yes,Junaid Kim,Sadia Kim,+966522955212,daniel.kim758@parent.com,"212 Al-Nuzha Street, Jeddah"
,Sultan Al-Zahrani,سلطان الزهراني,Male,2019-05-22,Saudi Arabia,National ID,1336608971,,,Muslim,Buraidah,FRENCH,Grade 2,A,2024-25,759,Transfer,Online Mode,Transfer,2024-09-01,Yes,Mohammed Al-Zahrani,Hanan Al-Zahrani,+966537386557,sultan.alzahrani759@parent.com,"101 Al-Nuzha Street, Jeddah"
,Zainab Chen,زينب تشين,Female,2018-03-25,Yemen,Iqama,,2329006254,,Muslim,Cairo,FRENCH,Grade 3,A,2024-25,760,Transfer,Regular Mode,Transfer,2024-09-01,Yes,Zain Chen,Emma Chen,+966578763541,zainab.chen760@parent.com,"171 Al-Nuzha Street, Jeddah"
,Nayla Kim,نايلة كيم,Female,2017-06-23,United States,Iqama,,2736772459,,Muslim,Manila,FRENCH,Grade 4,A,2024-25,761,Regular (Continuing),Seasonal Mode,Regular,2022-09-01,Yes,Ismail Kim,Sofia Kim,+966525224268,nayla.kim761@parent.com,"285 Al-Nuzha Street, Jeddah"
,Dana Al-Rashid,دانا الراشد,Female,2016-08-01,Saudi Arabia,National ID,1467068576,,,Muslim,Tabuk,FRENCH,Grade 5,A,2024-25,762,New Student,Regular Mode,New,2023-09-01,Yes,Saud Al-Rashid,Asma Al-Rashid,+966578840942,dana.alrashid762@parent.com,"247 Al-Nuzha Street, Jeddah"
,Ammar Al-Sudais,عمار السديس,Male,2015-09-23,Saudi Arabia,National ID,1240722661,,,Muslim,Buraidah,FRENCH,Grade 6,A,2024-25,763,Regular (Continuing),Regular Mode,Regular,2025-09-01,Yes,Salman Al-Sudais,Sara Al-Sudais,+966514557571,ammar.alsudais763@parent.com,"2 Al-Nuzha Street, Jeddah"
,Mustafa Garcia,مصطفى جارسيا,Male,2014-05-14,Syria,Iqama,,2303303007,,Muslim,Cairo,FRENCH,Grade 7,A,2024-25,764,Regular (Continuing),Online Mode,Regular,2024-09-01,Yes,Vihaan Garcia,Mariam Garcia,+966512914730,mustafa.garcia764@parent.com,"32 Al-Nuzha Street, Jeddah"
,Raed Al-Tamimi,رائد التميمي,Male,2013-06-02,Saudi Arabia,National ID,1172799878,,,Non-Muslim,Khobar,FRENCH,Grade 8,A,2024-25,765,Regular (Continuing),Regular Mode,Regular,2024-09-01,Yes,Saud Al-Tamimi,Jana Al-Tamimi,+966555110429,raed.altamimi765@parent.com,"150 Al-Nuzha Street, Jeddah"
,Saanvi Malik,سانفي مالك,Female,2012-07-14,Pakistan,Passport,,,DM9478050,Muslim,Sanaa,FRENCH,Grade 9,A,2024-25,766,New Student,Online Mode,New,2025-09-01,Yes,John Malik,Layla Malik,+966537167498,saanvi.malik766@parent.com,"212 Al-Nuzha Street, Jeddah"
,Wafa Al-Dosari,وفاء الدوسري,Female,2011-03-25,Saudi Arabia,National ID,1758934486,,,Muslim,Dammam,FRENCH,Grade 10,A,2024-25,767,Transfer,Online Mode,Transfer,2024-09-01,Yes,Yousef Al-Dosari,Joud Al-Dosari,+966562739880,wafa.aldosari767@parent.com,"295 Al-Nuzha Street, Jeddah"
,Adam Mansoor,آدم منصور,Male,2010-01-06,Jordan,Passport,,,DK4971651,Muslim,Amman,FRENCH,Grade 11,A,2024-25,768,Regular (Continuing),Online Mode,Regular,2022-09-01,Yes,Ahmed Mansoor,Sofia Mansoor,+966591806325,adam.mansoor768@parent.com,"81 Al-Nuzha Street, Jeddah"
,Bilal Wang,بلال وانج,Male,2009-11-26,Philippines,Iqama,,2904164839,,Muslim,New York,FRENCH,Grade 12,A,2024-25,769,Regular (Continuing),Seasonal Mode,Regular,2025-09-01,Yes,Mustafa Wang,Nour Wang,+966559794073,bilal.wang769@parent.com,"232 Al-Nuzha Street, Jeddah"
,Saanvi Chen,سانفي تشين,Female,2020-12-01,Jordan,Passport,,,DK5201458,Muslim,Jakarta,FRENCH,KG1,A,2024-25,770,Regular (Continuing),Seasonal Mode,Regular,2025-09-01,Yes,Hamza Chen,Riya Chen,+966509063544,saanvi.chen770@parent.com,"87 Al-Nuzha Street, Jeddah"
,Zayn Hassan,زين حسن,Male,2019-08-01,Sudan,Iqama,,2391232249,,Muslim,Sanaa,FRENCH,KG2,A,2024-25,771,Transfer,Seasonal Mode,Transfer,2023-09-01,Yes,James Hassan,Zoe Hassan,+966591770203,zayn.hassan771@parent.com,"145 Al-Nuzha Street, Jeddah"
,David Habib,ديفيد حبيب,Male,2020-06-02,Sudan,Iqama,,2506884458,,Muslim,Jakarta,FRENCH,Grade 1,A,2024-25,772,New Student,Seasonal Mode,New,2024-09-01,Yes,Faris Habib,Sophia Habib,+966556967208,david.habib772@parent.com,"117 Al-Nuzha Street, Jeddah"
,Wafa Al-Sabah,وفاء الصباح,Female,2019-02-11,Saudi Arabia,National ID,1888139522,,,Muslim,Jeddah,FRENCH,Grade 2,A,2024-25,773,Regular (Continuing),Regular Mode,Regular,2025-09-01,Yes,Sultan Al-Sabah,Latifa Al-Sabah,+966589558222,wafa.alsabah773@parent.com,"79 Al-Nuzha Street, Jeddah"
,Olivia Reddy,أوليفيا ريدي,Female,2018-12-11,Yemen,Iqama,,2391167158,,Muslim,Karachi,FRENCH,Grade 3,A,2024-25,774,New Student,Regular Mode,New,2023-09-01,Yes,Adam Reddy,Emma Reddy,+966568895819,olivia.reddy774@parent.com,"4 Al-Nuzha Street, Jeddah"
,Vihaan Ibrahim,فيهان إبراهيم,Male,2017-04-02,Pakistan,Iqama,,2604730359,,Muslim,Dhaka,FRENCH,Grade 4,A,2024-25,775,New Student,Seasonal Mode,New,2023-09-01,Yes,Hamza Ibrahim,Sofia Ibrahim,+966575363942,vihaan.ibrahim775@parent.com,"290 Al-Nuzha Street, Jeddah"
,Lujain Al-Sabah,لجين الصباح,Female,2016-09-11,Saudi Arabia,National ID,1736519514,,,Muslim,Mecca,FRENCH,Grade 5,A,2024-25,776,Regular (Continuing),Online Mode,Regular,2024-09-01,Yes,Naif Al-Sabah,Reema Al-Sabah,+966581491892,lujain.alsabah776@parent.com,"165 Al-Nuzha Street, Jeddah"
,Bader Al-Otaibi,بدر العتيبي,Male,2015-02-28,Saudi Arabia,National ID,1916537622,,,Muslim,Buraidah,FRENCH,Grade 6,A,2024-25,777,Regular (Continuing),Regular Mode,Regular,2025-09-01,Yes,Raed Al-Otaibi,Mariam Al-Otaibi,+966519903659,bader.alotaibi777@parent.com,"181 Al-Nuzha Street, Jeddah"
,Saanvi Malik,سانفي مالك,Female,2014-04-21,India,Passport,,,BM5676038,Muslim,Karachi,FRENCH,Grade 7,A,2024-25,778,Regular (Continuing),Regular Mode,Regular,2025-09-01,Yes,Yusuf Malik,Emma Malik,+966558631682,saanvi.malik778@parent.com,"224 Al-Nuzha Street, Jeddah"
,Bader Al-Rashid,بدر الراشد,Male,2013-04-28,Saudi Arabia,National ID,1099488842,,,Muslim,Dammam,FRENCH,Grade 8,A,2024-25,779,Regular (Continuing),Seasonal Mode,Regular,2023-09-01,Yes,Hassan Al-Rashid,Amal Al-Rashid,+966514864734,bader.alrashid779@parent.com,"183 Al-Nuzha Street, Jeddah"
,Shaden Al-Sudais,شادن السديس,Female,2012-02-07,Saudi Arabia,National ID,1465249237,,,Muslim,Dammam,FRENCH,Grade 9,A,2024-25,780,Regular (Continuing),Online Mode,Regular,2022-09-01,Yes,Majed Al-Sudais,Jana Al-Sudais,+966515724808,shaden.alsudais780@parent.com,"246 Al-Nuzha Street, Jeddah"
,Ghada Al-Maliki,غادة المالكي,Female,2011-09-07,Saudi Arabia,National ID,1602131081,,,Muslim,Riyadh,FRENCH,Grade 10,A,2024-25,781,Regular (Continuing),Seasonal Mode,Regular,2023-09-01,Yes,Ziyad Al-Maliki,Latifa Al-Maliki,+966595643850,ghada.almaliki781@parent.com,"50 Al-Nuzha Street, Jeddah"
,Lujain Al-Fayez,لجين الفايز,Female,2010-03-05,Saudi Arabia,National ID,1117328176,,,Muslim,Khobar,FRENCH,Grade 11,A,2024-25,782,New Student,Online Mode,New,2025-09-01,Yes,Naif Al-Fayez,Hanan Al-Fayez,+966532726249,lujain.alfayez782@parent.com,"231 Al-Nuzha Street, Jeddah"
,Saanvi Wang,سانفي وانج,Female,2009-11-13,Philippines,Passport,,,BJ0198621,Muslim,Damascus,FRENCH,Grade 12,A,2024-25,783,Regular (Continuing),Seasonal Mode,Regular,2024-09-01,Yes,John Wang,Hira Wang,+966564161965,saanvi.wang783@parent.com,"196 Al-Nuzha Street, Jeddah"
,Hamad Al-Qahtani,حمد القحطاني,Male,2020-06-20,Saudi Arabia,National ID,1569721242,,,Non-Muslim,Jeddah,FRENCH,KG1,A,2024-25,784,New Student,Online Mode,New,2025-09-01,Yes,Abdullah Al-Qahtani,Reem Al-Qahtani,+966552011080,hamad.alqahtani784@parent.com,"299 Al-Nuzha Street, Jeddah"
,Ghada Al-Harbi,غادة الحربي,Female,2019-11-07,Saudi Arabia,National ID,1406998174,,,Muslim,Madinah,FRENCH,KG2,A,2024-25,785,Transfer,Seasonal Mode,Transfer,2022-09-01,Yes,Naif Al-Harbi,Aisha Al-Harbi,+966552247041,ghada.alharbi785@parent.com,"192 Al-Nuzha Street, Jeddah"
,Waleed Al-Hashemi,وليد الهاشمي,Male,2020-03-06,Saudi Arabia,National ID,1985209869,,,Muslim,Mecca,FRENCH,Grade 1,A,2024-25,786,Regular (Continuing),Seasonal Mode,Regular,2023-09-01,Yes,Ammar Al-Hashemi,Lama Al-Hashemi,+966529227376,waleed.alhashemi786@parent.com,"128 Al-Nuzha Street, Jeddah"
,Joud Al-Sabah,جود الصباح,Female,2019-07-28,Saudi Arabia,National ID,1746049155,,,Muslim,Dammam,FRENCH,Grade 2,A,2024-25,787,Regular (Continuing),Seasonal Mode,Regular,2022-09-01,Yes,Nawaf Al-Sabah,Layla Al-Sabah,+966587527499,joud.alsabah787@parent.com,"38 Al-Nuzha Street, Jeddah"
,Diya Singh,ديا سينغ,Female,2018-07-10,Egypt,Passport,,,BG2753129,Non-Muslim,Karachi,FRENCH,Grade 3,A,2024-25,788,Regular (Continuing),Online Mode,Regular,2024-09-01,Yes,Zain Singh,Aliya Singh,+966569388457,diya.singh788@parent.com,"163 Al-Nuzha Street, Jeddah"
,Hira Patel,هيرا باتل,Female,2017-12-19,Sudan,Passport,,,GJ5628395,Muslim,Sanaa,FRENCH,Grade 4,A,2024-25,789,New Student,Online Mode,New,2025-09-01,Yes,Zayn Patel,Sophia Patel,+966512042643,hira.patel789@parent.com,"137 Al-Nuzha Street, Jeddah"
,Shaden Al-Qahtani,شادن القحطاني,Female,2016-02-16,Saudi Arabia,National ID,1066533059,,,Muslim,Madinah,FRENCH,Grade 5,A,2024-25,790,Transfer,Online Mode,Transfer,2024-09-01,Yes,Ali Al-Qahtani,Fatima Al-Qahtani,+966524324112,shaden.alqahtani790@parent.com,"90 Al-Nuzha Street, Jeddah"
,Norah Al-Saud,نورة آل سعود,Female,2015-10-20,Saudi Arabia,National ID,1647726973,,,Muslim,Riyadh,FRENCH,Grade 6,A,2024-25,791,Transfer,Regular Mode,Transfer,2025-09-01,Yes,Mohammed Al-Saud,Sara Al-Saud,+966594687296,norah.alsaud791@parent.com,"200 Al-Nuzha Street, Jeddah"
,Khalid Al-Harbi,خالد الحربي,Male,2014-10-12,Saudi Arabia,National ID,1011054253,,,Non-Muslim,Mecca,FRENCH,Grade 7,A,2024-25,792,Regular (Continuing),Regular Mode,Regular,2023-09-01,Yes,Naif Al-Harbi,Wafa Al-Harbi,+966569195553,khalid.alharbi792@parent.com,"23 Al-Nuzha Street, Jeddah"
,Dalal Al-Shehri,دلال الشهري,Female,2013-02-11,Saudi Arabia,National ID,1855163366,,,Muslim,Dammam,FRENCH,Grade 8,A,2024-25,793,Regular (Continuing),Online Mode,Regular,2024-09-01,Yes,Ali Al-Shehri,Sara Al-Shehri,+966598300229,dalal.alshehri793@parent.com,"166 Al-Nuzha Street, Jeddah"
,Zayn Habib,زين حبيب,Male,2012-05-16,Philippines,Passport,,,KG5220573,Muslim,Manila,FRENCH,Grade 9,A,2024-25,794,New Student,Online Mode,New,2023-09-01,Yes,Vihaan Habib,Emma Habib,+966536500150,zayn.habib794@parent.com,"96 Al-Nuzha Street, Jeddah"
,Hassan Al-Qahtani,حسن القحطاني,Male,2011-06-04,Saudi Arabia,National ID,1276894467,,,Muslim,Mecca,FRENCH,Grade 10,A,2024-25,795,New Student,Seasonal Mode,New,2024-09-01,Yes,Ammar Al-Qahtani,Asma Al-Qahtani,+966582357470,hassan.alqahtani795@parent.com,"210 Al-Nuzha Street, Jeddah"
,Aliya Saleh,عالية صالح,Female,2010-06-08,India,Iqama,,2076643511,,Muslim,Mumbai,FRENCH,Grade 11,A,2024-25,796,New Student,Online Mode,New,2025-09-01,Yes,Ismail Saleh,Zoe Saleh,+966550034187,aliya.saleh796@parent.com,"155 Al-Nuzha Street, Jeddah"
,Aisha Al-Qahtani,عائشة القحطاني,Female,2009-01-13,Saudi Arabia,National ID,1441329893,,,Non-Muslim,Dammam,FRENCH,Grade 12,A,2024-25,797,Regular (Continuing),Seasonal Mode,Regular,2024-09-01,Yes,Ziyad Al-Qahtani,Wafa Al-Qahtani,+966537117080,aisha.alqahtani797@parent.com,"49 Al-Nuzha Street, Jeddah"
,Bader Al-Saud,بدر آل سعود,Male,2020-03-06,Saudi Arabia,National ID,1278938901,,,Non-Muslim,Mecca,FRENCH,KG1,A,2024-25,798,Regular (Continuing),Regular Mode,Regular,2025-09-01,Yes,Khalid Al-Saud,Amal Al-Saud,+966530112374,bader.alsaud798@parent.com,"92 Al-Nuzha Street, Jeddah"
,Wafa Al-Otaibi,وفاء العتيبي,Female,2019-07-21,Saudi Arabia,National ID,1082356604,,,Muslim,Tabuk,FRENCH,KG2,A,2024-25,799,Regular (Continuing),Regular Mode,Regular,2022-09-01,Yes,Abdullah Al-Otaibi,Jana Al-Otaibi,+966528558894,wafa.alotaibi799@parent.com,"35 Al-Nuzha Street, Jeddah"
,Lujain Al-Fayez,لجين الفايز,Female,2020-04-12,Saudi Arabia,National ID,1208805038,,,Muslim,Buraidah,FRENCH,Grade 1,A,2024-25,800,Transfer,Regular Mode,Transfer,2023-09-01,Yes,Hassan Al-Fayez,Amal Al-Fayez,+966549157336,lujain.alfayez800@parent.com,"50 Al-Nuzha Street, Jeddah"
,Yazeed Al-Hussein,يزيد الحسين,Male,2019-12-14,Saudi Arabia,National ID,1773926830,,,Muslim,Mecca,FRENCH,Grade 2,A,2024-25,801,Regular (Continuing),Seasonal Mode,Regular,2022-09-01,Yes,Waleed Al-Hussein,Dana Al-Hussein,+966529659542,yazeed.alhussein801@parent.com,"61 Al-Nuzha Street, Jeddah"
,Salman Al-Harbi,سلمان الحربي,Male,2018-09-26,Saudi Arabia,National ID,1793531493,,,Muslim,Madinah,FRENCH,Grade 3,A,2024-25,802,New Student,Seasonal Mode,New,2025-09-01,Yes,Yousef Al-Harbi,Tala Al-Harbi,+966530838420,salman.alharbi802@parent.com,"234 Al-Nuzha Street, Jeddah"
,Bader Al-Anazi,بدر العنزي,Male,2017-03-26,Saudi Arabia,National ID,1859164457,,,Non-Muslim,Dammam,FRENCH,Grade 4,A,2024-25,803,Regular (Continuing),Seasonal Mode,Regular,2023-09-01,Yes,Hassan Al-Anazi,Lujain Al-Anazi,+966515936912,bader.alanazi803@parent.com,"72 Al-Nuzha Street, Jeddah"
,Waleed Al-Rashid,وليد الراشد,Male,2016-05-12,Saudi Arabia,National ID,1312717876,,,Non-Muslim,Madinah,FRENCH,Grade 5,A,2024-25,804,New Student,Regular Mode,New,2024-09-01,Yes,Mohammed Al-Rashid,Wafa Al-Rashid,+966516759727,waleed.alrashid804@parent.com,"206 Al-Nuzha Street, Jeddah"
,Mariam Al-Hussein,مريم الحسين,Female,2015-01-08,Saudi Arabia,National ID,1654237249,,,Muslim,Jeddah,FRENCH,Grade 6,A,2024-25,805,Transfer,Online Mode,Transfer,2024-09-01,Yes,Khalid Al-Hussein,Layla Al-Hussein,+966579789030,mariam.alhussein805@parent.com,"99 Al-Nuzha Street, Jeddah"
,Anaya Siddiqui,أنايا صديقي,Female,2014-01-12,United Kingdom,Passport,,,LB0273351,Muslim,Dhaka,FRENCH,Grade 7,A,2024-25,806,Transfer,Online Mode,Transfer,2024-09-01,Yes,Zayn Siddiqui,Zainab Siddiqui,+966596493948,anaya.siddiqui806@parent.com,"97 Al-Nuzha Street, Jeddah"
,Hamza Mansoor,حمزة منصور,Male,2013-11-16,Philippines,Iqama,,2166554313,,Muslim,Khartoum,FRENCH,Grade 8,A,2024-25,807,Regular (Continuing),Seasonal Mode,Regular,2024-09-01,Yes,Hassan Mansoor,Sofia Mansoor,+966541474744,hamza.mansoor807@parent.com,"50 Al-Nuzha Street, Jeddah"
,Majed Al-Ghamdi,ماجد الغامدي,Male,2012-10-25,Saudi Arabia,National ID,1842823318,,,Non-Muslim,Dammam,FRENCH,Grade 9,A,2024-25,808,New Student,Seasonal Mode,New,2023-09-01,Yes,Adel Al-Ghamdi,Salma Al-Ghamdi,+966529239631,majed.alghamdi808@parent.com,"48 Al-Nuzha Street, Jeddah"
,Mariam Al-Qahtani,مريم القحطاني,Female,2011-04-14,Saudi Arabia,National ID,1351916923,,,Non-Muslim,Tabuk,FRENCH,Grade 10,A,2024-25,809,New Student,Regular Mode,New,2025-09-01,Yes,Bader Al-Qahtani,Sara Al-Qahtani,+966535316595,mariam.alqahtani809@parent.com,"168 Al-Nuzha Street, Jeddah"
,Zayn Patel,زين باتل,Male,2010-04-05,Syria,Iqama,,2898885018,,Muslim,Dhaka,FRENCH,Grade 11,A,2024-25,810,Regular (Continuing),Regular Mode,Regular,2025-09-01,Yes,Kabir Patel,Anaya Patel,+966574847161,zayn.patel810@parent.com,"91 Al-Nuzha Street, Jeddah"
,Wafa Al-Sudais,وفاء السديس,Female,2009-12-27,Saudi Arabia,National ID,1131765164,,,Muslim,Abha,FRENCH,Grade 12,A,2024-25,811,New Student,Online Mode,New,2025-09-01,Yes,Raed Al-Sudais,Salma Al-Sudais,+966568408037,wafa.alsudais811@parent.com,"112 Al-Nuzha Street, Jeddah"
,John Sheikh,جون شيخ,Male,2020-08-26,United Kingdom,Iqama,,2850775227,,Muslim,Mumbai,FRENCH,KG1,A,2024-25,812,New Student,Regular Mode,New,2025-09-01,Yes,Rohan Sheikh,Sadia Sheikh,+966528271999,john.sheikh812@parent.com,"259 Al-Nuzha Street, Jeddah"
,Hassan Smith,حسن سميث,Male,2019-11-05,Syria,Iqama,,2722794378,,Muslim,Amman,FRENCH,KG2,A,2024-25,813,Regular (Continuing),Seasonal Mode,Regular,2025-09-01,Yes,Kabir Smith,Emma Smith,+966548478109,hassan.smith813@parent.com,"28 Al-Nuzha Street, Jeddah"
,Hassan Brown,حسن براون,Male,2020-04-14,United States,Iqama,,2366142317,,Muslim,Dhaka,FRENCH,Grade 1,A,2024-25,814,New Student,Seasonal Mode,New,2025-09-01,Yes,James Brown,Hira Brown,+966536688878,hassan.brown814@parent.com,"155 Al-Nuzha Street, Jeddah"
,Tariq Ahmed,طارق أحمد,Male,2019-11-18,Egypt,Iqama,,2884549064,,Muslim,London,FRENCH,Grade 2,A,2024-25,815,Regular (Continuing),Seasonal Mode,Regular,2023-09-01,Yes,John Ahmed,Sofia Ahmed,+966558949928,tariq.ahmed815@parent.com,"228 Al-Nuzha Street, Jeddah"
,Aryan Rahman,آريان رحمن,Male,2018-11-25,Syria,Iqama,,2463059319,,Muslim,Sanaa,FRENCH,Grade 3,A,2024-25,816,Transfer,Regular Mode,Transfer,2023-09-01,Yes,Kabir Rahman,Anaya Rahman,+966523190388,aryan.rahman816@parent.com,"279 Al-Nuzha Street, Jeddah"
,Mariam Brown,مريم براون,Female,2017-05-03,Sudan,Iqama,,2072112077,,Muslim,Amman,FRENCH,Grade 4,A,2024-25,817,Transfer,Online Mode,Transfer,2024-09-01,Yes,Tariq Brown,Olivia Brown,+966550369607,mariam.brown817@parent.com,"68 Al-Nuzha Street, Jeddah"
,Sophia Chen,سوفيا تشين,Female,2016-02-22,Egypt,Iqama,,2747016911,,Muslim,Khartoum,FRENCH,Grade 5,A,2024-25,818,Transfer,Online Mode,Transfer,2023-09-01,Yes,Aryan Chen,Sofia Chen,+966549006891,sophia.chen818@parent.com,"210 Al-Nuzha Street, Jeddah"
,Zain Hassan,زين حسن,Male,2015-04-12,Indonesia,Iqama,,2626669246,,Muslim,Cairo,FRENCH,Grade 6,A,2024-25,819,New Student,Seasonal Mode,New,2023-09-01,Yes,David Hassan,Khadija Hassan,+966509924844,zain.hassan819@parent.com,"50 Al-Nuzha Street, Jeddah"
,Saif Al-Hashemi,سيف الهاشمي,Male,2014-10-09,Saudi Arabia,National ID,1393467818,,,Non-Muslim,Madinah,FRENCH,Grade 7,A,2024-25,820,Transfer,Seasonal Mode,Transfer,2025-09-01,Yes,Ibrahim Al-Hashemi,Sara Al-Hashemi,+966553586064,saif.alhashemi820@parent.com,"25 Al-Nuzha Street, Jeddah"
,Tariq Gupta,طارق جوبتا,Male,2013-09-02,Egypt,Passport,,,NC4846129,Muslim,Cairo,FRENCH,Grade 8,A,2024-25,821,New Student,Seasonal Mode,New,2023-09-01,Yes,Yusuf Gupta,Zoe Gupta,+966532110715,tariq.gupta821@parent.com,"119 Al-Nuzha Street, Jeddah"
,Zain Patel,زين باتل,Male,2012-08-25,United States,Iqama,,2282009708,,Muslim,London,FRENCH,Grade 9,A,2024-25,822,Transfer,Online Mode,Transfer,2022-09-01,Yes,Tariq Patel,Saanvi Patel,+966526825010,zain.patel822@parent.com,"205 Al-Nuzha Street, Jeddah"
,Abdullah Al-Sulami,عبدالله السلمي,Male,2011-08-12,Saudi Arabia,National ID,1715969114,,,Non-Muslim,Khobar,FRENCH,Grade 10,A,2024-25,823,Regular (Continuing),Seasonal Mode,Regular,2024-09-01,Yes,Omar Al-Sulami,Dalal Al-Sulami,+966523052315,abdullah.alsulami823@parent.com,"144 Al-Nuzha Street, Jeddah"
,Khadija Mahmood,خديجة محمود,Female,2010-04-27,Egypt,Iqama,,2898010977,,Muslim,Dhaka,FRENCH,Grade 11,A,2024-25,824,Regular (Continuing),Seasonal Mode,Regular,2023-09-01,Yes,Hassan Mahmood,Khadija Mahmood,+966583022837,khadija.mahmood824@parent.com,"264 Al-Nuzha Street, Jeddah"
,Zainab Habib,زينب حبيب,Female,2009-12-06,Pakistan,Iqama,,2271997321,,Muslim,Jakarta,FRENCH,Grade 12,A,2024-25,825,Transfer,Online Mode,Transfer,2024-09-01,Yes,Aryan Habib,Saanvi Habib,+966508904377,zainab.habib825@parent.com,"142 Al-Nuzha Street, Jeddah"
,John Mahmood,جون محمود,Male,2020-04-24,Yemen,Iqama,,2642683253,,Muslim,Mumbai,FRENCH,KG1,A,2024-25,826,Regular (Continuing),Seasonal Mode,Regular,2025-09-01,Yes,Faris Mahmood,Sadia Mahmood,+966573369959,john.mahmood826@parent.com,"103 Al-Nuzha Street, Jeddah"
,Mariam Patel,مريم باتل,Female,2019-11-03,Bangladesh,Iqama,,2075856153,,Muslim,London,FRENCH,KG2,A,2024-25,827,Transfer,Regular Mode,Transfer,2024-09-01,Yes,Ismail Patel,Sofia Patel,+966520224930,mariam.patel827@parent.com,"122 Al-Nuzha Street, Jeddah"
,Naif Al-Sabah,نايف الصباح,Male,2020-05-20,Saudi Arabia,National ID,1174501993,,,Muslim,Abha,FRENCH,Grade 1,A,2024-25,828,Regular (Continuing),Seasonal Mode,Regular,2023-09-01,Yes,Ibrahim Al-Sabah,Shaden Al-Sabah,+966551222289,naif.alsabah828@parent.com,"216 Al-Nuzha Street, Jeddah"
,Aisha Al-Ghamdi,عائشة الغامدي,Female,2019-05-19,Saudi Arabia,National ID,1223202201,,,Muslim,Mecca,FRENCH,Grade 2,A,2024-25,829,Regular (Continuing),Seasonal Mode,Regular,2024-09-01,Yes,Saif Al-Ghamdi,Salma Al-Ghamdi,+966599328401,aisha.alghamdi829@parent.com,"77 Al-Nuzha Street, Jeddah"
,Latifa Al-Anazi,لطيفة العنزي,Female,2018-08-24,Saudi Arabia,National ID,1272956587,,,Muslim,Dammam,FRENCH,Grade 3,A,2024-25,830,Transfer,Regular Mode,Transfer,2025-09-01,Yes,Turki Al-Anazi,Dalal Al-Anazi,+966597610262,latifa.alanazi830@parent.com,"265 Al-Nuzha Street, Jeddah"
,Bader Al-Zahrani,بدر الزهراني,Male,2017-02-20,Saudi Arabia,National ID,1554175647,,,Non-Muslim,Abha,FRENCH,Grade 4,A,2024-25,831,Regular (Continuing),Seasonal Mode,Regular,2023-09-01,Yes,Hamad Al-Zahrani,Aisha Al-Zahrani,+966579315159,bader.alzahrani831@parent.com,"268 Al-Nuzha Street, Jeddah"
,James Smith,جيمس سميث,Male,2016-10-05,India,Passport,,,LC1580594,Non-Muslim,New York,FRENCH,Grade 5,A,2024-25,832,Regular (Continuing),Seasonal Mode,Regular,2022-09-01,Yes,James Smith,Sophia Smith,+966597567443,james.smith832@parent.com,"100 Al-Nuzha Street, Jeddah"
,Sultan Al-Shehri,سلطان الشهري,Male,2015-09-03,Saudi Arabia,National ID,1639399160,,,Muslim,Madinah,FRENCH,Grade 6,A,2024-25,833,Transfer,Online Mode,Transfer,2024-09-01,Yes,Ibrahim Al-Shehri,Amal Al-Shehri,+966554242290,sultan.alshehri833@parent.com,"161 Al-Nuzha Street, Jeddah"
,Maya Hussain,مايا حسين,Female,2014-07-14,Pakistan,Iqama,,2276905677,,Muslim,Jakarta,FRENCH,Grade 7,A,2024-25,834,Regular (Continuing),Online Mode,Regular,2024-09-01,Yes,Mustafa Hussain,Khadija Hussain,+966594324749,maya.hussain834@parent.com,"272 Al-Nuzha Street, Jeddah"
,Ali Al-Dosari,علي الدوسري,Male,2013-05-18,Saudi Arabia,National ID,1504421537,,,Muslim,Madinah,FRENCH,Grade 8,A,2024-25,835,New Student,Online Mode,New,2023-09-01,Yes,Sultan Al-Dosari,Asma Al-Dosari,+966563801785,ali.aldosari835@parent.com,"132 Al-Nuzha Street, Jeddah"
,Asma Al-Otaibi,أسماء العتيبي,Female,2012-05-03,Saudi Arabia,National ID,1457280797,,,Muslim,Mecca,FRENCH,Grade 9,A,2024-25,836,New Student,Online Mode,New,2023-09-01,Yes,Faisal Al-Otaibi,Fatima Al-Otaibi,+966520864721,asma.alotaibi836@parent.com,"168 Al-Nuzha Street, Jeddah"
,Salman Al-Tamimi,سلمان التميمي,Male,2011-01-27,Saudi Arabia,National ID,1647159566,,,Muslim,Khobar,FRENCH,Grade 10,A,2024-25,837,Regular (Continuing),Online Mode,Regular,2022-09-01,Yes,Turki Al-Tamimi,Wafa Al-Tamimi,+966508361036,salman.altamimi837@parent.com,"85 Al-Nuzha Street, Jeddah"
,Sofia Siddiqui,صوفيا صديقي,Female,2010-02-12,Jordan,Iqama,,2455791200,,Muslim,Amman,FRENCH,Grade 11,A,2024-25,838,Regular (Continuing),Online Mode,Regular,2022-09-01,Yes,Bilal Siddiqui,Zainab Siddiqui,+966534657937,sofia.siddiqui838@parent.com,"62 Al-Nuzha Street, Jeddah"
,Mustafa Smith,مصطفى سميث,Male,2009-10-26,Sudan,Iqama,,2434487706,,Muslim,London,FRENCH,Grade 12,A,2024-25,839,New Student,Online Mode,New,2022-09-01,Yes,Imran Smith,Anvi Smith,+966537470623,mustafa.smith839@parent.com,"280 Al-Nuzha Street, Jeddah"
,Aliya Wang,عالية وانج,Female,2020-06-05,Pakistan,Iqama,,2643755177,,Muslim,Sanaa,FRENCH,KG1,A,2024-25,840,Regular (Continuing),Regular Mode,Regular,2022-09-01,Yes,Rohan Wang,Anika Wang,+966505543323,aliya.wang840@parent.com,"69 Al-Nuzha Street, Jeddah"
,Priya Ali,بريا علي,Female,2019-12-07,Philippines,Iqama,,2820083490,,Muslim,Sanaa,FRENCH,KG2,A,2024-25,841,Transfer,Online Mode,Transfer,2023-09-01,Yes,Aryan Ali,Saanvi Ali,+966565242643,priya.ali841@parent.com,"120 Al-Nuzha Street, Jeddah"
,Imran Habib,عمران حبيب,Male,2020-08-02,India,Iqama,,2075919965,,Muslim,Khartoum,FRENCH,Grade 1,A,2024-25,842,Transfer,Seasonal Mode,Transfer,2024-09-01,Yes,Zayn Habib,Anika Habib,+966500881097,imran.habib842@parent.com,"246 Al-Nuzha Street, Jeddah"
,Adam Mansoor,آدم منصور,Male,2019-08-11,India,Passport,,,DK5752665,Muslim,Mumbai,FRENCH,Grade 2,A,2024-25,843,Regular (Continuing),Seasonal Mode,Regular,2022-09-01,Yes,Vihaan Mansoor,Priya Mansoor,+966550023594,adam.mansoor843@parent.com,"107 Al-Nuzha Street, Jeddah"
,Renad Al-Anazi,رناد العنزي,Female,2018-06-08,Saudi Arabia,National ID,1929523261,,,Muslim,Abha,FRENCH,Grade 3,A,2024-25,844,Regular (Continuing),Seasonal Mode,Regular,2024-09-01,Yes,Turki Al-Anazi,Mariam Al-Anazi,+966519530617,renad.alanazi844@parent.com,"136 Al-Nuzha Street, Jeddah"
,Mariam Habib,مريم حبيب,Female,2017-09-20,Indonesia,Iqama,,2109382038,,Muslim,Mumbai,FRENCH,Grade 4,A,2024-25,845,New Student,Seasonal Mode,New,2022-09-01,Yes,Hamza Habib,Zainab Habib,+966599134928,mariam.habib845@parent.com,"31 Al-Nuzha Street, Jeddah"
,Sofia Sheikh,صوفيا شيخ,Female,2016-10-04,United Kingdom,Iqama,,2735224681,,Non-Muslim,Karachi,FRENCH,Grade 5,A,2024-25,846,Regular (Continuing),Seasonal Mode,Regular,2025-09-01,Yes,Daniel Sheikh,Riya Sheikh,+966549875220,sofia.sheikh846@parent.com,"121 Al-Nuzha Street, Jeddah"
,Layla Al-Maliki,ليلى المالكي,Female,2015-03-10,Saudi Arabia,National ID,1646097893,,,Non-Muslim,Jeddah,FRENCH,Grade 6,A,2024-25,847,Transfer,Seasonal Mode,Transfer,2024-09-01,Yes,Bandar Al-Maliki,Hessa Al-Maliki,+966567971040,layla.almaliki847@parent.com,"81 Al-Nuzha Street, Jeddah"
,Zain Saleh,زين صالح,Male,2014-04-16,Syria,Iqama,,2125689301,,Muslim,Amman,FRENCH,Grade 7,A,2024-25,848,New Student,Seasonal Mode,New,2024-09-01,Yes,Junaid Saleh,Sofia Saleh,+966590347351,zain.saleh848@parent.com,"235 Al-Nuzha Street, Jeddah"
,Sofia Saleh,صوفيا صالح,Female,2013-12-15,Bangladesh,Iqama,,2402219408,,Muslim,Dhaka,FRENCH,Grade 8,A,2024-25,849,Regular (Continuing),Online Mode,Regular,2024-09-01,Yes,Ismail Saleh,Fatima Saleh,+966543124144,sofia.saleh849@parent.com,"253 Al-Nuzha Street, Jeddah"
,Norah Al-Fayez,نورة الفايز,Female,2012-05-24,Saudi Arabia,National ID,1240180633,,,Muslim,Buraidah,FRENCH,Grade 9,A,2024-25,850,New Student,Regular Mode,New,2024-09-01,Yes,Saud Al-Fayez,Aljawhara Al-Fayez,+966590692175,norah.alfayez850@parent.com,"225 Al-Nuzha Street, Jeddah"
,Hessa Al-Fayez,حصة الفايز,Female,2011-12-22,Saudi Arabia,National ID,1050174736,,,Muslim,Riyadh,FRENCH,Grade 10,A,2024-25,851,New Student,Seasonal Mode,New,2025-09-01,Yes,Talal Al-Fayez,Aljawhara Al-Fayez,+966566703195,hessa.alfayez851@parent.com,"232 Al-Nuzha Street, Jeddah"
,Faisal Al-Ghamdi,فيصل الغامدي,Male,2010-02-03,Saudi Arabia,National ID,1916517958,,,Muslim,Khobar,FRENCH,Grade 11,A,2024-25,852,Regular (Continuing),Seasonal Mode,Regular,2024-09-01,Yes,Khalid Al-Ghamdi,Renad Al-Ghamdi,+966512113769,faisal.alghamdi852@parent.com,"271 Al-Nuzha Street, Jeddah"
,Hamad Al-Maliki,حمد المالكي,Male,2009-09-12,Saudi Arabia,National ID,1358007182,,,Muslim,Madinah,FRENCH,Grade 12,A,2024-25,853,New Student,Regular Mode,New,2024-09-01,Yes,Anas Al-Maliki,Latifa Al-Maliki,+966511045387,hamad.almaliki853@parent.com,"44 Al-Nuzha Street, Jeddah"
,Imran Ahmed,عمران أحمد,Male,2020-09-04,Sudan,Iqama,,2552834256,,Muslim,Jakarta,FRENCH,KG1,A,2024-25,854,New Student,Seasonal Mode,New,2025-09-01,Yes,John Ahmed,Sadia Ahmed,+966518656987,imran.ahmed854@parent.com,"180 Al-Nuzha Street, Jeddah"
,Zoe Wang,زوي وانج,Female,2019-04-26,Pakistan,Iqama,,2813143122,,Muslim,Damascus,FRENCH,KG2,A,2024-25,855,Regular (Continuing),Regular Mode,Regular,2023-09-01,Yes,Hamza Wang,Khadija Wang,+966587165143,zoe.wang855@parent.com,"114 Al-Nuzha Street, Jeddah"
,Vihaan Shaikh,فيهان شيخ,Male,2020-07-28,Jordan,Iqama,,2192630427,,Muslim,Sanaa,FRENCH,Grade 1,A,2024-25,856,New Student,Regular Mode,New,2025-09-01,Yes,Tariq Shaikh,Riya Shaikh,+966552620058,vihaan.shaikh856@parent.com,"148 Al-Nuzha Street, Jeddah"
,Hira Ahmed,هيرا أحمد,Female,2019-08-15,Bangladesh,Iqama,,2533280035,,Muslim,Karachi,FRENCH,Grade 2,A,2024-25,857,New Student,Online Mode,New,2025-09-01,Yes,Ahmed Ahmed,Sadia Ahmed,+966501279422,hira.ahmed857@parent.com,"34 Al-Nuzha Street, Jeddah"
,Priya Hussain,بريا حسين,Female,2018-03-03,India,Iqama,,2163371879,,Muslim,London,FRENCH,Grade 3,A,2024-25,858,Regular (Continuing),Regular Mode,Regular,2024-09-01,Yes,Adam Hussain,Anvi Hussain,+966518181242,priya.hussain858@parent.com,"251 Al-Nuzha Street, Jeddah"
,Tala Al-Hashemi,تالا الهاشمي,Female,2017-03-01,Saudi Arabia,National ID,1234555570,,,Muslim,Tabuk,FRENCH,Grade 4,A,2024-25,859,Regular (Continuing),Seasonal Mode,Regular,2022-09-01,Yes,Adel Al-Hashemi,Renad Al-Hashemi,+966564080849,tala.alhashemi859@parent.com,"251 Al-Nuzha Street, Jeddah"
,Salma Al-Mutairi,سلمى المطيري,Female,2016-10-17,Saudi Arabia,National ID,1147272240,,,Non-Muslim,Riyadh,FRENCH,Grade 5,A,2024-25,860,Regular (Continuing),Online Mode,Regular,2023-09-01,Yes,Faisal Al-Mutairi,Dana Al-Mutairi,+966567959728,salma.almutairi860@parent.com,"22 Al-Nuzha Street, Jeddah"
,Zayn Sharma,زين شارما,Male,2015-07-04,Indonesia,Iqama,,2659699724,,Non-Muslim,Manila,FRENCH,Grade 6,A,2024-25,861,Transfer,Online Mode,Transfer,2022-09-01,Yes,Mustafa Sharma,Khadija Sharma,+966570055376,zayn.sharma861@parent.com,"124 Al-Nuzha Street, Jeddah"
,Zayn Singh,زين سينغ,Male,2014-12-11,United Kingdom,Iqama,,2073925897,,Muslim,London,FRENCH,Grade 7,A,2024-25,862,Transfer,Seasonal Mode,Transfer,2022-09-01,Yes,Aryan Singh,Nour Singh,+966550142821,zayn.singh862@parent.com,"263 Al-Nuzha Street, Jeddah"
,Hamad Al-Rashid,حمد الراشد,Male,2013-02-10,Saudi Arabia,National ID,1260977772,,,Muslim,Madinah,FRENCH,Grade 8,A,2024-25,863,Regular (Continuing),Regular Mode,Regular,2023-09-01,Yes,Sultan Al-Rashid,Dalal Al-Rashid,+966587850872,hamad.alrashid863@parent.com,"7 Al-Nuzha Street, Jeddah"
,Hessa Al-Anazi,حصة العنزي,Female,2012-02-09,Saudi Arabia,National ID,1430520731,,,Muslim,Jeddah,FRENCH,Grade 9,A,2024-25,864,Transfer,Seasonal Mode,Transfer,2024-09-01,Yes,Omar Al-Anazi,Amal Al-Anazi,+966594318187,hessa.alanazi864@parent.com,"227 Al-Nuzha Street, Jeddah"
,Turki Al-Hussein,تركي الحسين,Male,2011-01-14,Saudi Arabia,National ID,1506662420,,,Muslim,Buraidah,FRENCH,Grade 10,A,2024-25,865,Regular (Continuing),Seasonal Mode,Regular,2025-09-01,Yes,Ammar Al-Hussein,Ghada Al-Hussein,+966504225277,turki.alhussein865@parent.com,"81 Al-Nuzha Street, Jeddah"
,Olivia Smith,أوليفيا سميث,Female,2010-08-07,Yemen,Iqama,,2913348977,,Muslim,London,FRENCH,Grade 11,A,2024-25,866,Regular (Continuing),Online Mode,Regular,2024-09-01,Yes,Hamza Smith,Diya Smith,+966595893348,olivia.smith866@parent.com,"35 Al-Nuzha Street, Jeddah"
,Reem Al-Zahrani,ريم الزهراني,Female,2009-11-01,Saudi Arabia,National ID,1529131306,,,Muslim,Buraidah,FRENCH,Grade 12,A,2024-25,867,Regular (Continuing),Regular Mode,Regular,2022-09-01,Yes,Saud Al-Zahrani,Raghad Al-Zahrani,+966526447229,reem.alzahrani867@parent.com,"198 Al-Nuzha Street, Jeddah"
,Anvi Wang,أنفي وانج,Female,2020-06-13,Sudan,Iqama,,2063798218,,Muslim,Manila,FRENCH,KG1,A,2024-25,868,Regular (Continuing),Online Mode,Regular,2022-09-01,Yes,Hamza Wang,Zainab Wang,+966586558265,anvi.wang868@parent.com,"168 Al-Nuzha Street, Jeddah"
,Sultan Al-Yamani,سلطان اليماني,Male,2019-12-20,Saudi Arabia,National ID,1960929475,,,Muslim,Dammam,FRENCH,KG2,A,2024-25,869,Transfer,Regular Mode,Transfer,2023-09-01,Yes,Hatim Al-Yamani,Shaden Al-Yamani,+966597459613,sultan.alyamani869@parent.com,"208 Al-Nuzha Street, Jeddah"
,Ali Al-Tamimi,علي التميمي,Male,2020-11-02,Saudi Arabia,National ID,1879168008,,,Muslim,Buraidah,FRENCH,Grade 1,A,2024-25,870,Regular (Continuing),Regular Mode,Regular,2024-09-01,Yes,Ziyad Al-Tamimi,Lujain Al-Tamimi,+966553463320,ali.altamimi870@parent.com,"78 Al-Nuzha Street, Jeddah"
,Emma Habib,إيما حبيب,Female,2019-08-23,Sudan,Iqama,,2110941649,,Non-Muslim,Khartoum,FRENCH,Grade 2,A,2024-25,871,Transfer,Online Mode,Transfer,2024-09-01,Yes,John Habib,Maya Habib,+966570209573,emma.habib871@parent.com,"178 Al-Nuzha Street, Jeddah"
,Manal Al-Fayez,منال الفايز,Female,2018-07-10,Saudi Arabia,National ID,1965984476,,,Muslim,Mecca,FRENCH,Grade 3,A,2024-25,872,New Student,Regular Mode,New,2025-09-01,Yes,Nawaf Al-Fayez,Layla Al-Fayez,+966535200426,manal.alfayez872@parent.com,"67 Al-Nuzha Street, Jeddah"
,Abdullah Al-Sabah,عبدالله الصباح,Male,2017-07-14,Saudi Arabia,National ID,1232840330,,,Muslim,Mecca,FRENCH,Grade 4,A,2024-25,873,Regular (Continuing),Regular Mode,Regular,2025-09-01,Yes,Mohammed Al-Sabah,Shaden Al-Sabah,+966564232455,abdullah.alsabah873@parent.com,"232 Al-Nuzha Street, Jeddah"
,Aisha Khan,عائشة خان,Female,2016-06-24,Philippines,Passport,,,ME4593650,Muslim,Damascus,FRENCH,Grade 5,A,2024-25,874,Transfer,Seasonal Mode,Transfer,2022-09-01,Yes,John Khan,Sana Khan,+966564678336,aisha.khan874@parent.com,"154 Al-Nuzha Street, Jeddah"
,Shaden Al-Maliki,شادن المالكي,Female,2015-01-11,Saudi Arabia,National ID,1617148215,,,Muslim,Mecca,FRENCH,Grade 6,A,2024-25,875,Transfer,Regular Mode,Transfer,2023-09-01,Yes,Bader Al-Maliki,Salma Al-Maliki,+966578560844,shaden.almaliki875@parent.com,"56 Al-Nuzha Street, Jeddah"
,Adel Al-Saud,عادل آل سعود,Male,2014-10-01,Saudi Arabia,National ID,1799461617,,,Muslim,Mecca,FRENCH,Grade 7,A,2024-25,876,New Student,Seasonal Mode,New,2024-09-01,Yes,Yousef Al-Saud,Dana Al-Saud,+966597009640,adel.alsaud876@parent.com,"197 Al-Nuzha Street, Jeddah"
,Ziyad Al-Zahrani,زياد الزهراني,Male,2013-04-05,Saudi Arabia,National ID,1864324018,,,Muslim,Khobar,FRENCH,Grade 8,A,2024-25,877,Regular (Continuing),Seasonal Mode,Regular,2024-09-01,Yes,Ammar Al-Zahrani,Wafa Al-Zahrani,+966524653679,ziyad.alzahrani877@parent.com,"193 Al-Nuzha Street, Jeddah"
,Hamad Al-Sulami,حمد السلمي,Male,2012-01-15,Saudi Arabia,National ID,1121512424,,,Non-Muslim,Riyadh,FRENCH,Grade 9,A,2024-25,878,Transfer,Online Mode,Transfer,2025-09-01,Yes,Sultan Al-Sulami,Noura Al-Sulami,+966591447029,hamad.alsulami878@parent.com,"291 Al-Nuzha Street, Jeddah"
,Wafa Al-Shehri,وفاء الشهري,Female,2011-10-04,Saudi Arabia,National ID,1115463601,,,Muslim,Abha,FRENCH,Grade 10,A,2024-25,879,Regular (Continuing),Seasonal Mode,Regular,2025-09-01,Yes,Anas Al-Shehri,Raghad Al-Shehri,+966518035731,wafa.alshehri879@parent.com,"22 Al-Nuzha Street, Jeddah"
,Sana Chen,سناء تشين,Female,2010-10-07,Egypt,Iqama,,2142952005,,Muslim,New York,FRENCH,Grade 11,A,2024-25,880,Regular (Continuing),Online Mode,Regular,2023-09-01,Yes,Kabir Chen,Khadija Chen,+966519269412,sana.chen880@parent.com,"140 Al-Nuzha Street, Jeddah"
,Hatim Al-Fayez,حاتم الفايز,Male,2009-11-20,Saudi Arabia,National ID,1652660715,,,Non-Muslim,Abha,FRENCH,Grade 12,A,2024-25,881,New Student,Online Mode,New,2022-09-01,Yes,Bader Al-Fayez,Wafa Al-Fayez,+966541968494,hatim.alfayez881@parent.com,"167 Al-Nuzha Street, Jeddah"
,Diya Wang,ديا وانج,Female,2020-07-03,India,Passport,,,CF9691432,Muslim,London,FRENCH,KG1,A,2024-25,882,New Student,Regular Mode,New,2023-09-01,Yes,Tariq Wang,Emma Wang,+966579330647,diya.wang882@parent.com,"5 Al-Nuzha Street, Jeddah"
,Faisal Al-Sudais,فيصل السديس,Male,2019-09-08,Saudi Arabia,National ID,1912581932,,,Non-Muslim,Madinah,FRENCH,KG2,A,2024-25,883,Regular (Continuing),Online Mode,Regular,2022-09-01,Yes,Saif Al-Sudais,Aisha Al-Sudais,+966528432088,faisal.alsudais883@parent.com,"32 Al-Nuzha Street, Jeddah"
,Reem Al-Sabah,ريم الصباح,Female,2020-03-21,Saudi Arabia,National ID,1699226850,,,Muslim,Buraidah,FRENCH,Grade 1,A,2024-25,884,Regular (Continuing),Online Mode,Regular,2024-09-01,Yes,Saud Al-Sabah,Sara Al-Sabah,+966546910205,reem.alsabah884@parent.com,"235 Al-Nuzha Street, Jeddah"
,Naif Al-Anazi,نايف العنزي,Male,2019-09-04,Saudi Arabia,National ID,1677959277,,,Muslim,Jeddah,FRENCH,Grade 2,A,2024-25,885,Transfer,Seasonal Mode,Transfer,2024-09-01,Yes,Ammar Al-Anazi,Ghada Al-Anazi,+966560859091,naif.alanazi885@parent.com,"46 Al-Nuzha Street, Jeddah"
,Zain Chen,زين تشين,Male,2018-08-03,Jordan,Iqama,,2731697145,,Muslim,Cairo,FRENCH,Grade 3,A,2024-25,886,Transfer,Seasonal Mode,Transfer,2022-09-01,Yes,Rohan Chen,Mariam Chen,+966589305976,zain.chen886@parent.com,"140 Al-Nuzha Street, Jeddah"
,Zain Hussain,زين حسين,Male,2017-11-05,Philippines,Passport,,,LB7030976,Muslim,Mumbai,FRENCH,Grade 4,A,2024-25,887,Regular (Continuing),Seasonal Mode,Regular,2023-09-01,Yes,Zayn Hussain,Sadia Hussain,+966545253889,zain.hussain887@parent.com,"141 Al-Nuzha Street, Jeddah"
,Raed Al-Sulami,رائد السلمي,Male,2016-05-06,Saudi Arabia,National ID,1290929625,,,Muslim,Riyadh,FRENCH,Grade 5,A,2024-25,888,Regular (Continuing),Seasonal Mode,Regular,2022-09-01,Yes,Raed Al-Sulami,Wafa Al-Sulami,+966516584365,raed.alsulami888@parent.com,"53 Al-Nuzha Street, Jeddah"
,Renad Al-Sabah,رناد الصباح,Female,2015-07-09,Saudi Arabia,National ID,1431319056,,,Non-Muslim,Buraidah,FRENCH,Grade 6,A,2024-25,889,New Student,Online Mode,New,2023-09-01,Yes,Ali Al-Sabah,Sara Al-Sabah,+966583059759,renad.alsabah889@parent.com,"274 Al-Nuzha Street, Jeddah"
,Wafa Al-Tamimi,وفاء التميمي,Female,2014-05-27,Saudi Arabia,National ID,1108349153,,,Muslim,Tabuk,FRENCH,Grade 7,A,2024-25,890,Regular (Continuing),Seasonal Mode,Regular,2024-09-01,Yes,Majed Al-Tamimi,Amal Al-Tamimi,+966569867062,wafa.altamimi890@parent.com,"13 Al-Nuzha Street, Jeddah"
,Norah Al-Fayez,نورة الفايز,Female,2013-01-17,Saudi Arabia,National ID,1380983765,,,Muslim,Khobar,FRENCH,Grade 8,A,2024-25,891,New Student,Online Mode,New,2023-09-01,Yes,Abdullah Al-Fayez,Aljawhara Al-Fayez,+966589793917,norah.alfayez891@parent.com,"28 Al-Nuzha Street, Jeddah"
,Ziyad Al-Hussein,زياد الحسين,Male,2012-06-12,Saudi Arabia,National ID,1768540821,,,Muslim,Buraidah,FRENCH,Grade 9,A,2024-25,892,Transfer,Regular Mode,Transfer,2025-09-01,Yes,Waleed Al-Hussein,Latifa Al-Hussein,+966586696046,ziyad.alhussein892@parent.com,"125 Al-Nuzha Street, Jeddah"
,Mustafa Khan,مصطفى خان,Male,2011-11-23,United Kingdom,Iqama,,2350001459,,Muslim,New York,FRENCH,Grade 10,A,2024-25,893,New Student,Online Mode,New,2023-09-01,Yes,Yusuf Khan,Fatima Khan,+966552522897,mustafa.khan893@parent.com,"63 Al-Nuzha Street, Jeddah"
,Maya Malik,مايا مالك,Female,2010-10-07,United Kingdom,Passport,,,FG5378163,Muslim,Khartoum,FRENCH,Grade 11,A,2024-25,894,Regular (Continuing),Seasonal Mode,Regular,2024-09-01,Yes,Michael Malik,Emma Malik,+966522331175,maya.malik894@parent.com,"16 Al-Nuzha Street, Jeddah"
,Zain Siddiqui,زين صديقي,Male,2009-12-17,Bangladesh,Passport,,,LF8426716,Muslim,Manila,FRENCH,Grade 12,A,2024-25,895,Transfer,Seasonal Mode,Transfer,2025-09-01,Yes,Yusuf Siddiqui,Maya Siddiqui,+966559622078,zain.siddiqui895@parent.com,"99 Al-Nuzha Street, Jeddah"
,Emma Siddiqui,إيما صديقي,Female,2020-01-25,United Kingdom,Passport,,,GB3651867,Muslim,Mumbai,FRENCH,KG1,A,2024-25,896,Regular (Continuing),Regular Mode,Regular,2024-09-01,Yes,David Siddiqui,Anvi Siddiqui,+966501643021,emma.siddiqui896@parent.com,"43 Al-Nuzha Street, Jeddah"
,Raed Al-Fayez,رائد الفايز,Male,2019-05-22,Saudi Arabia,National ID,1970950758,,,Non-Muslim,Riyadh,FRENCH,KG2,A,2024-25,897,Transfer,Regular Mode,Transfer,2025-09-01,Yes,Yazeed Al-Fayez,Noura Al-Fayez,+966543330916,raed.alfayez897@parent.com,"30 Al-Nuzha Street, Jeddah"
,Bader Al-Hashemi,بدر الهاشمي,Male,2020-04-18,Saudi Arabia,National ID,1762805492,,,Non-Muslim,Buraidah,FRENCH,Grade 1,A,2024-25,898,Regular (Continuing),Seasonal Mode,Regular,2023-09-01,Yes,Raed Al-Hashemi,Noura Al-Hashemi,+966552459319,bader.alhashemi898@parent.com,"178 Al-Nuzha Street, Jeddah"
,Sofia Ibrahim,صوفيا إبراهيم,Female,2019-12-10,Bangladesh,Iqama,,2839776655,,Muslim,Cairo,FRENCH,Grade 2,A,2024-25,899,Transfer,Seasonal Mode,Transfer,2025-09-01,Yes,Zain Ibrahim,Zoe Ibrahim,+966552999367,sofia.ibrahim899@parent.com,"216 Al-Nuzha Street, Jeddah"
,Emma Brown,إيما براون,Female,2018-02-13,Indonesia,Iqama,,2805574866,,Muslim,Cairo,FRENCH,Grade 3,A,2024-25,900,Regular (Continuing),Seasonal Mode,Regular,2022-09-01,Yes,James Brown,Anika Brown,+966522207246,emma.brown900@parent.com,"129 Al-Nuzha Street, Jeddah"
,Faisal Al-Otaibi,فيصل العتيبي,Male,2017-01-26,Saudi Arabia,National ID,1921701811,,,Non-Muslim,Abha,FRENCH,Grade 4,A,2024-25,901,Regular (Continuing),Online Mode,Regular,2022-09-01,Yes,Majed Al-Otaibi,Manal Al-Otaibi,+966584444779,faisal.alotaibi901@parent.com,"124 Al-Nuzha Street, Jeddah"
,Abdullah Al-Saud,عبدالله آل سعود,Male,2016-03-26,Saudi Arabia,National ID,1321521871,,,Muslim,Buraidah,FRENCH,Grade 5,A,2024-25,902,Regular (Continuing),Online Mode,Regular,2025-09-01,Yes,Hassan Al-Saud,Aisha Al-Saud,+966596787761,abdullah.alsaud902@parent.com,"42 Al-Nuzha Street, Jeddah"
,Khalid Al-Rashid,خالد الراشد,Male,2015-12-06,Saudi Arabia,National ID,1827269636,,,Non-Muslim,Mecca,FRENCH,Grade 6,A,2024-25,903,Regular (Continuing),Regular Mode,Regular,2024-09-01,Yes,Yazeed Al-Rashid,Lujain Al-Rashid,+966514053921,khalid.alrashid903@parent.com,"239 Al-Nuzha Street, Jeddah"
,Saud Al-Otaibi,سعود العتيبي,Male,2014-10-07,Saudi Arabia,National ID,1906936749,,,Muslim,Dammam,FRENCH,Grade 7,A,2024-25,904,Regular (Continuing),Online Mode,Regular,2023-09-01,Yes,Talal Al-Otaibi,Salma Al-Otaibi,+966512542471,saud.alotaibi904@parent.com,"93 Al-Nuzha Street, Jeddah"
,Michael Sharma,مايكل شارما,Male,2013-10-04,Indonesia,Iqama,,2594566660,,Muslim,Sanaa,FRENCH,Grade 8,A,2024-25,905,Transfer,Seasonal Mode,Transfer,2024-09-01,Yes,Hamza Sharma,Mehek Sharma,+966535756995,michael.sharma905@parent.com,"300 Al-Nuzha Street, Jeddah"
,Nawaf Al-Maliki,نواف المالكي,Male,2012-10-12,Saudi Arabia,National ID,1934329275,,,Muslim,Khobar,FRENCH,Grade 9,A,2024-25,906,Regular (Continuing),Regular Mode,Regular,2022-09-01,Yes,Sultan Al-Maliki,Noura Al-Maliki,+966567358390,nawaf.almaliki906@parent.com,"143 Al-Nuzha Street, Jeddah"
,Aisha Al-Sulami,عائشة السلمي,Female,2011-06-20,Saudi Arabia,National ID,1832005949,,,Muslim,Jeddah,FRENCH,Grade 10,A,2024-25,907,New Student,Regular Mode,New,2022-09-01,Yes,Fahad Al-Sulami,Lujain Al-Sulami,+966515140198,aisha.alsulami907@parent.com,"103 Al-Nuzha Street, Jeddah"
,Latifa Al-Sudais,لطيفة السديس,Female,2010-10-02,Saudi Arabia,National ID,1518461014,,,Muslim,Mecca,FRENCH,Grade 11,A,2024-25,908,New Student,Regular Mode,New,2022-09-01,Yes,Ali Al-Sudais,Salma Al-Sudais,+966566288789,latifa.alsudais908@parent.com,"74 Al-Nuzha Street, Jeddah"
,Ammar Al-Zahrani,عمار الزهراني,Male,2009-11-12,Saudi Arabia,National ID,1693479739,,,Muslim,Riyadh,FRENCH,Grade 12,A,2024-25,909,Transfer,Online Mode,Transfer,2023-09-01,Yes,Bandar Al-Zahrani,Hanan Al-Zahrani,+966581948290,ammar.alzahrani909@parent.com,"143 Al-Nuzha Street, Jeddah"
,Imran Hussain,عمران حسين,Male,2020-10-06,Egypt,Passport,,,MB6256651,Muslim,Amman,FRENCH,KG1,A,2024-25,910,Transfer,Regular Mode,Transfer,2024-09-01,Yes,Ayaan Hussain,Mariam Hussain,+966544103117,imran.hussain910@parent.com,"107 Al-Nuzha Street, Jeddah"
,Bandar Al-Anazi,بندر العنزي,Male,2019-04-19,Saudi Arabia,National ID,1564376500,,,Muslim,Buraidah,FRENCH,KG2,A,2024-25,911,New Student,Seasonal Mode,New,2024-09-01,Yes,Yazeed Al-Anazi,Dana Al-Anazi,+966594113809,bandar.alanazi911@parent.com,"152 Al-Nuzha Street, Jeddah"
,Hanan Al-Hussein,حنان الحسين,Female,2020-12-05,Saudi Arabia,National ID,1591611192,,,Muslim,Tabuk,FRENCH,Grade 1,A,2024-25,912,New Student,Regular Mode,New,2025-09-01,Yes,Hatim Al-Hussein,Renad Al-Hussein,+966574908382,hanan.alhussein912@parent.com,"186 Al-Nuzha Street, Jeddah"
,Hamad Al-Saud,حمد آل سعود,Male,2019-12-15,Saudi Arabia,National ID,1109816147,,,Muslim,Riyadh,FRENCH,Grade 2,A,2024-25,913,Transfer,Regular Mode,Transfer,2024-09-01,Yes,Salman Al-Saud,Mariam Al-Saud,+966504761338,hamad.alsaud913@parent.com,"297 Al-Nuzha Street, Jeddah"
,Sana Ali,سناء علي,Female,2018-09-09,Pakistan,Iqama,,2992370589,,Muslim,Mumbai,FRENCH,Grade 3,A,2024-25,914,Regular (Continuing),Regular Mode,Regular,2024-09-01,Yes,Mustafa Ali,Anvi Ali,+966535326251,sana.ali914@parent.com,"88 Al-Nuzha Street, Jeddah"
,Aisha Al-Otaibi,عائشة العتيبي,Female,2017-02-12,Saudi Arabia,National ID,1080887766,,,Muslim,Dammam,FRENCH,Grade 4,A,2024-25,915,New Student,Regular Mode,New,2024-09-01,Yes,Waleed Al-Otaibi,Latifa Al-Otaibi,+966539510385,aisha.alotaibi915@parent.com,"46 Al-Nuzha Street, Jeddah"
,Asma Al-Tamimi,أسماء التميمي,Female,2016-06-12,Saudi Arabia,National ID,1077497309,,,Muslim,Mecca,FRENCH,Grade 5,A,2024-25,916,Regular (Continuing),Regular Mode,Regular,2022-09-01,Yes,Naif Al-Tamimi,Dana Al-Tamimi,+966581151419,asma.altamimi916@parent.com,"62 Al-Nuzha Street, Jeddah"
,Ghada Al-Qahtani,غادة القحطاني,Female,2015-08-21,Saudi Arabia,National ID,1661150778,,,Muslim,Tabuk,FRENCH,Grade 6,A,2024-25,917,Transfer,Regular Mode,Transfer,2025-09-01,Yes,Yousef Al-Qahtani,Layla Al-Qahtani,+966571633555,ghada.alqahtani917@parent.com,"143 Al-Nuzha Street, Jeddah"
,Khadija Ibrahim,خديجة إبراهيم,Female,2014-03-06,United Kingdom,Iqama,,2980490445,,Muslim,Cairo,FRENCH,Grade 7,A,2024-25,918,Transfer,Regular Mode,Transfer,2023-09-01,Yes,Daniel Ibrahim,Anvi Ibrahim,+966524271599,khadija.ibrahim918@parent.com,"74 Al-Nuzha Street, Jeddah"
,Khalid Al-Ghamdi,خالد الغامدي,Male,2013-07-07,Saudi Arabia,National ID,1955713525,,,Muslim,Jeddah,FRENCH,Grade 8,A,2024-25,919,New Student,Regular Mode,New,2025-09-01,Yes,Ziyad Al-Ghamdi,Reema Al-Ghamdi,+966578117389,khalid.alghamdi919@parent.com,"212 Al-Nuzha Street, Jeddah"
,Wafa Al-Qahtani,وفاء القحطاني,Female,2012-06-18,Saudi Arabia,National ID,1663335865,,,Muslim,Tabuk,FRENCH,Grade 9,A,2024-25,920,Regular (Continuing),Online Mode,Regular,2022-09-01,Yes,Naif Al-Qahtani,Aljawhara Al-Qahtani,+966509091166,wafa.alqahtani920@parent.com,"217 Al-Nuzha Street, Jeddah"
,Mariam Mansoor,مريم منصور,Female,2011-10-20,Jordan,Iqama,,2110116324,,Muslim,Amman,FRENCH,Grade 10,A,2024-25,921,New Student,Online Mode,New,2024-09-01,Yes,John Mansoor,Sophia Mansoor,+966528547986,mariam.mansoor921@parent.com,"112 Al-Nuzha Street, Jeddah"
,Ahmed Gupta,أحمد جوبتا,Male,2010-03-27,Philippines,Passport,,,JJ1389940,Muslim,Mumbai,FRENCH,Grade 11,A,2024-25,922,Regular (Continuing),Online Mode,Regular,2023-09-01,Yes,Vihaan Gupta,Mariam Gupta,+966567211474,ahmed.gupta922@parent.com,"140 Al-Nuzha Street, Jeddah"
,Adel Al-Zahrani,عادل الزهراني,Male,2009-07-24,Saudi Arabia,National ID,1090239338,,,Non-Muslim,Tabuk,FRENCH,Grade 12,A,2024-25,923,New Student,Seasonal Mode,New,2022-09-01,Yes,Sultan Al-Zahrani,Renad Al-Zahrani,+966596751738,adel.alzahrani923@parent.com,"39 Al-Nuzha Street, Jeddah"
,Omar Al-Dosari,عمر الدوسري,Male,2020-04-21,Saudi Arabia,National ID,1514640273,,,Non-Muslim,Buraidah,FRENCH,KG1,A,2024-25,924,Transfer,Seasonal Mode,Transfer,2024-09-01,Yes,Nawaf Al-Dosari,Aljawhara Al-Dosari,+966549299885,omar.aldosari924@parent.com,"282 Al-Nuzha Street, Jeddah"
,Fahad Al-Ghamdi,فهد الغامدي,Male,2019-04-18,Saudi Arabia,National ID,1446428768,,,Muslim,Riyadh,FRENCH,KG2,A,2024-25,925,Regular (Continuing),Seasonal Mode,Regular,2022-09-01,Yes,Naif Al-Ghamdi,Maha Al-Ghamdi,+966509843180,fahad.alghamdi925@parent.com,"38 Al-Nuzha Street, Jeddah"
,Layla Siddiqui,ليلى صديقي,Female,2020-06-22,Egypt,Passport,,,DE2732107,Non-Muslim,Khartoum,FRENCH,Grade 1,A,2024-25,926,New Student,Regular Mode,New,2022-09-01,Yes,Zain Siddiqui,Riya Siddiqui,+966554397126,layla.siddiqui926@parent.com,"86 Al-Nuzha Street, Jeddah"
,Hatim Al-Fayez,حاتم الفايز,Male,2019-09-08,Saudi Arabia,National ID,1047478989,,,Muslim,Jeddah,FRENCH,Grade 2,A,2024-25,927,New Student,Regular Mode,New,2022-09-01,Yes,Ammar Al-Fayez,Amal Al-Fayez,+966503924594,hatim.alfayez927@parent.com,"101 Al-Nuzha Street, Jeddah"
,Lujain Al-Hashemi,لجين الهاشمي,Female,2018-01-28,Saudi Arabia,National ID,1589726392,,,Non-Muslim,Buraidah,FRENCH,Grade 3,A,2024-25,928,Regular (Continuing),Seasonal Mode,Regular,2024-09-01,Yes,Saud Al-Hashemi,Aisha Al-Hashemi,+966576390542,lujain.alhashemi928@parent.com,"123 Al-Nuzha Street, Jeddah"
,Amal Al-Ghamdi,أمل الغامدي,Female,2017-01-17,Saudi Arabia,National ID,1233576316,,,Muslim,Buraidah,FRENCH,Grade 4,A,2024-25,929,Transfer,Seasonal Mode,Transfer,2022-09-01,Yes,Omar Al-Ghamdi,Layla Al-Ghamdi,+966510713025,amal.alghamdi929@parent.com,"176 Al-Nuzha Street, Jeddah"
,Ayaan Kumar,أيان كومار,Male,2016-11-08,Yemen,Iqama,,2018141088,,Muslim,Karachi,FRENCH,Grade 5,A,2024-25,930,Regular (Continuing),Seasonal Mode,Regular,2022-09-01,Yes,John Kumar,Zainab Kumar,+966518612971,ayaan.kumar930@parent.com,"56 Al-Nuzha Street, Jeddah"
,Aljawhara Al-Anazi,الجوهرة العنزي,Female,2015-05-25,Saudi Arabia,National ID,1363791776,,,Muslim,Madinah,FRENCH,Grade 6,A,2024-25,931,Regular (Continuing),Online Mode,Regular,2024-09-01,Yes,Salman Al-Anazi,Joud Al-Anazi,+966585773729,aljawhara.alanazi931@parent.com,"124 Al-Nuzha Street, Jeddah"
,Fatima Sharma,فاطمة شارما,Female,2014-05-14,Syria,Passport,,,NB4800866,Muslim,New York,FRENCH,Grade 7,A,2024-25,932,Regular (Continuing),Seasonal Mode,Regular,2022-09-01,Yes,Hamza Sharma,Anaya Sharma,+966541024627,fatima.sharma932@parent.com,"68 Al-Nuzha Street, Jeddah"
,Sophia Rahman,سوفيا رحمن,Female,2013-09-25,Jordan,Iqama,,2356833382,,Muslim,Karachi,FRENCH,Grade 8,A,2024-25,933,Regular (Continuing),Seasonal Mode,Regular,2024-09-01,Yes,Junaid Rahman,Riya Rahman,+966557775177,sophia.rahman933@parent.com,"48 Al-Nuzha Street, Jeddah"
,Yazeed Al-Shehri,يزيد الشهري,Male,2012-04-09,Saudi Arabia,National ID,1944291610,,,Muslim,Madinah,FRENCH,Grade 9,A,2024-25,934,New Student,Online Mode,New,2023-09-01,Yes,Omar Al-Shehri,Maha Al-Shehri,+966572296230,yazeed.alshehri934@parent.com,"247 Al-Nuzha Street, Jeddah"
,Fatima Al-Dosari,فاطمة الدوسري,Female,2011-03-08,Saudi Arabia,National ID,1571846585,,,Muslim,Dammam,FRENCH,Grade 10,A,2024-25,935,Regular (Continuing),Seasonal Mode,Regular,2025-09-01,Yes,Khalid Al-Dosari,Renad Al-Dosari,+966559354317,fatima.aldosari935@parent.com,"130 Al-Nuzha Street, Jeddah"
,Bader Al-Maliki,بدر المالكي,Male,2010-07-01,Saudi Arabia,National ID,1876250371,,,Muslim,Jeddah,FRENCH,Grade 11,A,2024-25,936,Regular (Continuing),Seasonal Mode,Regular,2023-09-01,Yes,Sultan Al-Maliki,Amal Al-Maliki,+966540091734,bader.almaliki936@parent.com,"151 Al-Nuzha Street, Jeddah"
,Nayla Smith,نايلة سميث,Female,2009-03-12,Philippines,Passport,,,MG3682451,Muslim,Jakarta,FRENCH,Grade 12,A,2024-25,937,Regular (Continuing),Regular Mode,Regular,2025-09-01,Yes,Kabir Smith,Anvi Smith,+966575423954,nayla.smith937@parent.com,"181 Al-Nuzha Street, Jeddah"
,Kabir Ali,كبير علي,Male,2020-09-04,Sudan,Iqama,,2796468247,,Muslim,London,FRENCH,KG1,A,2024-25,938,Regular (Continuing),Seasonal Mode,Regular,2025-09-01,Yes,Talha Ali,Sophia Ali,+966597521617,kabir.ali938@parent.com,"201 Al-Nuzha Street, Jeddah"
,Hamza Habib,حمزة حبيب,Male,2019-10-07,Syria,Iqama,,2574997883,,Muslim,Khartoum,FRENCH,KG2,A,2024-25,939,New Student,Online Mode,New,2023-09-01,Yes,Ayaan Habib,Layla Habib,+966593415512,hamza.habib939@parent.com,"44 Al-Nuzha Street, Jeddah"
,Anas Al-Yamani,أنس اليماني,Male,2020-11-01,Saudi Arabia,National ID,1658075873,,,Muslim,Madinah,FRENCH,Grade 1,A,2024-25,940,Regular (Continuing),Regular Mode,Regular,2024-09-01,Yes,Faisal Al-Yamani,Jana Al-Yamani,+966578852678,anas.alyamani940@parent.com,"239 Al-Nuzha Street, Jeddah"
,Vihaan Siddiqui,فيهان صديقي,Male,2019-07-12,Egypt,Iqama,,2835412310,,Non-Muslim,Mumbai,FRENCH,Grade 2,A,2024-25,941,Regular (Continuing),Online Mode,Regular,2025-09-01,Yes,Faris Siddiqui,Aisha Siddiqui,+966577246168,vihaan.siddiqui941@parent.com,"99 Al-Nuzha Street, Jeddah"
,Yazeed Al-Anazi,يزيد العنزي,Male,2018-04-27,Saudi Arabia,National ID,1047340607,,,Muslim,Buraidah,FRENCH,Grade 3,A,2024-25,942,Transfer,Seasonal Mode,Transfer,2022-09-01,Yes,Naif Al-Anazi,Hanan Al-Anazi,+966566668964,yazeed.alanazi942@parent.com,"136 Al-Nuzha Street, Jeddah"
,Mohammed Al-Sabah,محمد الصباح,Male,2017-03-14,Saudi Arabia,National ID,1436919556,,,Muslim,Dammam,FRENCH,Grade 4,A,2024-25,943,Regular (Continuing),Seasonal Mode,Regular,2024-09-01,Yes,Abdullah Al-Sabah,Mariam Al-Sabah,+966566943341,mohammed.alsabah943@parent.com,"5 Al-Nuzha Street, Jeddah"
,Aisha Hassan,عائشة حسن,Female,2016-11-18,Pakistan,Iqama,,2379931483,,Muslim,Damascus,FRENCH,Grade 5,A,2024-25,944,Regular (Continuing),Regular Mode,Regular,2024-09-01,Yes,Daniel Hassan,Maya Hassan,+966583246959,aisha.hassan944@parent.com,"89 Al-Nuzha Street, Jeddah"
,Joud Al-Dosari,جود الدوسري,Female,2015-07-08,Saudi Arabia,National ID,1582266857,,,Non-Muslim,Madinah,FRENCH,Grade 6,A,2024-25,945,Regular (Continuing),Regular Mode,Regular,2022-09-01,Yes,Saif Al-Dosari,Shaden Al-Dosari,+966590992116,joud.aldosari945@parent.com,"131 Al-Nuzha Street, Jeddah"
,Omar Al-Tamimi,عمر التميمي,Male,2014-10-10,Saudi Arabia,National ID,1881633666,,,Muslim,Khobar,FRENCH,Grade 7,A,2024-25,946,Regular (Continuing),Online Mode,Regular,2022-09-01,Yes,Sultan Al-Tamimi,Lama Al-Tamimi,+966509835271,omar.altamimi946@parent.com,"246 Al-Nuzha Street, Jeddah"
,Aljawhara Al-Rashid,الجوهرة الراشد,Female,2013-02-26,Saudi Arabia,National ID,1480444630,,,Muslim,Tabuk,FRENCH,Grade 8,A,2024-25,947,New Student,Regular Mode,New,2022-09-01,Yes,Yazeed Al-Rashid,Salma Al-Rashid,+966524940469,aljawhara.alrashid947@parent.com,"177 Al-Nuzha Street, Jeddah"
,Sadia Saleh,صادية صالح,Female,2012-10-21,Sudan,Iqama,,2512682234,,Muslim,New York,FRENCH,Grade 9,A,2024-25,948,New Student,Regular Mode,New,2023-09-01,Yes,Daniel Saleh,Zainab Saleh,+966564774253,sadia.saleh948@parent.com,"115 Al-Nuzha Street, Jeddah"
,Saif Al-Zahrani,سيف الزهراني,Male,2011-09-18,Saudi Arabia,National ID,1711888465,,,Muslim,Riyadh,FRENCH,Grade 10,A,2024-25,949,Transfer,Regular Mode,Transfer,2025-09-01,Yes,Saud Al-Zahrani,Ghada Al-Zahrani,+966502847232,saif.alzahrani949@parent.com,"174 Al-Nuzha Street, Jeddah"
,Kabir Shaikh,كبير شيخ,Male,2010-04-20,Yemen,Iqama,,2869890106,,Muslim,London,FRENCH,Grade 11,A,2024-25,950,Transfer,Regular Mode,Transfer,2023-09-01,Yes,Aryan Shaikh,Fatima Shaikh,+966533021609,kabir.shaikh950@parent.com,"156 Al-Nuzha Street, Jeddah"
,Yousef Al-Fayez,يوسف الفايز,Male,2009-02-11,Saudi Arabia,National ID,1194284620,,,Muslim,Abha,FRENCH,Grade 12,A,2024-25,951,Regular (Continuing),Online Mode,Regular,2022-09-01,Yes,Ibrahim Al-Fayez,Sara Al-Fayez,+966532408907,yousef.alfayez951@parent.com,"66 Al-Nuzha Street, Jeddah"
,Saif Al-Sudais,سيف السديس,Male,2020-06-02,Saudi Arabia,National ID,1702642086,,,Muslim,Buraidah,FRENCH,KG1,A,2024-25,952,Regular (Continuing),Online Mode,Regular,2023-09-01,Yes,Sultan Al-Sudais,Sara Al-Sudais,+966555560670,saif.alsudais952@parent.com,"263 Al-Nuzha Street, Jeddah"
,Maha Al-Hussein,مها الحسين,Female,2019-01-25,Saudi Arabia,National ID,1183815393,,,Non-Muslim,Riyadh,FRENCH,KG2,A,2024-25,953,Regular (Continuing),Online Mode,Regular,2025-09-01,Yes,Adel Al-Hussein,Aisha Al-Hussein,+966569605465,maha.alhussein953@parent.com,"97 Al-Nuzha Street, Jeddah"
,Joud Al-Sulami,جود السلمي,Female,2020-10-21,Saudi Arabia,National ID,1706336191,,,Muslim,Mecca,FRENCH,Grade 1,A,2024-25,954,Regular (Continuing),Regular Mode,Regular,2025-09-01,Yes,Hatim Al-Sulami,Norah Al-Sulami,+966507491292,joud.alsulami954@parent.com,"225 Al-Nuzha Street, Jeddah"
,Aisha Al-Qahtani,عائشة القحطاني,Female,2019-09-09,Saudi Arabia,National ID,1474754744,,,Muslim,Buraidah,FRENCH,Grade 2,A,2024-25,955,Transfer,Regular Mode,Transfer,2022-09-01,Yes,Abdullah Al-Qahtani,Hessa Al-Qahtani,+966587439683,aisha.alqahtani955@parent.com,"182 Al-Nuzha Street, Jeddah"
,Talal Al-Saud,طلال آل سعود,Male,2018-12-09,Saudi Arabia,National ID,1554576714,,,Non-Muslim,Riyadh,FRENCH,Grade 3,A,2024-25,956,Regular (Continuing),Online Mode,Regular,2022-09-01,Yes,Mohammed Al-Saud,Tala Al-Saud,+966514375728,talal.alsaud956@parent.com,"266 Al-Nuzha Street, Jeddah"
,Norah Al-Zahrani,نورة الزهراني,Female,2017-08-01,Saudi Arabia,National ID,1942366069,,,Muslim,Riyadh,FRENCH,Grade 4,A,2024-25,957,Regular (Continuing),Seasonal Mode,Regular,2023-09-01,Yes,Majed Al-Zahrani,Wafa Al-Zahrani,+966518129310,norah.alzahrani957@parent.com,"62 Al-Nuzha Street, Jeddah"
,Saanvi Malik,سانفي مالك,Female,2016-10-11,Bangladesh,Iqama,,2715242553,,Muslim,Jakarta,FRENCH,Grade 5,A,2024-25,958,Regular (Continuing),Regular Mode,Regular,2025-09-01,Yes,Tariq Malik,Layla Malik,+966557428669,saanvi.malik958@parent.com,"244 Al-Nuzha Street, Jeddah"
,Turki Al-Zahrani,تركي الزهراني,Male,2015-07-17,Saudi Arabia,National ID,1618605392,,,Muslim,Madinah,FRENCH,Grade 6,A,2024-25,959,Regular (Continuing),Online Mode,Regular,2022-09-01,Yes,Turki Al-Zahrani,Ghada Al-Zahrani,+966571961760,turki.alzahrani959@parent.com,"32 Al-Nuzha Street, Jeddah"
,Mehek Wang,مهك وانج,Female,2014-01-24,Syria,Iqama,,2536555297,,Muslim,Dhaka,FRENCH,Grade 7,A,2024-25,960,New Student,Online Mode,New,2025-09-01,Yes,Ayaan Wang,Anvi Wang,+966565249947,mehek.wang960@parent.com,"287 Al-Nuzha Street, Jeddah"
,Khadija Singh,خديجة سينغ,Female,2013-09-24,Yemen,Iqama,,2952215863,,Muslim,Karachi,FRENCH,Grade 8,A,2024-25,961,Regular (Continuing),Online Mode,Regular,2022-09-01,Yes,Zain Singh,Nour Singh,+966513721364,khadija.singh961@parent.com,"113 Al-Nuzha Street, Jeddah"
,Junaid Wang,جنيد وانج,Male,2012-12-28,Philippines,Iqama,,2754355724,,Muslim,London,FRENCH,Grade 9,A,2024-25,962,Regular (Continuing),Seasonal Mode,Regular,2025-09-01,Yes,Zain Wang,Aliya Wang,+966511332081,junaid.wang962@parent.com,"261 Al-Nuzha Street, Jeddah"
,Junaid Brown,جنيد براون,Male,2011-04-21,Syria,Iqama,,2030689989,,Non-Muslim,New York,FRENCH,Grade 10,A,2024-25,963,Transfer,Regular Mode,Transfer,2024-09-01,Yes,Mustafa Brown,Sofia Brown,+966560361082,junaid.brown963@parent.com,"268 Al-Nuzha Street, Jeddah"
,Salman Al-Mutairi,سلمان المطيري,Male,2010-05-12,Saudi Arabia,National ID,1090088762,,,Muslim,Riyadh,FRENCH,Grade 11,A,2024-25,964,New Student,Regular Mode,New,2022-09-01,Yes,Mohammed Al-Mutairi,Amal Al-Mutairi,+966558591584,salman.almutairi964@parent.com,"212 Al-Nuzha Street, Jeddah"
,Wafa Al-Rashid,وفاء الراشد,Female,2009-02-10,Saudi Arabia,National ID,1713661460,,,Muslim,Mecca,FRENCH,Grade 12,A,2024-25,965,Transfer,Seasonal Mode,Transfer,2023-09-01,Yes,Fahad Al-Rashid,Dana Al-Rashid,+966569902281,wafa.alrashid965@parent.com,"36 Al-Nuzha Street, Jeddah"
,Waleed Al-Maliki,وليد المالكي,Male,2020-09-10,Saudi Arabia,National ID,1358773307,,,Muslim,Tabuk,FRENCH,KG1,A,2024-25,966,Regular (Continuing),Seasonal Mode,Regular,2025-09-01,Yes,Khalid Al-Maliki,Asma Al-Maliki,+966590944310,waleed.almaliki966@parent.com,"123 Al-Nuzha Street, Jeddah"
,Vihaan Mahmood,فيهان محمود,Male,2019-07-16,Philippines,Iqama,,2836757106,,Muslim,Manila,FRENCH,KG2,A,2024-25,967,Regular (Continuing),Regular Mode,Regular,2024-09-01,Yes,Zain Mahmood,Mariam Mahmood,+966582929840,vihaan.mahmood967@parent.com,"50 Al-Nuzha Street, Jeddah"
,Khadija Kim,خديجة كيم,Female,2020-04-12,Jordan,Iqama,,2679241309,,Non-Muslim,Mumbai,FRENCH,Grade 1,A,2024-25,968,Regular (Continuing),Seasonal Mode,Regular,2023-09-01,Yes,Kabir Kim,Mehek Kim,+966517844880,khadija.kim968@parent.com,"50 Al-Nuzha Street, Jeddah"
,Adel Al-Maliki,عادل المالكي,Male,2019-04-16,Saudi Arabia,National ID,1658161705,,,Muslim,Mecca,FRENCH,Grade 2,A,2024-25,969,New Student,Online Mode,New,2025-09-01,Yes,Bandar Al-Maliki,Manal Al-Maliki,+966563710808,adel.almaliki969@parent.com,"66 Al-Nuzha Street, Jeddah"
,Turki Al-Otaibi,تركي العتيبي,Male,2018-01-19,Saudi Arabia,National ID,1312482483,,,Muslim,Khobar,FRENCH,Grade 3,A,2024-25,970,Transfer,Seasonal Mode,Transfer,2023-09-01,Yes,Hamad Al-Otaibi,Lama Al-Otaibi,+966596850865,turki.alotaibi970@parent.com,"146 Al-Nuzha Street, Jeddah"
,Ibrahim Al-Rashid,إبراهيم الراشد,Male,2017-04-16,Saudi Arabia,National ID,1882745876,,,Non-Muslim,Buraidah,FRENCH,Grade 4,A,2024-25,971,New Student,Seasonal Mode,New,2025-09-01,Yes,Hatim Al-Rashid,Layla Al-Rashid,+966562285739,ibrahim.alrashid971@parent.com,"266 Al-Nuzha Street, Jeddah"
,Renad Al-Mutairi,رناد المطيري,Female,2016-11-23,Saudi Arabia,National ID,1645805090,,,Muslim,Buraidah,FRENCH,Grade 5,A,2024-25,972,Regular (Continuing),Online Mode,Regular,2025-09-01,Yes,Fahad Al-Mutairi,Lama Al-Mutairi,+966587893490,renad.almutairi972@parent.com,"27 Al-Nuzha Street, Jeddah"
,Aljawhara Al-Zahrani,الجوهرة الزهراني,Female,2015-07-07,Saudi Arabia,National ID,1297393646,,,Muslim,Madinah,FRENCH,Grade 6,A,2024-25,973,New Student,Seasonal Mode,New,2024-09-01,Yes,Waleed Al-Zahrani,Dalal Al-Zahrani,+966538176465,aljawhara.alzahrani973@parent.com,"169 Al-Nuzha Street, Jeddah"
,Bader Al-Sabah,بدر الصباح,Male,2014-11-06,Saudi Arabia,National ID,1098665176,,,Muslim,Abha,FRENCH,Grade 7,A,2024-25,974,Transfer,Regular Mode,Transfer,2024-09-01,Yes,Nawaf Al-Sabah,Ghada Al-Sabah,+966506675730,bader.alsabah974@parent.com,"104 Al-Nuzha Street, Jeddah"
,Raed Al-Hussein,رائد الحسين,Male,2013-01-16,Saudi Arabia,National ID,1457849573,,,Non-Muslim,Abha,FRENCH,Grade 8,A,2024-25,975,Regular (Continuing),Online Mode,Regular,2022-09-01,Yes,Hassan Al-Hussein,Mariam Al-Hussein,+966515889751,raed.alhussein975@parent.com,"129 Al-Nuzha Street, Jeddah"
,Majed Al-Hashemi,ماجد الهاشمي,Male,2012-06-13,Saudi Arabia,National ID,1743808224,,,Non-Muslim,Riyadh,FRENCH,Grade 9,A,2024-25,976,Transfer,Online Mode,Transfer,2025-09-01,Yes,Fahad Al-Hashemi,Ghada Al-Hashemi,+966553861893,majed.alhashemi976@parent.com,"103 Al-Nuzha Street, Jeddah"
,Joud Al-Qahtani,جود القحطاني,Female,2011-04-06,Saudi Arabia,National ID,1108100678,,,Non-Muslim,Abha,FRENCH,Grade 10,A,2024-25,977,New Student,Online Mode,New,2025-09-01,Yes,Khalid Al-Qahtani,Jana Al-Qahtani,+966504449213,joud.alqahtani977@parent.com,"217 Al-Nuzha Street, Jeddah"
,Norah Al-Fayez,نورة الفايز,Female,2010-10-26,Saudi Arabia,National ID,1549672346,,,Muslim,Madinah,FRENCH,Grade 11,A,2024-25,978,Regular (Continuing),Seasonal Mode,Regular,2023-09-01,Yes,Fahad Al-Fayez,Aisha Al-Fayez,+966539550907,norah.alfayez978@parent.com,"146 Al-Nuzha Street, Jeddah"
,Mariam Al-Saud,مريم آل سعود,Female,2009-04-03,Saudi Arabia,National ID,1440993641,,,Muslim,Riyadh,FRENCH,Grade 12,A,2024-25,979,Regular (Continuing),Online Mode,Regular,2022-09-01,Yes,Ziyad Al-Saud,Dana Al-Saud,+966544403114,mariam.alsaud979@parent.com,"234 Al-Nuzha Street, Jeddah"
,Fahad Al-Hashemi,فهد الهاشمي,Male,2020-12-28,Saudi Arabia,National ID,1002757369,,,Non-Muslim,Madinah,FRENCH,KG1,A,2024-25,980,Transfer,Regular Mode,Transfer,2022-09-01,Yes,Ziyad Al-Hashemi,Salma Al-Hashemi,+966521290654,fahad.alhashemi980@parent.com,"195 Al-Nuzha Street, Jeddah"
,Adam Shaikh,آدم شيخ,Male,2019-10-17,Syria,Passport,,,NB9100741,Muslim,Mumbai,FRENCH,KG2,A,2024-25,981,Regular (Continuing),Regular Mode,Regular,2022-09-01,Yes,Yusuf Shaikh,Nayla Shaikh,+966537579940,adam.shaikh981@parent.com,"229 Al-Nuzha Street, Jeddah"
,Latifa Al-Otaibi,لطيفة العتيبي,Female,2020-10-09,Saudi Arabia,National ID,1221029449,,,Muslim,Jeddah,FRENCH,Grade 1,A,2024-25,982,New Student,Online Mode,New,2024-09-01,Yes,Salman Al-Otaibi,Norah Al-Otaibi,+966504117639,latifa.alotaibi982@parent.com,"281 Al-Nuzha Street, Jeddah"
,Anvi Khan,أنفي خان,Female,2019-01-05,Egypt,Iqama,,2907544019,,Muslim,Khartoum,FRENCH,Grade 2,A,2024-25,983,Regular (Continuing),Seasonal Mode,Regular,2022-09-01,Yes,David Khan,Sofia Khan,+966531986736,anvi.khan983@parent.com,"158 Al-Nuzha Street, Jeddah"
,Reem Al-Mutairi,ريم المطيري,Female,2018-07-21,Saudi Arabia,National ID,1661268748,,,Non-Muslim,Dammam,FRENCH,Grade 3,A,2024-25,984,Regular (Continuing),Regular Mode,Regular,2023-09-01,Yes,Abdullah Al-Mutairi,Lujain Al-Mutairi,+966529315144,reem.almutairi984@parent.com,"80 Al-Nuzha Street, Jeddah"
,Omar Al-Rashid,عمر الراشد,Male,2017-06-02,Saudi Arabia,National ID,1981687066,,,Muslim,Madinah,FRENCH,Grade 4,A,2024-25,985,New Student,Online Mode,New,2024-09-01,Yes,Adel Al-Rashid,Aljawhara Al-Rashid,+966567020045,omar.alrashid985@parent.com,"177 Al-Nuzha Street, Jeddah"
,Hessa Al-Ghamdi,حصة الغامدي,Female,2016-09-26,Saudi Arabia,National ID,1798997964,,,Muslim,Mecca,FRENCH,Grade 5,A,2024-25,986,New Student,Seasonal Mode,New,2023-09-01,Yes,Mohammed Al-Ghamdi,Asma Al-Ghamdi,+966504587175,hessa.alghamdi986@parent.com,"224 Al-Nuzha Street, Jeddah"
,Dana Al-Otaibi,دانا العتيبي,Female,2015-10-14,Saudi Arabia,National ID,1067382892,,,Muslim,Madinah,FRENCH,Grade 6,A,2024-25,987,New Student,Seasonal Mode,New,2024-09-01,Yes,Ammar Al-Otaibi,Fatima Al-Otaibi,+966580587022,dana.alotaibi987@parent.com,"230 Al-Nuzha Street, Jeddah"
,Faisal Al-Anazi,فيصل العنزي,Male,2014-02-27,Saudi Arabia,National ID,1066795260,,,Muslim,Abha,FRENCH,Grade 7,A,2024-25,988,New Student,Seasonal Mode,New,2025-09-01,Yes,Naif Al-Anazi,Renad Al-Anazi,+966531662284,faisal.alanazi988@parent.com,"139 Al-Nuzha Street, Jeddah"
,Bandar Al-Yamani,بندر اليماني,Male,2013-09-14,Saudi Arabia,National ID,1156948122,,,Muslim,Mecca,FRENCH,Grade 8,A,2024-25,989,Regular (Continuing),Online Mode,Regular,2023-09-01,Yes,Adel Al-Yamani,Mariam Al-Yamani,+966580732710,bandar.alyamani989@parent.com,"37 Al-Nuzha Street, Jeddah"
,Ammar Al-Qahtani,عمار القحطاني,Male,2012-08-17,Saudi Arabia,National ID,1733409958,,,Muslim,Abha,FRENCH,Grade 9,A,2024-25,990,New Student,Seasonal Mode,New,2024-09-01,Yes,Hatim Al-Qahtani,Raghad Al-Qahtani,+966533348834,ammar.alqahtani990@parent.com,"300 Al-Nuzha Street, Jeddah"
,Zainab Saleh,زينب صالح,Female,2011-03-23,Egypt,Passport,,,KF0762476,Muslim,Karachi,FRENCH,Grade 10,A,2024-25,991,New Student,Seasonal Mode,New,2025-09-01,Yes,Rohan Saleh,Zoe Saleh,+966520395024,zainab.saleh991@parent.com,"55 Al-Nuzha Street, Jeddah"
,Majed Al-Qahtani,ماجد القحطاني,Male,2010-03-14,Saudi Arabia,National ID,1535743474,,,Muslim,Khobar,FRENCH,Grade 11,A,2024-25,992,New Student,Online Mode,New,2022-09-01,Yes,Ali Al-Qahtani,Lama Al-Qahtani,+966507910886,majed.alqahtani992@parent.com,"198 Al-Nuzha Street, Jeddah"
,Lama Al-Dosari,لمى الدوسري,Female,2009-04-03,Saudi Arabia,National ID,1601287668,,,Muslim,Tabuk,FRENCH,Grade 12,A,2024-25,993,Transfer,Seasonal Mode,Transfer,2023-09-01,Yes,Saud Al-Dosari,Fatima Al-Dosari,+966557294220,lama.aldosari993@parent.com,"59 Al-Nuzha Street, Jeddah"
,Daniel Sharma,دانيال شارما,Male,2020-11-13,India,Iqama,,2342813678,,Muslim,Cairo,FRENCH,KG1,A,2024-25,994,New Student,Regular Mode,New,2023-09-01,Yes,Kabir Sharma,Riya Sharma,+966510919075,daniel.sharma994@parent.com,"232 Al-Nuzha Street, Jeddah"
,Shaden Al-Qahtani,شادن القحطاني,Female,2019-07-22,Saudi Arabia,National ID,1931210801,,,Muslim,Khobar,FRENCH,KG2,A,2024-25,995,Transfer,Online Mode,Transfer,2025-09-01,Yes,Saif Al-Qahtani,Wafa Al-Qahtani,+966511998193,shaden.alqahtani995@parent.com,"118 Al-Nuzha Street, Jeddah"
,Riya Brown,ريا براون,Female,2020-10-07,United States,Iqama,,2184324891,,Muslim,Amman,FRENCH,Grade 1,A,2024-25,996,Regular (Continuing),Regular Mode,Regular,2025-09-01,Yes,Zayn Brown,Saanvi Brown,+966573833682,riya.brown996@parent.com,"184 Al-Nuzha Street, Jeddah"
,Layla Kumar,ليلى كومار,Female,2019-06-02,Pakistan,Iqama,,2304230933,,Muslim,New York,FRENCH,Grade 2,A,2024-25,997,Regular (Continuing),Seasonal Mode,Regular,2023-09-01,Yes,Imran Kumar,Anvi Kumar,+966532844198,layla.kumar997@parent.com,"269 Al-Nuzha Street, Jeddah"
,Dana Al-Anazi,دانا العنزي,Female,2018-08-09,Saudi Arabia,National ID,1815254522,,,Muslim,Abha,FRENCH,Grade 3,A,2024-25,998,Regular (Continuing),Regular Mode,Regular,2022-09-01,Yes,Salman Al-Anazi,Mariam Al-Anazi,+966503619486,dana.alanazi998@parent.com,"116 Al-Nuzha Street, Jeddah"
,Manal Al-Harbi,منال الحربي,Female,2017-06-13,Saudi Arabia,National ID,1861392277,,,Muslim,Jeddah,FRENCH,Grade 4,A,2024-25,999,Regular (Continuing),Regular Mode,Regular,2023-09-01,Yes,Bader Al-Harbi,Ghada Al-Harbi,+966541649261,manal.alharbi999@parent.com,"288 Al-Nuzha Street, Jeddah"
,Reem Al-Mutairi,ريم المطيري,Female,2016-06-06,Saudi Arabia,National ID,1163255101,,,Muslim,Abha,FRENCH,Grade 5,A,2024-25,1000,New Student,Seasonal Mode,New,2022-09-01,Yes,Saud Al-Mutairi,Hanan Al-Mutairi,+966524385469,reem.almutairi1000@parent.com,"217 Al-Nuzha Street, Jeddah"
